{"decisions": {"1 -> 2": 1.0, "1 -> 10": 0.0, "1 -> 8": -0.0, "1 -> 7": -0.0, "1 -> 4": -0.0, "1 -> 9": -0.0, "1 -> 5": -0.0, "1 -> 3": -0.0, "1 -> 6": 0.0, "2 -> 3": 1.0, "2 -> 4": 0.0, "2 -> 7": -0.0, "2 -> 9": -0.0, "2 -> 8": -0.0, "2 -> 10": -0.0, "3 -> 4": 1.0000000000000004, "3 -> 2": -0.0, "3 -> 1": -0.0, "3 -> 7": -0.0, "3 -> 10": -0.0, "3 -> 9": -0.0, "4 -> 5": 1.0, "4 -> 3": -0.0, "4 -> 10": -0.0, "4 -> 8": -0.0, "4 -> 7": -0.0, "4 -> 2": -0.0, "4 -> 6": -0.0, "5 -> 6": 1.0, "5 -> 2": 0.0, "5 -> 8": 0.0, "5 -> 3": 0.0, "5 -> 10": -0.0, "6 -> 7": 1.0, "6 -> 10": -0.0, "6 -> 8": -0.0, "6 -> 1": -0.0, "6 -> 3": -0.0, "7 -> 8": 0.9999999999999997, "7 -> 1": 0.0, "7 -> 9": -0.0, "7 -> 2": 0.0, "7 -> 3": -0.0, "8 -> 9": 1.0, "8 -> 3": -0.0, "8 -> 7": -0.0, "8 -> 2": -0.0, "8 -> 6": -0.0, "8 -> 4": -0.0, "8 -> 5": 1.0, "8 -> 1": -0.0, "9 -> 10": 1.0, "9 -> 6": 0.0, "9 -> 2": -0.0, "9 -> 7": -0.0, "9 -> 3": -0.0, "10 -> 1": 1.0, "10 -> 6": -0.0, "10 -> 4": -0.0, "10 -> 9": -0.0}, "decision_costs": {"1 -> 2": 601.0, "1 -> 10": 247.0, "1 -> 8": 379.0, "1 -> 7": 373.0, "1 -> 4": 247.0, "1 -> 9": 415.0, "1 -> 5": 421.0, "1 -> 3": 517.0, "1 -> 6": 79.0, "2 -> 3": 601.0, "2 -> 4": 445.0, "2 -> 7": 343.0, "2 -> 9": 181.0, "2 -> 8": 367.0, "2 -> 10": 517.0, "3 -> 4": 601.0, "3 -> 2": 559.0, "3 -> 1": 145.0, "3 -> 7": 241.0, "3 -> 10": 523.0, "3 -> 9": 73.0, "4 -> 5": 601.0, "4 -> 3": 109.0, "4 -> 10": 325.0, "4 -> 8": 295.0, "4 -> 7": 541.0, "4 -> 2": 433.0, "4 -> 6": 481.0, "5 -> 6": 601.0, "5 -> 2": 127.0, "5 -> 8": 541.0, "5 -> 3": 529.0, "5 -> 10": 583.0, "6 -> 7": 601.0, "6 -> 10": 307.0, "6 -> 8": 397.0, "6 -> 1": 91.0, "6 -> 3": 175.0, "7 -> 8": 601.0, "7 -> 1": 289.0, "7 -> 9": 577.0, "7 -> 2": 91.0, "7 -> 3": 361.0, "8 -> 9": 601.0, "8 -> 3": 343.0, "8 -> 7": 361.0, "8 -> 2": 259.0, "8 -> 6": 343.0, "8 -> 4": 229.0, "8 -> 5": 289.0, "8 -> 1": 247.0, "9 -> 10": 601.0, "9 -> 6": 301.0, "9 -> 2": 493.0, "9 -> 7": 217.0, "9 -> 3": 409.0, "10 -> 1": 601.0, "10 -> 6": 379.0, "10 -> 4": 541.0, "10 -> 9": 199.0}, "bounds": [-1e+100, 0.0, 2324.0, 4633.0, 4743.0, 4745.0, 4791.0, 5382.0, 5382.0, 5382.0, 5382.0, 5557.0, 5557.0, 5557.0, 5557.0, 5557.0, 5611.0, 5611.0, 5611.0, 5611.0, 5611.0, 5611.0, 5611.0, 5611.0, 5611.0, 5819.0, 5819.0, 5819.0, 5819.0, 5819.0, 5861.0, 6107.0], "objectives": [11206.0, 22944.0, 7564.0, 7075.0, 7065.0, 7132.0, 7227.0, 7305.0, 7221.0, 7023.0, 6726.0, 6684.0, 6672.0, 6010.0, 6600.0, 6598.0, 6450.0, 6546.0, 6546.0, 6528.0, 6299.0, 6516.0, 6505.0, 6469.0, 6432.0, 6390.0, 6444.0, 6390.0, 6378.0, 6311.0, 6299.0, 6299.0], "run_times": [0.0, 0.83, 0.56, 1.04, 5.14, 28.54, 1.2, 6.51, 18.9, 9.55, 0.51, 4.05, 16.52, 11.3, 13.36, 15.75, 28.07, 29.03, 24.21, 14.33, 16.11, 15.93, 13.93, 16.26, 13.28, 14.59, 14.74, 13.37, 14.42, 14.06, 17.26, 16.22], "is_optimal": true}
