{"decisions": {"1 -> 2": -0.0, "1 -> 10": -0.0, "1 -> 8": -0.0, "1 -> 7": -0.0, "1 -> 4": -0.0, "1 -> 9": -0.0, "1 -> 5": -0.0, "1 -> 3": -0.0, "1 -> 6": 0.0, "2 -> 3": -0.0, "2 -> 4": -0.0, "2 -> 7": -0.0, "2 -> 9": -0.0, "2 -> 8": -0.0, "2 -> 10": -0.0, "2 -> 1": -0.0, "2 -> 5": -0.0, "2 -> 6": -0.0, "3 -> 4": -0.0, "3 -> 2": 1.0, "3 -> 1": 1.0, "3 -> 7": 0.0, "3 -> 10": -0.0, "3 -> 9": 1.0, "3 -> 8": -0.0, "4 -> 5": 1.0, "4 -> 3": 1.0, "4 -> 10": -0.0, "4 -> 8": -0.0, "4 -> 7": -0.0, "4 -> 2": -0.0, "4 -> 6": -0.0, "4 -> 1": -0.0, "4 -> 9": -0.0, "5 -> 6": 1.0, "5 -> 2": -0.0, "5 -> 8": -0.0, "5 -> 3": 1.0, "5 -> 10": -0.0, "5 -> 1": -0.0, "6 -> 7": 1.0, "6 -> 10": -0.0, "6 -> 8": -0.0, "6 -> 1": 1.0000000000000002, "6 -> 3": 0.0, "6 -> 5": -0.0, "6 -> 4": 1.0000000000000002, "7 -> 8": 1.0, "7 -> 1": -0.0, "7 -> 9": -0.0, "7 -> 2": 1.0, "7 -> 3": 0.0, "7 -> 10": -0.0, "7 -> 5": -0.0, "7 -> 4": -0.0, "7 -> 6": -0.0, "8 -> 9": 1.0, "8 -> 3": -0.0, "8 -> 7": -0.0, "8 -> 2": 0.0, "8 -> 6": -0.0, "8 -> 4": -0.0, "8 -> 5": 1.0, "8 -> 1": 1.0, "8 -> 10": -0.0, "9 -> 10": -0.0, "9 -> 6": 1.0, "9 -> 2": -0.0, "9 -> 7": -0.0, "9 -> 3": -0.0, "9 -> 8": -0.0, "9 -> 5": -0.0, "9 -> 4": 1.0, "10 -> 1": -0.0, "10 -> 6": -0.0, "10 -> 4": -0.0, "10 -> 9": 1.0, "10 -> 7": -0.0, "10 -> 5": -0.0, "10 -> 8": 0.0, "10 -> 2": -0.0, "10 -> 3": 1.0}, "decision_costs": {"1 -> 2": 6010.0, "1 -> 10": 2464.0, "1 -> 8": 3786.0, "1 -> 7": 3726.0, "1 -> 4": 2464.0, "1 -> 9": 4147.0, "1 -> 5": 4207.0, "1 -> 3": 5169.0, "1 -> 6": 782.0, "2 -> 3": 6010.0, "2 -> 4": 4447.0, "2 -> 7": 3426.0, "2 -> 9": 1803.0, "2 -> 8": 3666.0, "2 -> 10": 5169.0, "2 -> 1": 5529.0, "2 -> 5": 4207.0, "2 -> 6": 1563.0, "3 -> 4": 6010.0, "3 -> 2": 5589.0, "3 -> 1": 1443.0, "3 -> 7": 2404.0, "3 -> 10": 5229.0, "3 -> 9": 722.0, "3 -> 8": 4027.0, "4 -> 5": 6010.0, "4 -> 3": 1082.0, "4 -> 10": 3246.0, "4 -> 8": 2945.0, "4 -> 7": 5409.0, "4 -> 2": 4327.0, "4 -> 6": 4808.0, "4 -> 1": 3606.0, "4 -> 9": 5349.0, "5 -> 6": 6010.0, "5 -> 2": 1262.0, "5 -> 8": 5409.0, "5 -> 3": 5289.0, "5 -> 10": 5830.0, "5 -> 1": 5108.0, "6 -> 7": 6010.0, "6 -> 10": 3065.0, "6 -> 8": 3967.0, "6 -> 1": 902.0, "6 -> 3": 1743.0, "6 -> 5": 3666.0, "6 -> 4": 1743.0, "7 -> 8": 6010.0, "7 -> 1": 2885.0, "7 -> 9": 5770.0, "7 -> 2": 902.0, "7 -> 3": 3606.0, "7 -> 10": 902.0, "7 -> 5": 842.0, "7 -> 4": 4988.0, "7 -> 6": 2705.0, "8 -> 9": 6010.0, "8 -> 3": 3426.0, "8 -> 7": 3606.0, "8 -> 2": 2585.0, "8 -> 6": 3426.0, "8 -> 4": 2284.0, "8 -> 5": 2885.0, "8 -> 1": 2464.0, "8 -> 10": 3125.0, "9 -> 10": 6010.0, "9 -> 6": 3005.0, "9 -> 2": 4928.0, "9 -> 7": 2164.0, "9 -> 3": 4087.0, "9 -> 8": 4207.0, "9 -> 5": 3546.0, "9 -> 4": 962.0, "10 -> 1": 6010.0, "10 -> 6": 3786.0, "10 -> 4": 5409.0, "10 -> 9": 1984.0, "10 -> 7": 4207.0, "10 -> 5": 4327.0, "10 -> 8": 1082.0, "10 -> 2": 4447.0, "10 -> 3": 3065.0}, "bounds": [-1e+100, 0.0, 21535.0, 21535.0, 28990.0, 28990.0, 31414.0, 31414.0, 39461.02, 40800.0, 40930.0, 41100.0, 41100.0, 41100.0, 42309.0, 42879.0, 42909.0, 42909.0, 42909.0, 42909.0, 42909.0, 42909.0, 42909.0, 42909.0, 43466.0, 43466.0, 43466.0, 43466.0, 43466.0, 45721.0, 46522.0, 46522.0, 47241.0, 47646.0, 47758.0, 47758.0, 50362.0, 50362.0, 50362.0, 50362.0, 50362.0, 50362.0, 50362.0, 50362.0, 50362.0, 50362.0, 50362.0, 50362.0, 50362.0, 55457.0, 55457.0, 55457.0, 56984.0, 57146.0, 58337.0, 58514.01, 58885.0], "objectives": [85404.0, 302432.0, 65272.0, 208014.0, 89975.0, 86729.0, 80719.0, 85949.0, 54937.0, 82162.0, 65693.0, 84206.0, 69840.0, 81982.0, 83243.0, 82941.0, 85768.0, 70142.0, 82041.0, 63590.0, 80119.0, 83301.0, 86490.0, 85706.0, 69600.0, 78915.0, 70019.0, 69299.0, 68818.0, 66173.0, 69600.0, 68697.0, 67795.0, 66233.0, 63588.0, 66053.0, 64249.0, 63229.0, 63168.0, 59865.0, 62686.0, 61185.0, 64191.0, 63529.0, 63951.0, 63528.0, 62626.0, 61904.0, 62565.0, 60826.0, 62269.0, 62565.0, 62390.0, 62087.0, 62508.0, 62087.0, 61727.0], "run_times": [0.0, 0.27, 0.22, 0.42, 0.34, 0.28, 0.21, 0.24, 3.15, 14.19, 4.62, 11.83, 5.65, 0.42, 0.39, 0.35, 3.36, 18.5, 11.85, 10.6, 10.36, 11.58, 12.15, 6.25, 15.28, 16.93, 0.39, 4.01, 31.12, 1.18, 1.01, 0.23, 0.74, 0.6, 0.78, 0.2, 76.24, 0.35, 0.86, 0.51, 0.39, 0.44, 0.25, 0.34, 0.35, 0.32, 0.42, 85.19, 0.58, 159.27, 0.65, 0.43, 123.77, 37.97, 268.74, 74.83, 146.23], "is_optimal": true}
