{"decisions": {"1 -> 2": -0.0, "1 -> 10": 0.0, "1 -> 8": -0.0, "1 -> 7": -0.0, "1 -> 4": 0.0, "1 -> 9": -0.0, "1 -> 5": -0.0, "1 -> 3": -0.0, "1 -> 6": 0.0, "2 -> 3": -0.0, "2 -> 4": -0.0, "2 -> 7": -0.0, "2 -> 9": -0.0, "2 -> 8": -0.0, "2 -> 10": -0.0, "2 -> 1": -0.0, "2 -> 5": -0.0, "2 -> 6": -0.0, "3 -> 4": -0.0, "3 -> 2": 1.0000000000000002, "3 -> 1": 1.0, "3 -> 7": 0.0, "3 -> 10": -0.0, "3 -> 9": 0.9999999999999998, "3 -> 8": -0.0, "4 -> 5": 1.0, "4 -> 3": 1.0, "4 -> 10": -0.0, "4 -> 8": -0.0, "4 -> 7": -0.0, "4 -> 2": -0.0, "4 -> 6": -0.0, "4 -> 1": -0.0, "4 -> 9": -0.0, "5 -> 6": 1.0, "5 -> 2": 0.0, "5 -> 8": 0.0, "5 -> 3": 1.0, "5 -> 10": -0.0, "5 -> 1": -0.0, "6 -> 7": 1.0, "6 -> 10": -0.0, "6 -> 8": -0.0, "6 -> 1": 1.0, "6 -> 3": -0.0, "6 -> 5": -0.0, "6 -> 4": 1.0, "7 -> 8": 1.0, "7 -> 1": -0.0, "7 -> 9": -0.0, "7 -> 2": 1.0, "7 -> 3": -0.0, "7 -> 10": -0.0, "7 -> 5": -0.0, "7 -> 4": -0.0, "7 -> 6": -0.0, "8 -> 9": 1.0, "8 -> 3": -0.0, "8 -> 7": -0.0, "8 -> 2": -0.0, "8 -> 6": -0.0, "8 -> 4": 0.0, "8 -> 5": 1.0, "8 -> 1": 1.0, "8 -> 10": -0.0, "9 -> 10": -0.0, "9 -> 6": 1.0, "9 -> 2": -0.0, "9 -> 7": -0.0, "9 -> 3": -0.0, "9 -> 8": -0.0, "9 -> 5": -0.0, "9 -> 4": 1.0, "10 -> 1": -0.0, "10 -> 6": -0.0, "10 -> 4": -0.0, "10 -> 9": 1.0, "10 -> 7": -0.0, "10 -> 5": -0.0, "10 -> 8": 0.0, "10 -> 2": -0.0, "10 -> 3": 1.0}, "decision_costs": {"1 -> 2": 3005.0, "1 -> 10": 1232.0, "1 -> 8": 1893.0, "1 -> 7": 1863.0, "1 -> 4": 1232.0, "1 -> 9": 2074.0, "1 -> 5": 2104.0, "1 -> 3": 2585.0, "1 -> 6": 391.0, "2 -> 3": 3005.0, "2 -> 4": 2224.0, "2 -> 7": 1713.0, "2 -> 9": 902.0, "2 -> 8": 1833.0, "2 -> 10": 2585.0, "2 -> 1": 2765.0, "2 -> 5": 2104.0, "2 -> 6": 782.0, "3 -> 4": 3005.0, "3 -> 2": 2795.0, "3 -> 1": 722.0, "3 -> 7": 1202.0, "3 -> 10": 2615.0, "3 -> 9": 361.0, "3 -> 8": 2014.0, "4 -> 5": 3005.0, "4 -> 3": 541.0, "4 -> 10": 1623.0, "4 -> 8": 1473.0, "4 -> 7": 2705.0, "4 -> 2": 2164.0, "4 -> 6": 2404.0, "4 -> 1": 1803.0, "4 -> 9": 2675.0, "5 -> 6": 3005.0, "5 -> 2": 631.0, "5 -> 8": 2705.0, "5 -> 3": 2645.0, "5 -> 10": 2915.0, "5 -> 1": 2554.0, "6 -> 7": 3005.0, "6 -> 10": 1533.0, "6 -> 8": 1984.0, "6 -> 1": 451.0, "6 -> 3": 872.0, "6 -> 5": 1833.0, "6 -> 4": 872.0, "7 -> 8": 3005.0, "7 -> 1": 1443.0, "7 -> 9": 2885.0, "7 -> 2": 451.0, "7 -> 3": 1803.0, "7 -> 10": 451.0, "7 -> 5": 421.0, "7 -> 4": 2494.0, "7 -> 6": 1353.0, "8 -> 9": 3005.0, "8 -> 3": 1713.0, "8 -> 7": 1803.0, "8 -> 2": 1293.0, "8 -> 6": 1713.0, "8 -> 4": 1142.0, "8 -> 5": 1443.0, "8 -> 1": 1232.0, "8 -> 10": 1563.0, "9 -> 10": 3005.0, "9 -> 6": 1503.0, "9 -> 2": 2464.0, "9 -> 7": 1082.0, "9 -> 3": 2044.0, "9 -> 8": 2104.0, "9 -> 5": 1773.0, "9 -> 4": 481.0, "10 -> 1": 3005.0, "10 -> 6": 1893.0, "10 -> 4": 2705.0, "10 -> 9": 992.0, "10 -> 7": 2104.0, "10 -> 5": 2164.0, "10 -> 8": 541.0, "10 -> 2": 2224.0, "10 -> 3": 1533.0}, "bounds": [-1e+100, 0.0, 10768.0, 10768.0, 14496.01, 14496.01, 16020.0, 16774.0, 17239.0, 19440.0, 20514.0, 20514.0, 20514.0, 20711.0, 20749.0, 20749.0, 21048.0, 21048.0, 21048.0, 21048.0, 21048.0, 21048.0, 21048.0, 21048.0, 21048.0, 21048.0, 21048.0, 21048.0, 21048.0, 21048.0, 21048.0, 21048.0, 21048.0, 22152.0, 23129.0, 23495.0, 23495.0, 23803.0, 23900.0, 23994.0, 24921.0, 24921.0, 25159.0, 25167.0, 25172.02, 25172.02, 25172.02, 25172.02, 25172.02, 25172.02, 25172.02, 25172.02, 25172.02, 25172.02, 25172.02, 25172.02, 25228.0, 25228.0, 25701.02, 25701.02, 25701.02, 25701.02, 26180.0, 26180.0, 26180.0, 26180.0, 28516.0, 28516.0, 28804.0, 28928.0, 28964.0, 29077.0, 30004.0], "objectives": [42707.0, 151234.0, 32637.0, 104021.0, 44990.0, 43367.0, 43278.0, 36575.0, 42496.0, 42348.0, 40274.0, 34714.0, 31678.0, 41505.0, 35856.0, 36907.0, 39491.0, 37961.0, 32158.0, 38499.0, 35283.0, 42196.0, 40667.0, 40962.0, 37903.0, 38743.0, 37780.0, 37688.0, 36035.0, 39010.0, 37747.0, 32729.0, 34441.0, 36698.0, 36635.0, 35914.0, 35494.0, 35433.0, 32908.0, 33420.0, 35282.0, 30862.0, 34593.0, 34469.0, 33988.0, 32880.0, 33513.0, 33989.0, 34289.0, 34199.0, 33929.0, 33899.0, 33569.0, 32697.0, 32341.0, 32670.0, 31710.0, 32490.0, 32400.0, 32130.0, 31919.0, 31649.0, 31438.0, 30415.0, 31047.0, 31138.0, 31313.0, 31253.0, 31283.0, 31259.0, 31258.0, 31047.0, 30836.0], "run_times": [0.0, 0.26, 0.23, 0.43, 0.33, 0.3, 0.22, 0.25, 0.23, 2.99, 6.96, 11.59, 6.26, 0.51, 2.52, 11.02, 8.5, 19.4, 10.94, 12.34, 11.65, 6.78, 9.58, 12.96, 16.29, 13.79, 8.7, 30.07, 0.69, 0.19, 0.52, 0.14, 0.22, 0.69, 0.83, 0.74, 0.2, 0.82, 0.82, 1.05, 21.84, 11.97, 4.49, 0.31, 41.46, 7.14, 19.57, 11.3, 13.45, 5.94, 5.23, 4.58, 0.19, 10.71, 4.88, 11.41, 2.15, 21.44, 11.56, 4.98, 13.12, 9.23, 31.36, 48.89, 0.88, 0.33, 216.2, 12.9, 92.09, 50.26, 10.71, 72.9, 1111.7], "is_optimal": true}
