{"decisions": {"1 -> 2": -0.0, "1 -> 10": -0.0, "1 -> 8": -0.0, "1 -> 7": -0.0, "1 -> 4": -0.0, "1 -> 9": -0.0, "1 -> 5": -0.0, "1 -> 3": -0.0, "1 -> 6": -0.0, "2 -> 3": -0.0, "2 -> 4": -0.0, "2 -> 7": -0.0, "2 -> 9": -0.0, "2 -> 8": -0.0, "2 -> 10": -0.0, "2 -> 1": -0.0, "2 -> 5": -0.0, "2 -> 6": -0.0, "3 -> 4": -0.0, "3 -> 2": 1.0, "3 -> 1": 1.0, "3 -> 7": 0.0, "3 -> 10": -0.0, "3 -> 9": 1.0, "3 -> 8": -0.0, "4 -> 5": 1.0, "4 -> 3": 1.0, "4 -> 10": -0.0, "4 -> 8": -0.0, "4 -> 7": -0.0, "4 -> 2": -0.0, "4 -> 6": -0.0, "4 -> 1": -0.0, "4 -> 9": -0.0, "5 -> 6": 1.0, "5 -> 2": -0.0, "5 -> 8": -0.0, "5 -> 3": 1.0, "5 -> 10": -0.0, "5 -> 1": -0.0, "6 -> 7": 1.0, "6 -> 10": -0.0, "6 -> 8": -0.0, "6 -> 1": 1.0, "6 -> 3": 0.0, "6 -> 5": -0.0, "6 -> 4": 1.0000000000000016, "7 -> 8": 1.0, "7 -> 1": 0.0, "7 -> 9": -0.0, "7 -> 2": 1.0, "7 -> 3": -0.0, "7 -> 10": 0.0, "7 -> 5": -0.0, "7 -> 4": -0.0, "7 -> 6": -0.0, "8 -> 9": 1.0, "8 -> 3": -0.0, "8 -> 7": -0.0, "8 -> 2": -0.0, "8 -> 6": -0.0, "8 -> 4": -0.0, "8 -> 5": 1.0, "8 -> 1": 1.0, "8 -> 10": -0.0, "9 -> 10": -0.0, "9 -> 6": 1.0, "9 -> 2": -0.0, "9 -> 7": 5.775456741205215e-15, "9 -> 3": 0.0, "9 -> 8": -0.0, "9 -> 5": -0.0, "9 -> 4": 1.0, "10 -> 1": -0.0, "10 -> 6": -0.0, "10 -> 4": -0.0, "10 -> 9": 1.0, "10 -> 7": -0.0, "10 -> 5": -0.0, "10 -> 8": 0.0, "10 -> 2": 0.0, "10 -> 3": 1.0}, "decision_costs": {"1 -> 2": 6010.0, "1 -> 10": 2464.0, "1 -> 8": 3786.0, "1 -> 7": 3726.0, "1 -> 4": 2464.0, "1 -> 9": 4147.0, "1 -> 5": 4207.0, "1 -> 3": 5169.0, "1 -> 6": 782.0, "2 -> 3": 6010.0, "2 -> 4": 4447.0, "2 -> 7": 3426.0, "2 -> 9": 1803.0, "2 -> 8": 3666.0, "2 -> 10": 5169.0, "2 -> 1": 5529.0, "2 -> 5": 4207.0, "2 -> 6": 1563.0, "3 -> 4": 6010.0, "3 -> 2": 5589.0, "3 -> 1": 1443.0, "3 -> 7": 2404.0, "3 -> 10": 5229.0, "3 -> 9": 722.0, "3 -> 8": 4027.0, "4 -> 5": 6010.0, "4 -> 3": 1082.0, "4 -> 10": 3246.0, "4 -> 8": 2945.0, "4 -> 7": 5409.0, "4 -> 2": 4327.0, "4 -> 6": 4808.0, "4 -> 1": 3606.0, "4 -> 9": 5349.0, "5 -> 6": 6010.0, "5 -> 2": 1262.0, "5 -> 8": 5409.0, "5 -> 3": 5289.0, "5 -> 10": 5830.0, "5 -> 1": 5108.0, "6 -> 7": 6010.0, "6 -> 10": 3065.0, "6 -> 8": 3967.0, "6 -> 1": 902.0, "6 -> 3": 1743.0, "6 -> 5": 3666.0, "6 -> 4": 1743.0, "7 -> 8": 6010.0, "7 -> 1": 2885.0, "7 -> 9": 5770.0, "7 -> 2": 902.0, "7 -> 3": 3606.0, "7 -> 10": 902.0, "7 -> 5": 842.0, "7 -> 4": 4988.0, "7 -> 6": 2705.0, "8 -> 9": 6010.0, "8 -> 3": 3426.0, "8 -> 7": 3606.0, "8 -> 2": 2585.0, "8 -> 6": 3426.0, "8 -> 4": 2284.0, "8 -> 5": 2885.0, "8 -> 1": 2464.0, "8 -> 10": 3125.0, "9 -> 10": 6010.0, "9 -> 6": 3005.0, "9 -> 2": 4928.0, "9 -> 7": 2164.0, "9 -> 3": 4087.0, "9 -> 8": 4207.0, "9 -> 5": 3546.0, "9 -> 4": 962.0, "10 -> 1": 6010.0, "10 -> 6": 3786.0, "10 -> 4": 5409.0, "10 -> 9": 1984.0, "10 -> 7": 4207.0, "10 -> 5": 4327.0, "10 -> 8": 1082.0, "10 -> 2": 4447.0, "10 -> 3": 3065.0}, "bounds": [-1e+100, 0.0, 22475.0, 22475.0, 22475.0, 30273.0, 30273.0, 32922.0, 32922.0, 39947.0, 42334.0, 42334.0, 42357.02, 42357.02, 42357.02, 42541.0, 42541.0, 42542.0, 43350.0, 43350.0, 43350.0, 43350.0, 43350.0, 43350.0, 43367.0, 43367.0, 43367.0, 43367.0, 43367.0, 43367.0, 43367.0, 43367.0, 43367.0, 43367.0, 43367.0, 43367.0, 43367.0, 43367.0, 43367.0, 43367.0, 43367.0, 43367.0, 43367.0, 43367.0, 43367.0, 43367.0, 43367.0, 43367.0, 43367.0, 43367.0, 43367.0, 43367.0, 43367.0, 43367.0, 43367.0, 43367.0, 43367.0, 43684.0, 45481.0, 45481.0, 45481.0, 45481.0, 45481.0, 45481.0, 45481.0, 45481.0, 45481.0, 47878.0, 48197.0, 48573.0, 51345.0, 51345.0, 51345.0, 51345.0, 51345.0, 51345.0, 51345.0, 51345.0, 51345.0, 51345.0, 51345.0, 51345.0, 52293.0, 52293.0, 54202.0, 58393.0, 58393.0, 60006.0, 60006.0], "objectives": [106797.0, 302432.0, 65272.0, 230129.0, 234095.0, 98149.0, 97848.0, 92738.0, 91959.0, 84746.0, 85887.0, 92079.0, 90335.0, 87511.0, 74047.0, 82222.0, 63050.0, 88954.0, 84927.0, 74769.0, 79758.0, 67376.0, 61969.0, 71583.0, 72426.0, 69960.0, 72123.0, 77895.0, 79458.0, 79157.0, 66955.0, 64734.0, 74289.0, 74409.0, 69842.0, 71884.0, 66054.0, 77834.0, 73446.0, 71164.0, 62026.0, 77775.0, 77233.0, 78254.0, 73928.0, 78856.0, 76513.0, 73808.0, 73448.0, 76875.0, 77772.0, 71823.0, 72544.0, 72125.0, 66176.0, 72543.0, 69180.0, 71886.0, 68157.0, 72425.0, 72366.0, 68880.0, 70740.0, 65514.0, 70504.0, 70621.0, 69840.0, 68878.0, 69719.0, 62207.0, 64188.0, 69782.0, 65153.0, 65692.0, 65212.0, 63711.0, 68459.0, 68938.0, 68156.0, 67495.0, 63709.0, 62927.0, 62869.0, 62087.0, 61667.0, 61546.0, 61846.0, 62084.0, 61608.0], "run_times": [0.0, 0.07, 0.07, 0.11, 0.07, 0.07, 0.08, 0.06, 0.05, 3.08, 2.97, 2.31, 2.52, 3.07, 3.17, 3.68, 3.03, 3.25, 4.84, 3.45, 3.0, 4.83, 3.86, 3.72, 3.51, 3.47, 1.98, 0.86, 3.8, 8.83, 1.18, 2.18, 3.6, 3.84, 3.37, 2.82, 3.3, 2.97, 1.25, 0.12, 0.12, 1.1, 2.74, 3.36, 2.72, 2.63, 3.57, 3.9, 3.21, 3.76, 3.59, 3.25, 2.99, 3.11, 2.87, 1.54, 3.33, 5.23, 3.76, 3.78, 2.25, 3.17, 2.77, 4.36, 4.1, 12.65, 0.4, 0.8, 0.37, 0.49, 11.73, 14.75, 2.94, 2.72, 3.19, 2.15, 1.36, 0.58, 3.74, 2.53, 2.38, 3.3, 3.73, 1.91, 9.47, 5.88, 16.63, 2.63, 3.0], "is_optimal": true}
