{"decisions": {"1 -> 2": -0.0, "1 -> 10": -0.0, "1 -> 8": -0.0, "1 -> 7": -0.0, "1 -> 4": -0.0, "1 -> 9": -0.0, "1 -> 5": -0.0, "1 -> 3": -0.0, "1 -> 6": 0.0, "2 -> 3": -0.0, "2 -> 4": -0.0, "2 -> 7": -0.0, "2 -> 9": -0.0, "2 -> 8": -0.0, "2 -> 10": -0.0, "2 -> 1": -0.0, "2 -> 5": -0.0, "2 -> 6": -0.0, "3 -> 4": -0.0, "3 -> 2": 1.0, "3 -> 1": 0.9999999999999983, "3 -> 7": 0.0, "3 -> 10": -0.0, "3 -> 9": 1.0, "3 -> 8": -0.0, "4 -> 5": 1.0, "4 -> 3": 1.0000000000000018, "4 -> 10": -0.0, "4 -> 8": -0.0, "4 -> 7": -0.0, "4 -> 2": -0.0, "4 -> 6": -0.0, "4 -> 1": -0.0, "4 -> 9": -0.0, "5 -> 6": 1.0, "5 -> 2": 0.0, "5 -> 8": 0.0, "5 -> 3": 1.0, "5 -> 10": -0.0, "5 -> 1": -0.0, "6 -> 7": 1.0, "6 -> 10": -0.0, "6 -> 8": -0.0, "6 -> 1": 0.999999999999999, "6 -> 3": -0.0, "6 -> 5": -0.0, "6 -> 4": 1.0, "7 -> 8": 1.0, "7 -> 1": -0.0, "7 -> 9": -0.0, "7 -> 2": 1.0000000000000002, "7 -> 3": -0.0, "7 -> 10": 0.0, "7 -> 5": -0.0, "7 -> 4": -0.0, "7 -> 6": -0.0, "8 -> 9": 1.0, "8 -> 3": 0.0, "8 -> 7": -0.0, "8 -> 2": -0.0, "8 -> 6": -0.0, "8 -> 4": -0.0, "8 -> 5": 1.0, "8 -> 1": 1.0000000000000016, "8 -> 10": -0.0, "9 -> 10": -0.0, "9 -> 6": 1.0, "9 -> 2": -0.0, "9 -> 7": 0.0, "9 -> 3": -0.0, "9 -> 8": -0.0, "9 -> 5": -0.0, "9 -> 4": 1.0, "10 -> 1": -0.0, "10 -> 6": -0.0, "10 -> 4": -0.0, "10 -> 9": 1.0, "10 -> 7": -0.0, "10 -> 5": -0.0, "10 -> 8": -0.0, "10 -> 2": -0.0, "10 -> 3": 1.0}, "decision_costs": {"1 -> 2": 6010.0, "1 -> 10": 2464.0, "1 -> 8": 3786.0, "1 -> 7": 3726.0, "1 -> 4": 2464.0, "1 -> 9": 4147.0, "1 -> 5": 4207.0, "1 -> 3": 5169.0, "1 -> 6": 782.0, "2 -> 3": 6010.0, "2 -> 4": 4447.0, "2 -> 7": 3426.0, "2 -> 9": 1803.0, "2 -> 8": 3666.0, "2 -> 10": 5169.0, "2 -> 1": 5529.0, "2 -> 5": 4207.0, "2 -> 6": 1563.0, "3 -> 4": 6010.0, "3 -> 2": 5589.0, "3 -> 1": 1443.0, "3 -> 7": 2404.0, "3 -> 10": 5229.0, "3 -> 9": 722.0, "3 -> 8": 4027.0, "4 -> 5": 6010.0, "4 -> 3": 1082.0, "4 -> 10": 3246.0, "4 -> 8": 2945.0, "4 -> 7": 5409.0, "4 -> 2": 4327.0, "4 -> 6": 4808.0, "4 -> 1": 3606.0, "4 -> 9": 5349.0, "5 -> 6": 6010.0, "5 -> 2": 1262.0, "5 -> 8": 5409.0, "5 -> 3": 5289.0, "5 -> 10": 5830.0, "5 -> 1": 5108.0, "6 -> 7": 6010.0, "6 -> 10": 3065.0, "6 -> 8": 3967.0, "6 -> 1": 902.0, "6 -> 3": 1743.0, "6 -> 5": 3666.0, "6 -> 4": 1743.0, "7 -> 8": 6010.0, "7 -> 1": 2885.0, "7 -> 9": 5770.0, "7 -> 2": 902.0, "7 -> 3": 3606.0, "7 -> 10": 902.0, "7 -> 5": 842.0, "7 -> 4": 4988.0, "7 -> 6": 2705.0, "8 -> 9": 6010.0, "8 -> 3": 3426.0, "8 -> 7": 3606.0, "8 -> 2": 2585.0, "8 -> 6": 3426.0, "8 -> 4": 2284.0, "8 -> 5": 2885.0, "8 -> 1": 2464.0, "8 -> 10": 3125.0, "9 -> 10": 6010.0, "9 -> 6": 3005.0, "9 -> 2": 4928.0, "9 -> 7": 2164.0, "9 -> 3": 4087.0, "9 -> 8": 4207.0, "9 -> 5": 3546.0, "9 -> 4": 962.0, "10 -> 1": 6010.0, "10 -> 6": 3786.0, "10 -> 4": 5409.0, "10 -> 9": 1984.0, "10 -> 7": 4207.0, "10 -> 5": 4327.0, "10 -> 8": 1082.0, "10 -> 2": 4447.0, "10 -> 3": 3065.0}, "bounds": [-1e+100, -1e+100, -1e+100, 0.0, 0.0, 32191.0, 32191.0, 32191.0, 32191.0, 41585.0, 44581.0, 47386.03, 47386.03, 47692.0, 49492.0, 49492.0, 49492.0, 49492.0, 49492.0, 49492.0, 49492.0, 49492.0, 49492.0, 49492.0, 49492.0, 49492.0, 49492.0, 49492.0, 49492.0, 49492.0, 49492.0, 49492.0, 50502.0, 50502.0, 50502.0, 50502.0, 50502.0, 50502.0, 50502.0, 50502.0, 50502.0, 50502.0, 50502.0, 50502.0, 50502.0, 50502.0, 50502.0, 50502.0, 50502.0, 50502.0, 50502.0, 50502.0, 50502.0, 50502.0, 50502.0, 50502.0, 51741.0, 53111.0, 53111.0, 53111.0, 53111.0, 53111.0, 53111.0, 53798.0, 53798.0, 53798.0, 55065.0, 55065.0, 56508.0], "objectives": [83782.0, 83782.0, 80236.0, 97065.0, 81618.0, 62749.0, 68759.0, 59205.0, 59565.0, 59442.0, 113471.0, 89973.0, 60104.0, 65933.0, 76151.0, 63892.0, 61066.0, 67978.0, 67856.0, 72785.0, 80539.0, 76752.0, 76934.0, 75850.0, 76992.0, 69720.0, 63468.0, 70924.0, 62024.0, 60826.0, 72906.0, 71160.0, 76272.0, 84145.0, 64251.0, 70560.0, 64852.0, 74887.0, 89734.0, 74466.0, 75308.0, 74710.0, 66775.0, 74109.0, 73508.0, 72787.0, 74048.0, 67917.0, 68214.0, 68576.0, 64790.0, 62927.0, 64551.0, 61784.0, 63588.0, 64429.0, 64249.0, 63827.0, 63467.0, 62927.0, 62565.0, 61727.0, 62626.0, 61667.0, 62869.0, 62810.0, 62689.0, 62809.0, 62087.0], "run_times": [0.0, 0.07, 0.05, 0.09, 0.12, 0.13, 0.14, 0.07, 0.14, 0.16, 0.2, 0.3, 0.12, 0.17, 5.68, 3.85, 3.93, 3.68, 3.7, 2.67, 1.35, 4.21, 3.46, 4.73, 3.65, 3.26, 4.54, 3.81, 5.16, 4.97, 3.3, 2.69, 3.48, 3.36, 2.67, 3.52, 3.14, 2.26, 2.81, 3.31, 2.87, 1.26, 2.61, 2.7, 3.31, 2.23, 2.06, 2.41, 3.39, 2.57, 1.36, 14.0, 2.86, 0.29, 0.09, 0.05, 9.86, 25.95, 0.15, 0.15, 0.15, 0.19, 0.32, 13.09, 2.62, 2.06, 6.26, 3.06, 3.83], "is_optimal": true}
