{"decisions": {"1 -> 2": -0.0, "1 -> 10": -0.0, "1 -> 8": -0.0, "1 -> 7": -0.0, "1 -> 4": 0.0, "1 -> 9": -0.0, "1 -> 5": -0.0, "1 -> 3": -0.0, "1 -> 6": -0.0, "2 -> 3": -0.0, "2 -> 4": -0.0, "2 -> 7": -0.0, "2 -> 9": 0.0, "2 -> 8": -0.0, "2 -> 10": -0.0, "2 -> 1": -0.0, "2 -> 5": -0.0, "2 -> 6": -0.0, "3 -> 4": -0.0, "3 -> 2": 1.0, "3 -> 1": 0.9999999999999998, "3 -> 7": -0.0, "3 -> 10": -0.0, "3 -> 9": 1.0, "3 -> 8": -0.0, "4 -> 5": 1.0, "4 -> 3": 1.0, "4 -> 10": -0.0, "4 -> 8": -0.0, "4 -> 7": -0.0, "4 -> 2": -0.0, "4 -> 6": -0.0, "4 -> 1": -0.0, "4 -> 9": -0.0, "5 -> 6": 1.0, "5 -> 2": -0.0, "5 -> 8": 0.0, "5 -> 3": 1.0, "5 -> 10": -0.0, "5 -> 1": 0.0, "6 -> 7": 1.0, "6 -> 10": -0.0, "6 -> 8": -0.0, "6 -> 1": 1.0, "6 -> 3": 0.0, "6 -> 5": -0.0, "6 -> 4": 1.0, "7 -> 8": 1.0, "7 -> 1": -0.0, "7 -> 9": -0.0, "7 -> 2": 1.0, "7 -> 3": 0.0, "7 -> 10": -0.0, "7 -> 5": -0.0, "7 -> 4": -0.0, "7 -> 6": -0.0, "8 -> 9": 1.0, "8 -> 3": -0.0, "8 -> 7": -0.0, "8 -> 2": -0.0, "8 -> 6": -0.0, "8 -> 4": -0.0, "8 -> 5": 1.0, "8 -> 1": 1.0, "8 -> 10": -0.0, "9 -> 10": -0.0, "9 -> 6": 1.0, "9 -> 2": -0.0, "9 -> 7": -0.0, "9 -> 3": -0.0, "9 -> 8": -0.0, "9 -> 5": -0.0, "9 -> 4": 1.0, "10 -> 1": -0.0, "10 -> 6": -0.0, "10 -> 4": -0.0, "10 -> 9": 1.0, "10 -> 7": -0.0, "10 -> 5": -0.0, "10 -> 8": -0.0, "10 -> 2": 0.0, "10 -> 3": 0.9999999999999998}, "decision_costs": {"1 -> 2": 3005.0, "1 -> 10": 1232.0, "1 -> 8": 1893.0, "1 -> 7": 1863.0, "1 -> 4": 1232.0, "1 -> 9": 2074.0, "1 -> 5": 2104.0, "1 -> 3": 2585.0, "1 -> 6": 391.0, "2 -> 3": 3005.0, "2 -> 4": 2224.0, "2 -> 7": 1713.0, "2 -> 9": 902.0, "2 -> 8": 1833.0, "2 -> 10": 2585.0, "2 -> 1": 2765.0, "2 -> 5": 2104.0, "2 -> 6": 782.0, "3 -> 4": 3005.0, "3 -> 2": 2795.0, "3 -> 1": 722.0, "3 -> 7": 1202.0, "3 -> 10": 2615.0, "3 -> 9": 361.0, "3 -> 8": 2014.0, "4 -> 5": 3005.0, "4 -> 3": 541.0, "4 -> 10": 1623.0, "4 -> 8": 1473.0, "4 -> 7": 2705.0, "4 -> 2": 2164.0, "4 -> 6": 2404.0, "4 -> 1": 1803.0, "4 -> 9": 2675.0, "5 -> 6": 3005.0, "5 -> 2": 631.0, "5 -> 8": 2705.0, "5 -> 3": 2645.0, "5 -> 10": 2915.0, "5 -> 1": 2554.0, "6 -> 7": 3005.0, "6 -> 10": 1533.0, "6 -> 8": 1984.0, "6 -> 1": 451.0, "6 -> 3": 872.0, "6 -> 5": 1833.0, "6 -> 4": 872.0, "7 -> 8": 3005.0, "7 -> 1": 1443.0, "7 -> 9": 2885.0, "7 -> 2": 451.0, "7 -> 3": 1803.0, "7 -> 10": 451.0, "7 -> 5": 421.0, "7 -> 4": 2494.0, "7 -> 6": 1353.0, "8 -> 9": 3005.0, "8 -> 3": 1713.0, "8 -> 7": 1803.0, "8 -> 2": 1293.0, "8 -> 6": 1713.0, "8 -> 4": 1142.0, "8 -> 5": 1443.0, "8 -> 1": 1232.0, "8 -> 10": 1563.0, "9 -> 10": 3005.0, "9 -> 6": 1503.0, "9 -> 2": 2464.0, "9 -> 7": 1082.0, "9 -> 3": 2044.0, "9 -> 8": 2104.0, "9 -> 5": 1773.0, "9 -> 4": 481.0, "10 -> 1": 3005.0, "10 -> 6": 1893.0, "10 -> 4": 2705.0, "10 -> 9": 992.0, "10 -> 7": 2104.0, "10 -> 5": 2164.0, "10 -> 8": 541.0, "10 -> 2": 2224.0, "10 -> 3": 1533.0}, "bounds": [-1e+100, -1e+100, -1e+100, 0.0, 0.0, 0.0, 0.0, 16740.0, 16740.0, 16740.0, 16740.0, 21163.0, 21163.0, 22964.0, 23635.0, 24323.0, 24323.0, 24323.0, 24323.0, 24538.0, 24538.0, 24608.0, 26170.0, 26170.0, 26170.0, 26170.0, 26170.0, 26170.0, 26170.0, 26170.0, 26170.0, 26170.0, 26170.0, 26170.0, 26170.0, 26359.0, 26359.0, 26359.0, 26359.0, 26359.0, 26359.0, 26359.0, 26359.0, 26359.0, 26359.0, 26359.0, 26359.0, 26359.0, 26359.0, 26359.0, 26359.0, 26359.0, 26359.0, 26359.0, 26359.0, 26359.0, 26359.0, 26359.0, 26359.0, 26359.0, 26359.0, 26578.0, 26578.0, 26578.0, 27900.0, 27900.0, 27900.0, 27900.0, 27900.0, 27900.0, 27900.0, 29956.0, 29956.0, 30188.0, 30222.02], "objectives": [45412.0, 45412.0, 45290.0, 46826.0, 43337.0, 76067.0, 59835.0, 28823.0, 27684.0, 28524.0, 31529.0, 36064.0, 31828.0, 36727.0, 39191.0, 49018.0, 33780.0, 35313.0, 38499.0, 46706.0, 31829.0, 33602.0, 31197.0, 29302.0, 36338.0, 37478.0, 39101.0, 31347.0, 33242.0, 32190.0, 36727.0, 33721.0, 35464.0, 33511.0, 33422.0, 39615.0, 37026.0, 36636.0, 31110.0, 37240.0, 38621.0, 37540.0, 38203.0, 40663.0, 34442.0, 37720.0, 37056.0, 36550.0, 42017.0, 38022.0, 43398.0, 36065.0, 40604.0, 31979.0, 35016.0, 39196.0, 33450.0, 37991.0, 34019.0, 30050.0, 32126.0, 30804.0, 31465.0, 31313.0, 30686.0, 31374.0, 31409.0, 31403.0, 31318.0, 31317.0, 30386.0, 31138.0, 31106.0, 31047.0, 31017.0], "run_times": [0.0, 0.03, 0.02, 0.04, 0.06, 0.04, 0.05, 0.06, 0.06, 0.05, 0.06, 0.09, 0.06, 0.1, 0.12, 0.09, 0.05, 0.07, 0.04, 0.06, 0.05, 0.12, 3.91, 1.83, 2.25, 2.53, 2.08, 1.89, 2.2, 2.66, 2.06, 2.03, 1.56, 2.24, 1.89, 1.99, 2.29, 1.86, 1.51, 1.43, 1.37, 2.42, 1.78, 1.8, 1.93, 1.49, 1.21, 1.44, 1.52, 1.51, 1.35, 1.5, 2.09, 1.84, 1.72, 1.77, 1.91, 2.53, 1.8, 2.04, 1.19, 11.3, 13.02, 1.47, 1.43, 1.7, 2.01, 1.57, 2.57, 1.44, 0.89, 1.37, 0.89, 1.1, 0.59], "is_optimal": true}
