{"decisions": {"1 -> 7": -0.0, "1 -> 9": 0.0, "1 -> 3": -0.0, "1 -> 6": 1.0, "1 -> 10": 1.0, "1 -> 8": -0.0, "2 -> 3": 0.9999999999999978, "2 -> 1": -0.0, "2 -> 7": 1.0, "3 -> 5": -0.0, "3 -> 4": -0.0, "3 -> 6": -0.0, "3 -> 9": -0.0, "3 -> 1": -0.0, "3 -> 8": 1.0, "3 -> 7": -0.0, "3 -> 2": 1.0, "4 -> 7": -0.0, "4 -> 10": 0.0, "4 -> 3": 1.0, "4 -> 6": 1.0, "4 -> 5": -0.0, "5 -> 1": 1.0, "5 -> 7": 0.0, "5 -> 9": 1.0000000000000002, "5 -> 2": -0.0, "5 -> 6": -0.0, "6 -> 1": 1.0, "6 -> 8": -0.0, "6 -> 9": 0.0, "6 -> 10": -0.0, "6 -> 4": 1.0, "7 -> 10": 1.0000000000000022, "7 -> 1": 1.0, "7 -> 9": -0.0, "8 -> 5": 1.0, "8 -> 7": 1.0, "8 -> 4": 1.0, "8 -> 3": -0.0, "9 -> 1": -0.0, "9 -> 6": -0.0, "9 -> 7": -0.0, "9 -> 10": -0.0, "9 -> 3": 1.0, "10 -> 4": 0.0, "10 -> 6": 0.0, "10 -> 8": 1.0, "10 -> 9": -0.0, "10 -> 1": -0.0, "10 -> 2": 0.0}, "decision_costs": {"1 -> 7": 13158.0, "1 -> 9": 12878.0, "1 -> 3": 20437.0, "1 -> 6": 13718.0, "1 -> 10": 16238.0, "1 -> 8": 9239.0, "2 -> 3": 9519.0, "2 -> 1": 26036.0, "2 -> 7": 6999.0, "3 -> 5": 8399.0, "3 -> 4": 9519.0, "3 -> 6": 23517.0, "3 -> 9": 19317.0, "3 -> 1": 15958.0, "3 -> 8": 4480.0, "3 -> 7": 22677.0, "3 -> 2": 3080.0, "4 -> 7": 22397.0, "4 -> 10": 20437.0, "4 -> 3": 17078.0, "4 -> 6": 12599.0, "4 -> 5": 21557.0, "5 -> 1": 6439.0, "5 -> 7": 19038.0, "5 -> 9": 8679.0, "5 -> 2": 12878.0, "5 -> 6": 19877.0, "6 -> 1": 7839.0, "6 -> 8": 25477.0, "6 -> 9": 5320.0, "6 -> 10": 22957.0, "6 -> 4": 4200.0, "7 -> 10": 8119.0, "7 -> 1": 11759.0, "7 -> 9": 19317.0, "8 -> 5": 7559.0, "8 -> 7": 9519.0, "8 -> 4": 2800.0, "8 -> 3": 10359.0, "9 -> 1": 27156.0, "9 -> 6": 23237.0, "9 -> 7": 9239.0, "9 -> 10": 14278.0, "9 -> 3": 15118.0, "10 -> 4": 8959.0, "10 -> 6": 22117.0, "10 -> 8": 10079.0, "10 -> 9": 16238.0, "10 -> 1": 24917.0, "10 -> 2": 10639.0}, "bounds": [-1e+100, -1e+100, -1e+100, 0.0, 0.0, 0.0, 0.0, 0.0, 105356.0, 105356.0, 105356.0, 105356.0, 105356.0, 105356.0, 105356.0, 105356.0, 105356.0, 122045.0, 122045.0, 122045.0, 122045.0, 124789.0, 124789.0, 124789.0, 124789.0, 124789.0, 124789.0, 124789.0, 128007.0, 128007.0, 130210.0, 130210.0, 130210.0, 130210.0, 130210.0, 130718.0, 130718.0, 133933.0, 135255.0, 135255.0, 135255.0, 135255.0, 135255.0, 135255.0, 135255.0, 135255.0, 135255.0, 135255.0, 135255.0, 135255.0, 135255.0, 135255.0, 135255.0, 135255.0, 135255.0, 135255.0, 135255.0, 135255.0, 135255.0, 135255.0, 135255.0, 135255.0, 135255.0, 135255.0, 135255.0, 135255.0, 135255.0, 135255.0, 135255.0, 135255.0, 135255.0, 135255.0, 135255.0, 135255.0, 135255.0, 135255.0, 135255.0, 135255.0, 135255.0, 135255.0, 135255.0, 135255.0, 135255.0, 135255.0, 135255.0, 135255.0, 135255.0, 135255.0, 135255.0, 135255.0, 135255.0, 135255.0, 135255.0, 135255.0, 135255.0, 135255.0, 135255.0, 135255.0, 135255.0, 135255.0, 135255.0, 135255.0, 135255.0, 135255.0, 135624.0, 135624.0, 135624.0, 135624.0, 135624.0, 135624.0, 135624.0, 135624.0, 135624.0, 135624.0, 135624.0, 135624.0, 135624.0, 135624.0, 135624.0, 135624.0, 135624.0, 139135.02, 139135.02, 139135.02, 139135.02, 139135.02, 139135.02, 139135.02, 139135.02, 139135.02, 139135.02, 139135.02, 139135.02, 142299.1, 142299.1, 142299.1, 142299.1, 142299.1, 142299.1, 142299.1, 142299.1, 147651.1, 147651.1, 147651.1, 147651.1, 149323.1, 149323.1, 149323.1, 149323.1, 149323.1, 149323.1, 149323.1, 149323.1, 149323.1, 149323.1, 149323.1, 149323.1, 149323.1, 149323.1, 149323.1, 149323.1, 149323.1, 149323.1, 149323.1, 149323.1, 149323.1, 149323.1, 149323.1, 149323.1, 149323.1, 149323.1, 149323.1, 149323.1, 149323.1, 149323.1, 149323.1, 149323.1, 149323.1, 149323.1, 149323.1, 149323.1, 149323.1, 149323.1, 149323.1, 149323.1, 149323.1, 149537.0, 149537.0, 149537.0, 149537.0, 149537.0, 149537.0, 150295.0, 150295.0, 150295.0, 150295.0, 150295.0, 150295.0, 150295.0, 150295.0, 150295.0, 150584.0, 150584.0, 150584.0, 150584.0, 150584.0, 150584.0, 150584.0, 150584.0, 150584.0, 150584.0, 150584.0, 150584.0, 150584.0, 150584.0, 154833.0, 154833.0, 154833.0, 154833.0, 154833.0, 154833.0, 157963.0, 157963.0, 159643.0, 159643.0, 160755.0, 160931.0, 160931.0, 160931.0, 163820.0, 164083.0, 164225.01, 164245.11, 164251.0, 164518.0, 165062.1, 165522.0, 165611.0, 165852.0, 166204.0, 166204.0, 167502.0, 168403.0], "objectives": [169659.0, 169659.0, 175817.0, 327839.0, 288083.0, 222853.0, 320000.0, 304881.0, 328397.0, 166581.0, 200176.0, 156782.0, 167421.0, 176100.0, 180300.0, 188139.0, 169101.0, 153421.0, 194576.0, 228732.0, 231532.0, 174699.0, 180019.0, 228453.0, 252249.0, 262608.0, 265127.0, 279686.0, 162942.0, 255608.0, 180019.0, 192058.0, 204935.0, 223693.0, 237971.0, 161821.0, 180300.0, 158462.0, 177498.0, 187577.0, 199896.0, 173860.0, 181138.0, 165461.0, 177220.0, 149783.0, 188978.0, 225092.0, 228173.0, 162382.0, 167982.0, 176939.0, 169940.0, 169380.0, 181698.0, 180859.0, 199615.0, 199897.0, 176381.0, 180580.0, 184219.0, 192617.0, 174700.0, 169662.0, 179460.0, 185339.0, 196817.0, 197098.0, 166862.0, 173859.0, 164342.0, 211096.0, 192338.0, 192337.0, 218655.0, 241331.0, 274367.0, 196817.0, 180020.0, 194018.0, 195137.0, 216414.0, 193176.0, 215295.0, 206897.0, 214176.0, 190378.0, 171902.0, 178060.0, 211095.0, 192339.0, 191778.0, 182259.0, 185060.0, 195416.0, 201857.0, 190938.0, 180300.0, 187578.0, 168261.0, 184218.0, 180301.0, 187299.0, 188977.0, 166301.0, 182258.0, 183379.0, 180300.0, 177499.0, 180019.0, 175539.0, 186739.0, 166303.0, 180301.0, 185340.0, 185340.0, 171621.0, 186179.0, 181421.0, 183938.0, 185619.0, 183660.0, 180861.0, 184779.0, 181980.0, 186459.0, 167982.0, 174420.0, 162383.0, 184499.0, 177500.0, 173859.0, 174419.0, 168541.0, 166022.0, 172181.0, 168541.0, 173301.0, 175260.0, 173302.0, 175540.0, 174419.0, 169102.0, 168541.0, 166581.0, 171341.0, 174979.0, 171902.0, 172742.0, 173022.0, 176101.0, 176381.0, 176380.0, 175820.0, 173582.0, 172739.0, 174701.0, 176381.0, 172741.0, 172741.0, 167142.0, 173582.0, 172742.0, 174139.0, 175540.0, 169381.0, 169381.0, 171901.0, 176941.0, 176659.0, 164621.0, 176660.0, 174422.0, 174421.0, 177499.0, 177220.0, 175541.0, 176660.0, 175821.0, 175821.0, 174700.0, 171341.0, 176381.0, 177220.0, 174981.0, 171902.0, 176939.0, 175539.0, 175820.0, 174140.0, 177220.0, 173300.0, 176939.0, 173861.0, 174141.0, 174421.0, 174140.0, 177220.0, 177220.0, 177220.0, 176939.0, 169942.0, 176941.0, 173301.0, 175541.0, 176659.0, 171061.0, 173861.0, 175262.0, 176941.0, 175541.0, 176100.0, 176661.0, 174142.0, 176101.0, 176380.0, 176660.0, 174702.0, 176660.0, 175260.0, 174980.0, 172462.0, 172460.0, 175820.0, 175821.0, 176380.0, 173581.0, 176660.0, 176380.0, 175541.0, 175539.0, 175262.0, 174700.0, 175540.0, 175821.0, 174980.0, 173581.0, 175261.0, 174141.0, 173581.0, 174702.0, 173021.0, 175820.0],