{"decisions": {"1 -> 7": -0.0, "1 -> 9": 0.0, "1 -> 3": -0.0, "1 -> 6": 1.0, "1 -> 10": 0.9999999999999992, "1 -> 8": -0.0, "2 -> 3": 1.0, "2 -> 1": -0.0, "2 -> 7": 1.0, "3 -> 5": -0.0, "3 -> 4": -0.0, "3 -> 6": -0.0, "3 -> 9": -0.0, "3 -> 1": 0.0, "3 -> 8": 1.0, "3 -> 7": -0.0, "3 -> 2": 1.0, "4 -> 7": -0.0, "4 -> 10": -0.0, "4 -> 3": -0.0, "4 -> 6": 0.9999999999999998, "4 -> 5": -0.0, "5 -> 1": 1.0, "5 -> 7": -0.0, "5 -> 9": 1.0, "5 -> 2": -0.0, "5 -> 6": -0.0, "6 -> 1": 1.0, "6 -> 8": -0.0, "6 -> 9": 1.0, "6 -> 10": -0.0, "6 -> 4": 1.0, "7 -> 10": 1.0, "7 -> 1": 1.0, "7 -> 9": -0.0, "8 -> 5": 1.0, "8 -> 7": -0.0, "8 -> 4": 1.0, "8 -> 3": -0.0, "9 -> 1": -0.0, "9 -> 6": -0.0, "9 -> 7": 1.0, "9 -> 10": -0.0, "9 -> 3": 1.0, "10 -> 4": -0.0, "10 -> 6": -0.0, "10 -> 8": 1.0, "10 -> 9": -0.0, "10 -> 1": -0.0, "10 -> 2": 1.0}, "decision_costs": {"1 -> 7": 13158.0, "1 -> 9": 12878.0, "1 -> 3": 20437.0, "1 -> 6": 13718.0, "1 -> 10": 16238.0, "1 -> 8": 9239.0, "2 -> 3": 9519.0, "2 -> 1": 26036.0, "2 -> 7": 6999.0, "3 -> 5": 8399.0, "3 -> 4": 9519.0, "3 -> 6": 23517.0, "3 -> 9": 19317.0, "3 -> 1": 15958.0, "3 -> 8": 4480.0, "3 -> 7": 22677.0, "3 -> 2": 3080.0, "4 -> 7": 22397.0, "4 -> 10": 20437.0, "4 -> 3": 17078.0, "4 -> 6": 12599.0, "4 -> 5": 21557.0, "5 -> 1": 6439.0, "5 -> 7": 19038.0, "5 -> 9": 8679.0, "5 -> 2": 12878.0, "5 -> 6": 19877.0, "6 -> 1": 7839.0, "6 -> 8": 25477.0, "6 -> 9": 5320.0, "6 -> 10": 22957.0, "6 -> 4": 4200.0, "7 -> 10": 8119.0, "7 -> 1": 11759.0, "7 -> 9": 19317.0, "8 -> 5": 7559.0, "8 -> 7": 9519.0, "8 -> 4": 2800.0, "8 -> 3": 10359.0, "9 -> 1": 27156.0, "9 -> 6": 23237.0, "9 -> 7": 9239.0, "9 -> 10": 14278.0, "9 -> 3": 15118.0, "10 -> 4": 8959.0, "10 -> 6": 22117.0, "10 -> 8": 10079.0, "10 -> 9": 16238.0, "10 -> 1": 24917.0, "10 -> 2": 10639.0}, "bounds": [-1e+100, 81119.0, 81119.0, 127059.0, 127808.0, 127940.0, 127940.0, 127940.0, 130224.0, 130243.01, 131228.0, 131228.0, 131236.01, 131236.01, 131236.01, 131236.01, 131236.01, 132118.13, 132118.13, 132118.13, 132118.13, 132118.13, 132118.13, 132118.13, 132118.13, 132118.13, 132118.13, 132118.13, 133265.04, 133265.04, 133265.04, 133265.04, 133265.04, 133265.04, 133265.04, 133265.04, 133265.04, 133265.04, 133265.04, 133265.04, 133265.04, 133265.04, 133265.04, 133265.04, 133265.04, 133265.04, 133265.04, 133265.04, 133265.04, 133265.04, 133265.04, 133265.04, 133265.04, 133265.04, 133265.04, 133265.04, 133265.04, 133524.0, 133524.0, 133524.0, 133524.0, 133524.0, 133524.0, 133524.0, 133524.0, 133524.0, 133524.0, 133524.0, 133524.0, 133524.0, 133524.0, 133524.0, 133524.0, 133524.0, 133524.0, 133524.0, 133524.0, 133524.0, 133524.0, 133524.0, 133524.0, 134885.0, 134885.0, 134885.0, 137534.04, 137534.04, 137534.04, 140059.0, 140933.0, 140936.0, 140936.0, 140936.0, 140936.0, 140936.0, 140936.0, 140936.0, 140936.0, 140936.0, 140936.0, 140936.0, 140936.0, 140936.0, 140936.0, 140936.0, 140936.0, 140936.0, 140936.0, 140936.0, 140936.0, 140936.0, 140936.0, 140936.0, 140936.0, 140936.0, 140936.0, 140936.0, 140936.0, 140936.0, 140936.0, 140936.0, 140936.0, 140936.0, 140936.0, 140936.0, 140936.0, 140936.0, 140936.0, 140936.0, 140936.0, 140936.0, 140936.0, 140936.0, 140936.0, 140936.0, 143178.0, 143215.0, 143215.0, 144579.0, 144579.0, 144579.0, 144579.0, 146927.0, 146927.0, 148650.0, 148650.0, 148650.0, 148650.0, 149292.0, 149292.0, 149788.0, 149788.0, 149788.0, 149788.0, 149788.0, 149788.0, 154970.0, 155050.0, 155373.0, 155612.0, 155612.0, 156102.0, 156956.0, 157051.0, 157219.0, 157573.0, 157706.0, 158007.0, 158498.0, 158498.0, 158498.0, 158498.0, 158498.0, 158498.0, 158498.0, 158498.0, 158498.0, 158653.0, 159242.0, 159692.0, 159837.01, 159911.0, 159917.0, 159994.0, 160052.16, 160504.0, 161202.0, 161324.0, 161622.0, 161637.0, 161637.0, 162130.0, 162235.0, 163458.0, 163468.0, 163767.0, 163803.0, 163859.0, 164946.0, 165418.0, 165453.0, 166608.0, 166649.0, 169753.0], "objectives": [652876.0, 416029.0, 403151.0, 376274.0, 363116.0, 300125.0, 279688.0, 212776.0, 193178.0, 200739.0, 182259.0, 185058.0, 193179.0, 198218.0, 155944.0, 165182.0, 177779.0, 183659.0, 170781.0, 172741.0, 171061.0, 179179.0, 174701.0, 204097.0, 183658.0, 181138.0, 172181.0, 178341.0, 180300.0, 205217.0, 184780.0, 187858.0, 193738.0, 193738.0, 206058.0, 177500.0, 173021.0, 185059.0, 181979.0, 194298.0, 185339.0, 175261.0, 203258.0, 201858.0, 199337.0, 180580.0, 190378.0, 195137.0, 187299.0, 198776.0, 191218.0, 167701.0, 199895.0, 196539.0, 193457.0, 195697.0, 180859.0, 188698.0, 193177.0, 193459.0, 192898.0, 188420.0, 191220.0, 190659.0, 189820.0, 169662.0, 184779.0, 171902.0, 185058.0, 178059.0, 182819.0, 186180.0, 184219.0, 180579.0, 186738.0, 187020.0, 188700.0, 188419.0, 180301.0, 189818.0, 172742.0, 185338.0, 178901.0, 176381.0, 178341.0, 166021.0, 175541.0, 173302.0, 174140.0, 175821.0, 171342.0, 168542.0, 176381.0, 177500.0, 175261.0, 175821.0, 167421.0, 172741.0, 177221.0, 172741.0, 176661.0, 178898.0, 175541.0, 177781.0, 177221.0, 171062.0, 172742.0, 175821.0, 175541.0, 170501.0, 176101.0, 174142.0, 174981.0, 177780.0, 174420.0, 173860.0, 171620.0, 177500.0, 173861.0, 173021.0, 173022.0, 168540.0, 171899.0, 169662.0, 167981.0, 170502.0, 178060.0, 169662.0, 170502.0, 174421.0, 177780.0, 176661.0, 173580.0, 175261.0, 176660.0, 175820.0, 177501.0, 174422.0, 176939.0, 172462.0, 177221.0, 176380.0, 177221.0, 176381.0, 176099.0, 173861.0, 176941.0, 174701.0, 175542.0, 177500.0, 175540.0, 174980.0, 174702.0, 177221.0, 175821.0, 177501.0, 176379.0, 177501.0, 175820.0, 175260.0, 175821.0, 173582.0, 176658.0, 176660.0, 177500.0, 177501.0, 177499.0, 177779.0, 177501.0, 177501.0, 174701.0, 175821.0, 173580.0, 172742.0, 174980.0, 169661.0, 173580.0, 174700.0, 175820.0, 171901.0, 175541.0, 174422.0, 172460.0, 175819.0, 175539.0, 175261.0, 175541.0, 174701.0, 175541.0, 175541.0, 175541.0, 175819.0, 174701.0, 175541.0, 175820.0, 174420.0, 174981.0, 172180.0, 174979.0, 175260.0, 173581.0, 174422.0, 173301.0], "run_times": [0.0, 0.23, 0.16, 0.31, 0.15, 0.19, 0.11, 0.1, 6.89, 10.97, 8.27, 12.89, 5.1, 17.97, 7.13, 14.86, 0.63, 0.6, 0.49, 0.57, 0.54, 0.54, 0.59, 0.43, 0.41, 17.67, 19.09, 0.65, 0.66, 0.72, 0.78, 0.45, 0.66, 0.83, 0.59, 0.54, 0.41, 0.62, 0.63, 0.49, 0.38, 0.55, 1.43, 17.11, 9.58, 12.21, 16.73, 6.8, 8.87, 9.69, 0.53, 1.3, 17.93, 1.87, 19.84, 2.35, 20.49, 4.38, 18.8, 17.38, 0.59, 2.35, 20.81, 2.24, 14.17, 4.7, 1.72, 17.87, 0.61, 0.77, 0.8, 0.85, 0.82, 0.7, 1.54, 20.36, 0.81, 4.68, 15.7, 11.48, 7.08, 2.35, 21.61, 20.51, 7.19, 35.83, 2.25, 43.26, 9.62, 26.86, 13.81, 1.09, 0.57, 0.57, 0.66, 0.48, 0.53, 0.6, 0.5, 0.5, 13.4, 21.32, 19.07, 16.54, 22.41, 119.74, 1.93, 0.48, 0.26, 0.53, 0.48, 0.59, 0.34, 0.49, 0.41, 0.45, 0.54, 0.49, 0.45, 40.35, 2.78, 0.55, 0.52, 0.41, 0.59, 0.5, 0.63, 0.78, 0.71, 0.49, 0.45, 0.48, 0.29, 12.95, 20.82, 17.08, 27.61, 36.07, 16.37, 24.14, 22.04, 26.77, 30.78, 19.73, 16.95, 7.2, 28.04, 19.78, 16.19, 21.02, 24.91, 22.85, 16.4, 0.52, 0.31, 14.86, 17.03, 9.39, 13.58, 3.4, 16.74, 42.69, 15.78, 8.32, 27.45, 19.32, 15.39, 69.74, 2.2, 0.47, 0.42, 0.28, 0.36, 0.49, 0.5, 0.32, 9.0, 38.22, 39.65, 29.96, 16.69, 0.7, 0.42, 0.66, 24.6, 39.5, 31.75, 26.01, 18.89, 0.63, 30.49, 15.5, 54.91, 15.92, 22.45, 19.49, 0.59, 66.07, 30.38, 15.53, 60.99, 15.77, 115.43], "is_optimal": true}
