{"decisions": {"1 -> 2": -0.0, "1 -> 10": -0.0, "1 -> 8": -0.0, "1 -> 7": -0.0, "1 -> 4": 4.440892098500626e-16, "1 -> 9": -0.0, "1 -> 5": -0.0, "1 -> 3": -0.0, "1 -> 6": -8.881784197001252e-16, "2 -> 3": -0.0, "2 -> 4": -0.0, "2 -> 7": -0.0, "2 -> 9": -0.0, "2 -> 8": -0.0, "2 -> 10": -0.0, "2 -> 1": -0.0, "2 -> 5": -0.0, "2 -> 6": -0.0, "3 -> 4": -0.0, "3 -> 2": 1.0, "3 -> 1": 1.0, "3 -> 7": 2.7755575615628914e-16, "3 -> 10": -0.0, "3 -> 9": 1.0, "3 -> 8": -0.0, "4 -> 5": 1.0, "4 -> 3": 1.0, "4 -> 10": -0.0, "4 -> 8": -0.0, "4 -> 7": -0.0, "4 -> 2": -0.0, "4 -> 6": -0.0, "4 -> 1": -0.0, "4 -> 9": -0.0, "5 -> 6": 1.0, "5 -> 2": -0.0, "5 -> 8": 0.0, "5 -> 3": 1.0, "5 -> 10": 0.0, "5 -> 1": 0.0, "6 -> 7": 1.0, "6 -> 10": -0.0, "6 -> 8": -0.0, "6 -> 1": 1.0000000000000004, "6 -> 3": -5.551115123125783e-16, "6 -> 5": -0.0, "6 -> 4": 1.0, "7 -> 8": 1.0, "7 -> 1": -0.0, "7 -> 9": -0.0, "7 -> 2": 0.9999999999999984, "7 -> 3": -0.0, "7 -> 10": -0.0, "7 -> 5": -0.0, "7 -> 4": -0.0, "7 -> 6": -0.0, "8 -> 9": 1.0, "8 -> 3": -0.0, "8 -> 7": -0.0, "8 -> 2": 6.661338147750939e-16, "8 -> 6": -0.0, "8 -> 4": -0.0, "8 -> 5": 1.0, "8 -> 1": 1.0, "8 -> 10": -0.0, "9 -> 10": -0.0, "9 -> 6": 1.0, "9 -> 2": -0.0, "9 -> 7": -0.0, "9 -> 3": -0.0, "9 -> 8": -0.0, "9 -> 5": -0.0, "9 -> 4": 1.0000000000000004, "10 -> 1": -0.0, "10 -> 6": -0.0, "10 -> 4": 0.0, "10 -> 9": 1.0, "10 -> 7": -0.0, "10 -> 5": -0.0, "10 -> 8": -5.551115123125783e-16, "10 -> 2": 0.0, "10 -> 3": 1.0000000000000004}, "decision_costs": {"1 -> 2": 6010.0, "1 -> 10": 2464.0, "1 -> 8": 3786.0, "1 -> 7": 3726.0, "1 -> 4": 2464.0, "1 -> 9": 4147.0, "1 -> 5": 4207.0, "1 -> 3": 5169.0, "1 -> 6": 782.0, "2 -> 3": 6010.0, "2 -> 4": 4447.0, "2 -> 7": 3426.0, "2 -> 9": 1803.0, "2 -> 8": 3666.0, "2 -> 10": 5169.0, "2 -> 1": 5529.0, "2 -> 5": 4207.0, "2 -> 6": 1563.0, "3 -> 4": 6010.0, "3 -> 2": 5589.0, "3 -> 1": 1443.0, "3 -> 7": 2404.0, "3 -> 10": 5229.0, "3 -> 9": 722.0, "3 -> 8": 4027.0, "4 -> 5": 6010.0, "4 -> 3": 1082.0, "4 -> 10": 3246.0, "4 -> 8": 2945.0, "4 -> 7": 5409.0, "4 -> 2": 4327.0, "4 -> 6": 4808.0, "4 -> 1": 3606.0, "4 -> 9": 5349.0, "5 -> 6": 6010.0, "5 -> 2": 1262.0, "5 -> 8": 5409.0, "5 -> 3": 5289.0, "5 -> 10": 5830.0, "5 -> 1": 5108.0, "6 -> 7": 6010.0, "6 -> 10": 3065.0, "6 -> 8": 3967.0, "6 -> 1": 902.0, "6 -> 3": 1743.0, "6 -> 5": 3666.0, "6 -> 4": 1743.0, "7 -> 8": 6010.0, "7 -> 1": 2885.0, "7 -> 9": 5770.0, "7 -> 2": 902.0, "7 -> 3": 3606.0, "7 -> 10": 902.0, "7 -> 5": 842.0, "7 -> 4": 4988.0, "7 -> 6": 2705.0, "8 -> 9": 6010.0, "8 -> 3": 3426.0, "8 -> 7": 3606.0, "8 -> 2": 2585.0, "8 -> 6": 3426.0, "8 -> 4": 2284.0, "8 -> 5": 2885.0, "8 -> 1": 2464.0, "8 -> 10": 3125.0, "9 -> 10": 6010.0, "9 -> 6": 3005.0, "9 -> 2": 4928.0, "9 -> 7": 2164.0, "9 -> 3": 4087.0, "9 -> 8": 4207.0, "9 -> 5": 3546.0, "9 -> 4": 962.0, "10 -> 1": 6010.0, "10 -> 6": 3786.0, "10 -> 4": 5409.0, "10 -> 9": 1984.0, "10 -> 7": 4207.0, "10 -> 5": 4327.0, "10 -> 8": 1082.0, "10 -> 2": 4447.0, "10 -> 3": 3065.0}, "bounds": [-1e+100, -1e+100, -1e+100, 0.0, 0.0, 0.0, 0.0, 34227.0, 34227.0, 34227.0, 34227.0, 34227.0, 45462.0, 47310.0, 48344.0, 48344.0, 48850.0, 48850.0, 49386.0, 49386.0, 51839.0, 52591.0, 52591.0, 52591.0, 52591.0, 52591.0, 52591.0, 52591.0, 52591.0, 52591.0, 52591.0, 52591.0, 52591.0, 54298.0, 54298.0, 54298.0, 56255.0], "objectives": [90814.0, 90814.0, 90573.0, 93639.0, 86666.0, 152116.0, 119660.0, 62749.0, 68759.0, 58243.0, 62509.0, 64312.0, 65272.0, 80718.0, 88413.0, 65153.0, 103736.0, 70021.0, 71883.0, 111130.0, 67316.0, 82521.0, 74108.0, 61966.0, 63108.0, 65572.0, 59263.0, 63230.0, 70803.0, 70623.0, 78795.0, 64311.0, 62687.0, 60100.0, 61364.0, 62087.0, 61246.0], "run_times": [0.0, 0.09, 0.03, 0.07, 0.08, 0.09, 0.09, 0.1, 0.09, 0.04, 0.09, 0.1, 0.17, 0.16, 0.18, 0.1, 0.14, 0.08, 0.23, 0.08, 4.38, 3.98, 2.86, 3.88, 2.84, 2.53, 3.38, 3.1, 3.25, 3.7, 3.25, 3.33, 2.9, 3.07, 2.45, 1.7, 2.16], "is_optimal": true}
