{"decisions": {"1 -> 2": -0.0, "1 -> 10": -0.0, "1 -> 8": -0.0, "1 -> 7": -0.0, "1 -> 4": -0.0, "1 -> 9": -0.0, "1 -> 5": -0.0, "1 -> 3": -0.0, "1 -> 6": -0.0, "2 -> 3": -0.0, "2 -> 4": -0.0, "2 -> 7": -0.0, "2 -> 9": -0.0, "2 -> 8": -0.0, "2 -> 10": -0.0, "2 -> 1": -0.0, "2 -> 5": -0.0, "2 -> 6": -0.0, "3 -> 4": -0.0, "3 -> 2": 1.0, "3 -> 1": 1.0, "3 -> 7": 0.0, "3 -> 10": -0.0, "3 -> 9": 1.0, "3 -> 8": -0.0, "4 -> 5": 1.0, "4 -> 3": 1.0, "4 -> 10": -0.0, "4 -> 8": -0.0, "4 -> 7": -0.0, "4 -> 2": -0.0, "4 -> 6": -0.0, "4 -> 1": -0.0, "4 -> 9": -0.0, "5 -> 6": 1.0, "5 -> 2": -0.0, "5 -> 8": -0.0, "5 -> 3": 1.0, "5 -> 10": -0.0, "5 -> 1": -0.0, "6 -> 7": 1.0, "6 -> 10": -0.0, "6 -> 8": -0.0, "6 -> 1": 1.0, "6 -> 3": -0.0, "6 -> 5": -0.0, "6 -> 4": 1.0, "7 -> 8": 1.0, "7 -> 1": -0.0, "7 -> 9": -0.0, "7 -> 2": 0.9999999999999974, "7 -> 3": -0.0, "7 -> 10": -0.0, "7 -> 5": -0.0, "7 -> 4": -0.0, "7 -> 6": -0.0, "8 -> 9": 1.0, "8 -> 3": -0.0, "8 -> 7": -0.0, "8 -> 2": -0.0, "8 -> 6": -0.0, "8 -> 4": -0.0, "8 -> 5": 1.0, "8 -> 1": 1.0, "8 -> 10": -0.0, "9 -> 10": -0.0, "9 -> 6": 1.0, "9 -> 2": -0.0, "9 -> 7": -0.0, "9 -> 3": -0.0, "9 -> 8": -0.0, "9 -> 5": -0.0, "9 -> 4": 1.0, "10 -> 1": -0.0, "10 -> 6": -0.0, "10 -> 4": -0.0, "10 -> 9": 1.0, "10 -> 7": 0.0, "10 -> 5": -0.0, "10 -> 8": 0.0, "10 -> 2": -0.0, "10 -> 3": 0.9999999999999973}, "decision_costs": {"1 -> 2": 601.0, "1 -> 10": 247.0, "1 -> 8": 379.0, "1 -> 7": 373.0, "1 -> 4": 247.0, "1 -> 9": 415.0, "1 -> 5": 421.0, "1 -> 3": 517.0, "1 -> 6": 79.0, "2 -> 3": 601.0, "2 -> 4": 445.0, "2 -> 7": 343.0, "2 -> 9": 181.0, "2 -> 8": 367.0, "2 -> 10": 517.0, "2 -> 1": 553.0, "2 -> 5": 421.0, "2 -> 6": 157.0, "3 -> 4": 601.0, "3 -> 2": 559.0, "3 -> 1": 145.0, "3 -> 7": 241.0, "3 -> 10": 523.0, "3 -> 9": 73.0, "3 -> 8": 403.0, "4 -> 5": 601.0, "4 -> 3": 109.0, "4 -> 10": 325.0, "4 -> 8": 295.0, "4 -> 7": 541.0, "4 -> 2": 433.0, "4 -> 6": 481.0, "4 -> 1": 361.0, "4 -> 9": 535.0, "5 -> 6": 601.0, "5 -> 2": 127.0, "5 -> 8": 541.0, "5 -> 3": 529.0, "5 -> 10": 583.0, "5 -> 1": 511.0, "6 -> 7": 601.0, "6 -> 10": 307.0, "6 -> 8": 397.0, "6 -> 1": 91.0, "6 -> 3": 175.0, "6 -> 5": 367.0, "6 -> 4": 175.0, "7 -> 8": 601.0, "7 -> 1": 289.0, "7 -> 9": 577.0, "7 -> 2": 91.0, "7 -> 3": 361.0, "7 -> 10": 91.0, "7 -> 5": 85.0, "7 -> 4": 499.0, "7 -> 6": 271.0, "8 -> 9": 601.0, "8 -> 3": 343.0, "8 -> 7": 361.0, "8 -> 2": 259.0, "8 -> 6": 343.0, "8 -> 4": 229.0, "8 -> 5": 289.0, "8 -> 1": 247.0, "8 -> 10": 313.0, "9 -> 10": 601.0, "9 -> 6": 301.0, "9 -> 2": 493.0, "9 -> 7": 217.0, "9 -> 3": 409.0, "9 -> 8": 421.0, "9 -> 5": 355.0, "9 -> 4": 97.0, "10 -> 1": 601.0, "10 -> 6": 379.0, "10 -> 4": 541.0, "10 -> 9": 199.0, "10 -> 7": 421.0, "10 -> 5": 433.0, "10 -> 8": 109.0, "10 -> 2": 445.0, "10 -> 3": 307.0}, "bounds": [-1e+100, 0.0, 2349.0, 2349.0, 3096.0, 3096.0, 3402.0, 3865.0, 4308.0, 4404.0, 4417.0, 4417.0, 4456.0, 4456.0, 4464.0, 4464.0, 4464.0, 4464.0, 4464.0, 4464.0, 4464.0, 4464.0, 4464.0, 4464.0, 4464.0, 4464.0, 4464.0, 4464.0, 4464.0, 4464.0, 4464.0, 4464.0, 4464.0, 4464.0, 4464.0, 4464.0, 4464.0, 4464.0, 4464.0, 4464.0, 4464.0, 4695.0, 4695.0, 4695.0, 4695.0, 4695.0, 4796.0, 5139.0, 5139.0, 5139.0, 5139.0, 5139.0, 5139.0, 5139.0, 5139.0, 5424.0, 5424.0, 5424.0, 5424.0, 5424.0, 5424.0, 5424.0, 5774.0, 5925.0], "objectives": [9409.0, 30274.0, 6533.0, 19240.0, 9091.0, 8766.0, 8236.0, 5527.0, 6998.0, 7862.0, 7952.0, 6430.0, 7904.0, 7820.0, 7976.0, 7362.0, 7863.0, 6663.0, 6663.0, 7746.0, 7143.0, 7724.0, 7516.0, 7134.0, 7548.0, 7646.0, 6716.0, 6603.0, 7230.0, 6936.0, 7599.0, 7322.0, 7353.0, 7443.0, 7346.0, 7579.0, 7440.0, 7407.0, 7368.0, 6892.0, 6549.0, 6789.0, 6671.0, 6355.0, 6782.0, 6603.0, 6691.0, 6457.0, 6693.0, 6743.0, 6754.0, 6599.0, 6776.0, 6758.0, 6728.0, 6574.0, 6697.0, 6548.0, 6481.0, 6388.0, 6174.0, 6224.0, 6217.0, 6188.0], "run_times": [0.0, 0.07, 0.05, 0.07, 0.07, 0.04, 0.04, 0.16, 3.36, 2.96, 2.23, 2.34, 2.04, 3.01, 2.03, 1.95, 5.93, 1.35, 2.07, 8.14, 2.33, 2.26, 2.31, 2.16, 1.87, 2.64, 2.13, 2.07, 2.96, 3.01, 2.5, 2.53, 2.5, 1.64, 2.24, 2.75, 2.21, 2.0, 2.27, 3.25, 2.43, 3.78, 1.62, 1.45, 2.42, 0.88, 2.01, 3.27, 1.88, 1.23, 1.81, 0.98, 2.35, 2.22, 1.91, 2.18, 2.83, 1.89, 1.3, 1.74, 1.52, 1.25, 1.8, 1.83], "is_optimal": true}
