{"decisions": {"1 -> 2": -0.0, "1 -> 10": -0.0, "1 -> 8": -0.0, "1 -> 7": -0.0, "1 -> 4": -8.326672684688674e-17, "1 -> 9": -0.0, "1 -> 5": -0.0, "1 -> 3": -0.0, "1 -> 6": -0.0, "2 -> 3": -0.0, "2 -> 4": -0.0, "2 -> 7": -0.0, "2 -> 9": -0.0, "2 -> 8": -0.0, "2 -> 10": -0.0, "2 -> 1": -0.0, "2 -> 5": -0.0, "2 -> 6": 1.2212453270876722e-15, "3 -> 4": -0.0, "3 -> 2": 1.0, "3 -> 1": 1.0000000000000013, "3 -> 7": -9.43689570931383e-16, "3 -> 10": -0.0, "3 -> 9": 1.0, "3 -> 8": -0.0, "4 -> 5": 1.0, "4 -> 3": 1.0, "4 -> 10": -0.0, "4 -> 8": -0.0, "4 -> 7": -0.0, "4 -> 2": -0.0, "4 -> 6": -0.0, "4 -> 1": -0.0, "4 -> 9": -0.0, "5 -> 6": 1.0, "5 -> 2": -0.0, "5 -> 8": -0.0, "5 -> 3": 1.0, "5 -> 10": -0.0, "5 -> 1": -0.0, "6 -> 7": 1.0, "6 -> 10": -0.0, "6 -> 8": -0.0, "6 -> 1": 0.9999999999999988, "6 -> 3": 0.0, "6 -> 5": -0.0, "6 -> 4": 1.0, "7 -> 8": 1.0, "7 -> 1": -0.0, "7 -> 9": -0.0, "7 -> 2": 1.0, "7 -> 3": -0.0, "7 -> 10": -0.0, "7 -> 5": -0.0, "7 -> 4": -0.0, "7 -> 6": -0.0, "8 -> 9": 1.0, "8 -> 3": -0.0, "8 -> 7": -0.0, "8 -> 2": -0.0, "8 -> 6": -0.0, "8 -> 4": -1.1102230246251565e-16, "8 -> 5": 1.0, "8 -> 1": 1.0, "8 -> 10": -0.0, "9 -> 10": -0.0, "9 -> 6": 1.0, "9 -> 2": -0.0, "9 -> 7": -0.0, "9 -> 3": -0.0, "9 -> 8": -0.0, "9 -> 5": -0.0, "9 -> 4": 1.0000000000000002, "10 -> 1": -0.0, "10 -> 6": -0.0, "10 -> 4": -0.0, "10 -> 9": 0.9999999999999983, "10 -> 7": -0.0, "10 -> 5": -0.0, "10 -> 8": -0.0, "10 -> 2": 0.0, "10 -> 3": 1.0}, "decision_costs": {"1 -> 2": 601.0, "1 -> 10": 247.0, "1 -> 8": 379.0, "1 -> 7": 373.0, "1 -> 4": 247.0, "1 -> 9": 415.0, "1 -> 5": 421.0, "1 -> 3": 517.0, "1 -> 6": 79.0, "2 -> 3": 601.0, "2 -> 4": 445.0, "2 -> 7": 343.0, "2 -> 9": 181.0, "2 -> 8": 367.0, "2 -> 10": 517.0, "2 -> 1": 553.0, "2 -> 5": 421.0, "2 -> 6": 157.0, "3 -> 4": 601.0, "3 -> 2": 559.0, "3 -> 1": 145.0, "3 -> 7": 241.0, "3 -> 10": 523.0, "3 -> 9": 73.0, "3 -> 8": 403.0, "4 -> 5": 601.0, "4 -> 3": 109.0, "4 -> 10": 325.0, "4 -> 8": 295.0, "4 -> 7": 541.0, "4 -> 2": 433.0, "4 -> 6": 481.0, "4 -> 1": 361.0, "4 -> 9": 535.0, "5 -> 6": 601.0, "5 -> 2": 127.0, "5 -> 8": 541.0, "5 -> 3": 529.0, "5 -> 10": 583.0, "5 -> 1": 511.0, "6 -> 7": 601.0, "6 -> 10": 307.0, "6 -> 8": 397.0, "6 -> 1": 91.0, "6 -> 3": 175.0, "6 -> 5": 367.0, "6 -> 4": 175.0, "7 -> 8": 601.0, "7 -> 1": 289.0, "7 -> 9": 577.0, "7 -> 2": 91.0, "7 -> 3": 361.0, "7 -> 10": 91.0, "7 -> 5": 85.0, "7 -> 4": 499.0, "7 -> 6": 271.0, "8 -> 9": 601.0, "8 -> 3": 343.0, "8 -> 7": 361.0, "8 -> 2": 259.0, "8 -> 6": 343.0, "8 -> 4": 229.0, "8 -> 5": 289.0, "8 -> 1": 247.0, "8 -> 10": 313.0, "9 -> 10": 601.0, "9 -> 6": 301.0, "9 -> 2": 493.0, "9 -> 7": 217.0, "9 -> 3": 409.0, "9 -> 8": 421.0, "9 -> 5": 355.0, "9 -> 4": 97.0, "10 -> 1": 601.0, "10 -> 6": 379.0, "10 -> 4": 541.0, "10 -> 9": 199.0, "10 -> 7": 421.0, "10 -> 5": 433.0, "10 -> 8": 109.0, "10 -> 2": 445.0, "10 -> 3": 307.0}, "bounds": [-1e+100, 0.0, 2245.0, 2245.0, 2998.0, 2998.0, 3275.0, 4196.0, 4202.0, 4251.0, 4251.0, 4251.0, 4251.0, 4251.0, 4253.0, 4253.0, 4423.0, 4423.0, 4423.0, 4423.0, 4423.0, 4423.0, 4423.0, 4423.0, 4423.0, 4423.0, 4423.0, 4423.0, 4423.0, 4649.0, 4650.0, 4999.0, 4999.0, 4999.0, 4999.0, 5149.0, 5175.0, 5508.0, 5668.0, 5714.0, 5770.0, 5821.0, 5875.0, 5911.0, 6039.0], "objectives": [11964.0, 30274.0, 6533.0, 24198.0, 9091.0, 9061.0, 8609.0, 8271.0, 8005.0, 8095.0, 8480.0, 7849.0, 6920.0, 8123.0, 7319.0, 7571.0, 8054.0, 7135.0, 6329.0, 7099.0, 6760.0, 6515.0, 6968.0, 6691.0, 7050.0, 6957.0, 6576.0, 6485.0, 6467.0, 6395.0, 6376.0, 6297.0, 6083.0, 5798.0, 6169.0, 6262.0, 6275.0, 6296.0, 6291.0, 6258.0, 6292.0, 6217.0, 6195.0, 6192.0, 6180.0], "run_times": [0.0, 0.27, 0.2, 0.24, 0.15, 0.12, 0.1, 3.14, 5.14, 7.09, 6.94, 6.68, 4.38, 0.25, 0.91, 4.65, 10.43, 7.79, 7.97, 7.7, 4.74, 4.16, 2.24, 6.51, 9.19, 9.4, 11.45, 3.44, 2.93, 24.21, 0.47, 24.84, 2.4, 4.8, 4.84, 9.66, 19.09, 15.78, 9.04, 22.31, 10.13, 13.93, 10.75, 10.07, 43.04], "is_optimal": true}
