{"decisions": {"1 -> 2": -0.0, "1 -> 10": -0.0, "1 -> 8": -0.0, "1 -> 7": -0.0, "1 -> 4": 8.881784197001252e-16, "1 -> 9": -0.0, "1 -> 5": -0.0, "1 -> 3": -0.0, "1 -> 6": 0.0, "2 -> 3": -0.0, "2 -> 4": -0.0, "2 -> 7": -0.0, "2 -> 9": -0.0, "2 -> 8": -0.0, "2 -> 10": -0.0, "2 -> 1": -0.0, "2 -> 5": -0.0, "2 -> 6": -7.771561172376096e-16, "3 -> 4": -0.0, "3 -> 2": 1.0, "3 -> 1": 1.0, "3 -> 7": 0.0, "3 -> 10": -0.0, "3 -> 9": 1.0, "3 -> 8": -0.0, "4 -> 5": 1.0, "4 -> 3": 1.0, "4 -> 10": 0.0, "4 -> 8": -0.0, "4 -> 7": -0.0, "4 -> 2": -0.0, "4 -> 6": -0.0, "4 -> 1": 0.0, "4 -> 9": -0.0, "5 -> 6": 1.0, "5 -> 2": -0.0, "5 -> 8": 0.0, "5 -> 3": 1.0, "5 -> 10": -0.0, "5 -> 1": 0.0, "6 -> 7": 1.0, "6 -> 10": -0.0, "6 -> 8": -0.0, "6 -> 1": 0.9999999999999996, "6 -> 3": 0.0, "6 -> 5": -0.0, "6 -> 4": 1.0, "7 -> 8": 1.0, "7 -> 1": 0.0, "7 -> 9": -0.0, "7 -> 2": 1.0, "7 -> 3": 0.0, "7 -> 10": -0.0, "7 -> 5": -0.0, "7 -> 4": -0.0, "7 -> 6": -0.0, "8 -> 9": 1.0, "8 -> 3": 0.0, "8 -> 7": -0.0, "8 -> 2": -0.0, "8 -> 6": -0.0, "8 -> 4": -0.0, "8 -> 5": 1.0, "8 -> 1": 1.0, "8 -> 10": -0.0, "9 -> 10": 0.0, "9 -> 6": 1.0, "9 -> 2": -0.0, "9 -> 7": -0.0, "9 -> 3": -0.0, "9 -> 8": -0.0, "9 -> 5": -0.0, "9 -> 4": 1.0, "10 -> 1": -0.0, "10 -> 6": -0.0, "10 -> 4": -0.0, "10 -> 9": 1.0, "10 -> 7": -0.0, "10 -> 5": -0.0, "10 -> 8": -0.0, "10 -> 2": -0.0, "10 -> 3": 1.0}, "decision_costs": {"1 -> 2": 3005.0, "1 -> 10": 1232.0, "1 -> 8": 1893.0, "1 -> 7": 1863.0, "1 -> 4": 1232.0, "1 -> 9": 2074.0, "1 -> 5": 2104.0, "1 -> 3": 2585.0, "1 -> 6": 391.0, "2 -> 3": 3005.0, "2 -> 4": 2224.0, "2 -> 7": 1713.0, "2 -> 9": 902.0, "2 -> 8": 1833.0, "2 -> 10": 2585.0, "2 -> 1": 2765.0, "2 -> 5": 2104.0, "2 -> 6": 782.0, "3 -> 4": 3005.0, "3 -> 2": 2795.0, "3 -> 1": 722.0, "3 -> 7": 1202.0, "3 -> 10": 2615.0, "3 -> 9": 361.0, "3 -> 8": 2014.0, "4 -> 5": 3005.0, "4 -> 3": 541.0, "4 -> 10": 1623.0, "4 -> 8": 1473.0, "4 -> 7": 2705.0, "4 -> 2": 2164.0, "4 -> 6": 2404.0, "4 -> 1": 1803.0, "4 -> 9": 2675.0, "5 -> 6": 3005.0, "5 -> 2": 631.0, "5 -> 8": 2705.0, "5 -> 3": 2645.0, "5 -> 10": 2915.0, "5 -> 1": 2554.0, "6 -> 7": 3005.0, "6 -> 10": 1533.0, "6 -> 8": 1984.0, "6 -> 1": 451.0, "6 -> 3": 872.0, "6 -> 5": 1833.0, "6 -> 4": 872.0, "7 -> 8": 3005.0, "7 -> 1": 1443.0, "7 -> 9": 2885.0, "7 -> 2": 451.0, "7 -> 3": 1803.0, "7 -> 10": 451.0, "7 -> 5": 421.0, "7 -> 4": 2494.0, "7 -> 6": 1353.0, "8 -> 9": 3005.0, "8 -> 3": 1713.0, "8 -> 7": 1803.0, "8 -> 2": 1293.0, "8 -> 6": 1713.0, "8 -> 4": 1142.0, "8 -> 5": 1443.0, "8 -> 1": 1232.0, "8 -> 10": 1563.0, "9 -> 10": 3005.0, "9 -> 6": 1503.0, "9 -> 2": 2464.0, "9 -> 7": 1082.0, "9 -> 3": 2044.0, "9 -> 8": 2104.0, "9 -> 5": 1773.0, "9 -> 4": 481.0, "10 -> 1": 3005.0, "10 -> 6": 1893.0, "10 -> 4": 2705.0, "10 -> 9": 992.0, "10 -> 7": 2104.0, "10 -> 5": 2164.0, "10 -> 8": 541.0, "10 -> 2": 2224.0, "10 -> 3": 1533.0}, "bounds": [-1e+100, -1e+100, -1e+100, 0.0, 0.0, 0.0, 0.0, 17116.0, 17116.0, 17116.0, 17116.0, 17116.0, 22754.0, 24159.0, 24159.0, 24474.0, 24631.0, 24737.0, 26129.0, 26129.0, 26129.0, 26129.0, 26129.0, 26129.0, 26129.0, 26434.01, 26434.01, 26434.01, 26434.01, 26434.01, 26434.01, 26434.01, 26434.01, 26434.01, 26434.01, 26434.01, 26434.01, 26434.01, 26434.01, 26434.01, 26434.01, 26434.01, 26434.01, 26637.0, 26637.0, 26637.0, 26637.0, 26637.0, 26637.0, 26637.0, 26637.0, 26637.0, 26637.0, 26637.0, 26637.0, 26637.0, 26637.0, 26637.0, 26637.0, 26637.0, 26637.0, 26637.0, 26637.0, 26637.0, 26637.0, 26637.0, 27187.0, 27187.0], "objectives": [45412.0, 45412.0, 45290.0, 46826.0, 43337.0, 76067.0, 59835.0, 31377.0, 34382.0, 29127.0, 31258.0, 32159.0, 35194.0, 35944.0, 51544.0, 33510.0, 33631.0, 30956.0, 37751.0, 39461.0, 32911.0, 32368.0, 34955.0, 33093.0, 33090.0, 41294.0, 34834.0, 40484.0, 41174.0, 35043.0, 35886.0, 30954.0, 35434.0, 33180.0, 31500.0, 30744.0, 33240.0, 38352.0, 36184.0, 32969.0, 34354.0, 30050.0, 35827.0, 36908.0, 36670.0, 39008.0, 46013.0, 36244.0, 41653.0, 38441.0, 37118.0, 40695.0, 51306.0, 45145.0, 42259.0, 43185.0, 37661.0, 36879.0, 39792.0, 40938.0, 42075.0, 41325.0, 41988.0, 33927.0, 32967.0, 42046.0, 41658.0, 31047.0], "run_times": [0.0, 0.07, 0.02, 0.05, 0.09, 0.08, 0.09, 0.07, 0.07, 0.03, 0.06, 0.07, 0.12, 0.17, 0.06, 0.12, 0.11, 0.12, 3.87, 2.78, 2.87, 2.41, 2.48, 2.49, 2.37, 2.65, 2.57, 2.52, 2.0, 2.01, 3.15, 1.94, 2.07, 2.39, 1.71, 2.42, 2.71, 2.09, 2.66, 2.52, 2.38, 1.84, 2.23, 2.36, 2.71, 2.25, 2.14, 2.36, 1.77, 1.45, 1.62, 1.55, 2.36, 2.15, 2.27, 2.24, 2.2, 1.79, 1.92, 2.06, 2.31, 1.0, 2.19, 1.88, 2.43, 1.69, 2.08, 1.67], "is_optimal": true}
