{"decisions": {"1 -> 2": -0.0, "1 -> 10": -0.0, "1 -> 8": -0.0, "1 -> 7": -0.0, "1 -> 4": -0.0, "1 -> 9": -0.0, "1 -> 5": -0.0, "1 -> 3": -0.0, "1 -> 6": -0.0, "2 -> 3": -0.0, "2 -> 4": -0.0, "2 -> 7": -0.0, "2 -> 9": -0.0, "2 -> 8": -0.0, "2 -> 10": -0.0, "2 -> 1": -0.0, "2 -> 5": -0.0, "2 -> 6": -0.0, "3 -> 4": -0.0, "3 -> 2": 1.0, "3 -> 1": 1.0, "3 -> 7": 0.0, "3 -> 10": -0.0, "3 -> 9": 1.0, "3 -> 8": -0.0, "4 -> 5": 1.0, "4 -> 3": 1.0, "4 -> 10": -0.0, "4 -> 8": -0.0, "4 -> 7": -0.0, "4 -> 2": -0.0, "4 -> 6": -0.0, "4 -> 1": -0.0, "4 -> 9": -0.0, "5 -> 6": 1.0, "5 -> 2": -0.0, "5 -> 8": -0.0, "5 -> 3": 1.0, "5 -> 10": -0.0, "5 -> 1": -0.0, "6 -> 7": 1.0, "6 -> 10": -0.0, "6 -> 8": -0.0, "6 -> 1": 1.0, "6 -> 3": 0.0, "6 -> 5": -0.0, "6 -> 4": 1.0, "7 -> 8": 1.0, "7 -> 1": 0.0, "7 -> 9": -0.0, "7 -> 2": 0.9999999999999989, "7 -> 3": -0.0, "7 -> 10": -0.0, "7 -> 5": -0.0, "7 -> 4": -0.0, "7 -> 6": -0.0, "8 -> 9": 1.0, "8 -> 3": 0.0, "8 -> 7": -0.0, "8 -> 2": -0.0, "8 -> 6": -0.0, "8 -> 4": -0.0, "8 -> 5": 1.0, "8 -> 1": 1.0, "8 -> 10": -0.0, "9 -> 10": -0.0, "9 -> 6": 1.0, "9 -> 2": -0.0, "9 -> 7": 0.0, "9 -> 3": -0.0, "9 -> 8": -0.0, "9 -> 5": -0.0, "9 -> 4": 1.0, "10 -> 1": -0.0, "10 -> 6": -0.0, "10 -> 4": -0.0, "10 -> 9": 0.9999999999999993, "10 -> 7": -0.0, "10 -> 5": -0.0, "10 -> 8": 0.0, "10 -> 2": -0.0, "10 -> 3": 1.0}, "decision_costs": {"1 -> 2": 6010.0, "1 -> 10": 2464.0, "1 -> 8": 3786.0, "1 -> 7": 3726.0, "1 -> 4": 2464.0, "1 -> 9": 4147.0, "1 -> 5": 4207.0, "1 -> 3": 5169.0, "1 -> 6": 782.0, "2 -> 3": 6010.0, "2 -> 4": 4447.0, "2 -> 7": 3426.0, "2 -> 9": 1803.0, "2 -> 8": 3666.0, "2 -> 10": 5169.0, "2 -> 1": 5529.0, "2 -> 5": 4207.0, "2 -> 6": 1563.0, "3 -> 4": 6010.0, "3 -> 2": 5589.0, "3 -> 1": 1443.0, "3 -> 7": 2404.0, "3 -> 10": 5229.0, "3 -> 9": 722.0, "3 -> 8": 4027.0, "4 -> 5": 6010.0, "4 -> 3": 1082.0, "4 -> 10": 3246.0, "4 -> 8": 2945.0, "4 -> 7": 5409.0, "4 -> 2": 4327.0, "4 -> 6": 4808.0, "4 -> 1": 3606.0, "4 -> 9": 5349.0, "5 -> 6": 6010.0, "5 -> 2": 1262.0, "5 -> 8": 5409.0, "5 -> 3": 5289.0, "5 -> 10": 5830.0, "5 -> 1": 5108.0, "6 -> 7": 6010.0, "6 -> 10": 3065.0, "6 -> 8": 3967.0, "6 -> 1": 902.0, "6 -> 3": 1743.0, "6 -> 5": 3666.0, "6 -> 4": 1743.0, "7 -> 8": 6010.0, "7 -> 1": 2885.0, "7 -> 9": 5770.0, "7 -> 2": 902.0, "7 -> 3": 3606.0, "7 -> 10": 902.0, "7 -> 5": 842.0, "7 -> 4": 4988.0, "7 -> 6": 2705.0, "8 -> 9": 6010.0, "8 -> 3": 3426.0, "8 -> 7": 3606.0, "8 -> 2": 2585.0, "8 -> 6": 3426.0, "8 -> 4": 2284.0, "8 -> 5": 2885.0, "8 -> 1": 2464.0, "8 -> 10": 3125.0, "9 -> 10": 6010.0, "9 -> 6": 3005.0, "9 -> 2": 4928.0, "9 -> 7": 2164.0, "9 -> 3": 4087.0, "9 -> 8": 4207.0, "9 -> 5": 3546.0, "9 -> 4": 962.0, "10 -> 1": 6010.0, "10 -> 6": 3786.0, "10 -> 4": 5409.0, "10 -> 9": 1984.0, "10 -> 7": 4207.0, "10 -> 5": 4327.0, "10 -> 8": 1082.0, "10 -> 2": 4447.0, "10 -> 3": 3065.0}, "bounds": [-1e+100, 0.0, 21535.0, 21535.0, 28990.0, 28990.0, 31414.0, 31414.0, 35110.0, 40007.0, 41233.0, 41325.0, 41325.0, 41325.0, 41654.0, 41654.0, 42300.03, 42300.03, 42300.03, 42300.03, 42300.03, 42300.03, 42300.03, 42300.03, 42300.03, 42300.03, 42737.0, 42737.0, 44516.0, 46261.0, 46852.02, 49735.0, 49735.0, 50171.0, 50171.0, 50171.0, 50171.0, 50171.0, 50171.0, 50171.0, 50171.0, 50171.0, 50171.0, 50171.0, 53669.0, 55656.0, 56178.0, 56511.0, 56809.0, 56809.0, 56809.0, 57489.0, 57889.0, 58446.0, 60830.0], "objectives": [85404.0, 302432.0, 65272.0, 208014.0, 89975.0, 86729.0, 80719.0, 85949.0, 61846.0, 86007.0, 56559.0, 81201.0, 79696.0, 86549.0, 81439.0, 71403.0, 63170.0, 75731.0, 74469.0, 69781.0, 73687.0, 81260.0, 75911.0, 81198.0, 71704.0, 70141.0, 70440.0, 70922.0, 71163.0, 71403.0, 70201.0, 68819.0, 70681.0, 68638.0, 71643.0, 70380.0, 62686.0, 62626.0, 62266.0, 63829.0, 60944.0, 62927.0, 61724.0, 62507.0, 62569.0, 62868.0, 62870.0, 62749.0, 61666.0, 62565.0, 61727.0, 62869.0, 62087.0, 62087.0, 62028.0], "run_times": [0.0, 0.46, 0.4, 0.44, 0.38, 0.31, 0.27, 0.3, 0.51, 4.01, 18.33, 17.35, 0.48, 0.52, 1.39, 13.29, 15.62, 1.56, 24.56, 16.99, 2.23, 20.84, 14.4, 13.18, 15.19, 7.99, 28.13, 0.31, 0.62, 1.08, 1.25, 19.02, 9.32, 5.95, 0.22, 1.82, 39.0, 0.93, 0.55, 1.72, 72.63, 2.66, 0.87, 0.23, 46.48, 24.25, 26.08, 20.23, 47.84, 2.05, 0.55, 42.44, 44.68, 68.22, 949.66], "is_optimal": true}
