{"decisions": {"1 -> 2": -0.0, "1 -> 10": -0.0, "1 -> 8": -0.0, "1 -> 7": -0.0, "1 -> 4": 0.0, "1 -> 9": -0.0, "1 -> 5": -0.0, "1 -> 3": -0.0, "1 -> 6": 0.0, "2 -> 3": -0.0, "2 -> 4": -0.0, "2 -> 7": -0.0, "2 -> 9": -0.0, "2 -> 8": -0.0, "2 -> 10": -0.0, "2 -> 1": -0.0, "2 -> 5": -0.0, "2 -> 6": -0.0, "3 -> 4": -0.0, "3 -> 2": 1.0, "3 -> 1": 1.0, "3 -> 7": 0.0, "3 -> 10": -0.0, "3 -> 9": 1.0, "3 -> 8": -0.0, "4 -> 5": 1.0, "4 -> 3": 1.0, "4 -> 10": -0.0, "4 -> 8": -0.0, "4 -> 7": -0.0, "4 -> 2": -0.0, "4 -> 6": -0.0, "4 -> 1": -0.0, "4 -> 9": -0.0, "5 -> 6": 1.0, "5 -> 2": 0.0, "5 -> 8": -0.0, "5 -> 3": 1.0, "5 -> 10": -0.0, "5 -> 1": -0.0, "6 -> 7": 1.0, "6 -> 10": -0.0, "6 -> 8": -0.0, "6 -> 1": 0.9999999999999998, "6 -> 3": 0.0, "6 -> 5": -0.0, "6 -> 4": 1.0, "7 -> 8": 1.0, "7 -> 1": -0.0, "7 -> 9": -0.0, "7 -> 2": 1.0, "7 -> 3": 0.0, "7 -> 10": -0.0, "7 -> 5": -0.0, "7 -> 4": -0.0, "7 -> 6": -0.0, "8 -> 9": 1.0, "8 -> 3": -0.0, "8 -> 7": -0.0, "8 -> 2": 0.0, "8 -> 6": -0.0, "8 -> 4": -0.0, "8 -> 5": 1.0, "8 -> 1": 1.0, "8 -> 10": -0.0, "9 -> 10": -0.0, "9 -> 6": 1.0, "9 -> 2": 0.0, "9 -> 7": -0.0, "9 -> 3": -0.0, "9 -> 8": -0.0, "9 -> 5": -0.0, "9 -> 4": 1.0, "10 -> 1": -0.0, "10 -> 6": -0.0, "10 -> 4": -0.0, "10 -> 9": 1.0000000000000024, "10 -> 7": -0.0, "10 -> 5": -0.0, "10 -> 8": 0.0, "10 -> 2": -0.0, "10 -> 3": 1.0}, "decision_costs": {"1 -> 2": 3005.0, "1 -> 10": 1232.0, "1 -> 8": 1893.0, "1 -> 7": 1863.0, "1 -> 4": 1232.0, "1 -> 9": 2074.0, "1 -> 5": 2104.0, "1 -> 3": 2585.0, "1 -> 6": 391.0, "2 -> 3": 3005.0, "2 -> 4": 2224.0, "2 -> 7": 1713.0, "2 -> 9": 902.0, "2 -> 8": 1833.0, "2 -> 10": 2585.0, "2 -> 1": 2765.0, "2 -> 5": 2104.0, "2 -> 6": 782.0, "3 -> 4": 3005.0, "3 -> 2": 2795.0, "3 -> 1": 722.0, "3 -> 7": 1202.0, "3 -> 10": 2615.0, "3 -> 9": 361.0, "3 -> 8": 2014.0, "4 -> 5": 3005.0, "4 -> 3": 541.0, "4 -> 10": 1623.0, "4 -> 8": 1473.0, "4 -> 7": 2705.0, "4 -> 2": 2164.0, "4 -> 6": 2404.0, "4 -> 1": 1803.0, "4 -> 9": 2675.0, "5 -> 6": 3005.0, "5 -> 2": 631.0, "5 -> 8": 2705.0, "5 -> 3": 2645.0, "5 -> 10": 2915.0, "5 -> 1": 2554.0, "6 -> 7": 3005.0, "6 -> 10": 1533.0, "6 -> 8": 1984.0, "6 -> 1": 451.0, "6 -> 3": 872.0, "6 -> 5": 1833.0, "6 -> 4": 872.0, "7 -> 8": 3005.0, "7 -> 1": 1443.0, "7 -> 9": 2885.0, "7 -> 2": 451.0, "7 -> 3": 1803.0, "7 -> 10": 451.0, "7 -> 5": 421.0, "7 -> 4": 2494.0, "7 -> 6": 1353.0, "8 -> 9": 3005.0, "8 -> 3": 1713.0, "8 -> 7": 1803.0, "8 -> 2": 1293.0, "8 -> 6": 1713.0, "8 -> 4": 1142.0, "8 -> 5": 1443.0, "8 -> 1": 1232.0, "8 -> 10": 1563.0, "9 -> 10": 3005.0, "9 -> 6": 1503.0, "9 -> 2": 2464.0, "9 -> 7": 1082.0, "9 -> 3": 2044.0, "9 -> 8": 2104.0, "9 -> 5": 1773.0, "9 -> 4": 481.0, "10 -> 1": 3005.0, "10 -> 6": 1893.0, "10 -> 4": 2705.0, "10 -> 9": 992.0, "10 -> 7": 2104.0, "10 -> 5": 2164.0, "10 -> 8": 541.0, "10 -> 2": 2224.0, "10 -> 3": 1533.0}, "bounds": [-1e+100, 0.0, 11238.0, 11238.0, 15080.0, 15080.0, 16688.0, 19012.0, 20188.0, 20407.0, 20407.0, 20407.0, 21335.0, 21335.0, 21335.0, 21335.0, 21514.0, 21514.0, 21514.0, 21514.0, 21514.0, 21514.0, 21514.0, 21514.0, 21514.0, 21514.0, 21514.0, 21514.0, 21514.0, 21514.0, 21514.0, 21514.0, 21514.0, 21514.0, 21514.0, 21514.0, 21514.0, 22085.0, 22085.0, 22085.0, 22085.0, 23398.0, 24081.0, 24084.0, 26403.0, 26403.0, 26403.0, 26403.0, 26403.0, 26731.0, 27058.0, 27602.0, 27867.0, 27867.0, 28524.0, 29096.0, 29875.0, 29875.0, 30023.0], "objectives": [53406.0, 151234.0, 32637.0, 116010.0, 45892.0, 44269.0, 43638.0, 26300.0, 42859.0, 38952.0, 38438.0, 42108.0, 40575.0, 39884.0, 43519.0, 38528.0, 35974.0, 34500.0, 37689.0, 35376.0, 36488.0, 34682.0, 34352.0, 36154.0, 33117.0, 36604.0, 33720.0, 36158.0, 36453.0, 35641.0, 33718.0, 33568.0, 33147.0, 31283.0, 32911.0, 32546.0, 32546.0, 31795.0, 32462.0, 31169.0, 32278.0, 31107.0, 32339.0, 31734.0, 31617.0, 31047.0, 31493.0, 31465.0, 30719.0, 31198.0, 31409.0, 30869.0, 31259.0, 31048.0, 31438.0, 31409.0, 31017.0, 31077.0, 31047.0], "run_times": [0.0, 0.12, 0.12, 0.12, 0.06, 0.07, 0.09, 2.63, 4.55, 4.82, 3.77, 4.34, 4.52, 2.72, 4.49, 4.62, 4.2, 2.3, 2.9, 3.72, 4.52, 4.08, 4.77, 4.13, 5.18, 3.83, 1.59, 2.29, 3.84, 3.22, 1.02, 0.17, 0.04, 0.73, 2.18, 3.59, 4.17, 6.31, 2.45, 4.36, 4.67, 22.05, 1.54, 0.26, 21.62, 2.66, 2.01, 2.87, 1.11, 20.0, 8.74, 4.26, 4.79, 3.51, 3.81, 3.8, 7.5, 2.04, 3.45], "is_optimal": true}
