{"decisions": {"1 -> 7": -0.0, "1 -> 9": -0.0, "1 -> 3": -0.0, "1 -> 6": 1.0, "1 -> 10": 1.0, "1 -> 8": -0.0, "2 -> 3": 1.0, "2 -> 1": -0.0, "2 -> 7": 0.9999999999999998, "3 -> 5": -0.0, "3 -> 4": -0.0, "3 -> 6": -0.0, "3 -> 9": -0.0, "3 -> 1": -0.0, "3 -> 8": 1.0, "3 -> 7": -0.0, "3 -> 2": 1.0, "4 -> 7": -0.0, "4 -> 10": -0.0, "4 -> 3": 1.0, "4 -> 6": 0.9999999999999986, "4 -> 5": -0.0, "5 -> 1": 1.0, "5 -> 7": -0.0, "5 -> 9": 0.9999999999999893, "5 -> 2": -0.0, "5 -> 6": -0.0, "6 -> 1": 1.0, "6 -> 8": -0.0, "6 -> 9": 1.1213252548714081e-14, "6 -> 10": 0.0, "6 -> 4": 1.0, "7 -> 10": 1.0, "7 -> 1": 1.0000000000000004, "7 -> 9": -0.0, "8 -> 5": 0.9999999999999997, "8 -> 7": 1.0, "8 -> 4": 0.9999999999999989, "8 -> 3": -0.0, "9 -> 1": -0.0, "9 -> 6": -0.0, "9 -> 7": -0.0, "9 -> 10": -0.0, "9 -> 3": 1.0, "10 -> 4": -0.0, "10 -> 6": -0.0, "10 -> 8": 1.0, "10 -> 9": -0.0, "10 -> 1": -0.0, "10 -> 2": -0.0}, "decision_costs": {"1 -> 7": 13158.0, "1 -> 9": 12878.0, "1 -> 3": 20437.0, "1 -> 6": 13718.0, "1 -> 10": 16238.0, "1 -> 8": 9239.0, "2 -> 3": 9519.0, "2 -> 1": 26036.0, "2 -> 7": 6999.0, "3 -> 5": 8399.0, "3 -> 4": 9519.0, "3 -> 6": 23517.0, "3 -> 9": 19317.0, "3 -> 1": 15958.0, "3 -> 8": 4480.0, "3 -> 7": 22677.0, "3 -> 2": 3080.0, "4 -> 7": 22397.0, "4 -> 10": 20437.0, "4 -> 3": 17078.0, "4 -> 6": 12599.0, "4 -> 5": 21557.0, "5 -> 1": 6439.0, "5 -> 7": 19038.0, "5 -> 9": 8679.0, "5 -> 2": 12878.0, "5 -> 6": 19877.0, "6 -> 1": 7839.0, "6 -> 8": 25477.0, "6 -> 9": 5320.0, "6 -> 10": 22957.0, "6 -> 4": 4200.0, "7 -> 10": 8119.0, "7 -> 1": 11759.0, "7 -> 9": 19317.0, "8 -> 5": 7559.0, "8 -> 7": 9519.0, "8 -> 4": 2800.0, "8 -> 3": 10359.0, "9 -> 1": 27156.0, "9 -> 6": 23237.0, "9 -> 7": 9239.0, "9 -> 10": 14278.0, "9 -> 3": 15118.0, "10 -> 4": 8959.0, "10 -> 6": 22117.0, "10 -> 8": 10079.0, "10 -> 9": 16238.0, "10 -> 1": 24917.0, "10 -> 2": 10639.0}, "bounds": [-1e+100, -1e+100, -1e+100, -1e+100, 0.0, 14385.0, 14385.0, 14385.0, 14385.0, 74426.0, 74426.0, 89026.0, 89026.0, 99049.0, 99049.0, 108503.0, 114366.0, 120801.06, 120801.06, 120801.06, 120801.06, 120801.06, 120801.06, 120801.06, 120801.06, 120801.06, 120801.06, 120801.06, 120801.06, 120801.06, 120801.06, 120801.06, 120801.06, 120801.06, 120801.06, 120801.06, 120801.06, 120801.06, 120801.06, 120801.06, 120801.06, 120801.06, 120801.06, 120801.06, 120801.06, 120801.06, 120801.06, 120801.06, 120801.06, 120801.06, 120801.06, 120801.06, 120801.06, 120801.06, 120801.06, 120801.06, 120801.06, 121386.03, 121386.03, 121386.03, 121386.03, 121386.03, 121386.03, 121386.03, 121386.03, 121386.03, 121386.03, 121386.03, 121386.03, 121386.03, 121386.03, 121386.03, 121386.03, 121386.03, 121386.03, 121386.03, 121386.03, 121386.03, 121386.03, 121386.03, 121386.03, 121386.03, 121386.03, 121386.03, 121386.03, 121386.03, 121386.03, 121386.03, 121386.03, 121386.03, 121386.03, 121386.03, 121386.03, 121386.03, 121386.03, 121386.03, 121386.03, 121386.03, 121386.03, 121386.03, 121386.03, 121386.03, 121386.03, 121386.03, 121386.03, 121386.03, 121386.03, 121386.03, 121386.03, 121386.03, 121386.03, 121386.03, 121386.03, 121386.03, 121386.03, 121386.03, 121386.03, 121386.03, 121386.03, 125454.0, 125454.0, 125454.0, 125454.0, 125454.0, 125454.0, 125454.0, 125454.0, 125454.0, 125454.0, 125454.0, 125454.0, 125454.0, 125454.0, 130497.0, 130497.0, 130497.0, 130497.0, 130497.0, 130497.0, 135152.0, 135152.0, 135152.0, 135152.0, 135152.0, 135152.0, 137122.0, 138569.0, 139796.0, 139796.0, 139796.0, 139796.0, 140242.0, 140564.12, 140735.0, 140735.0, 140735.0, 140735.0, 140735.0, 140735.0, 140735.0, 140735.0, 140735.0, 140735.0, 140735.0, 142649.12, 142649.12, 142649.12, 142649.12, 142649.12, 142649.12, 144531.0, 144581.0, 144581.0, 144581.0, 144581.0, 144581.0, 144581.0, 144581.0, 144581.0, 144581.0, 144581.0, 144581.0, 144581.0, 144581.0, 144581.0, 144581.0, 144581.0, 144581.0, 144581.0, 144581.0, 144581.0, 144581.0, 144581.0, 144581.0, 144581.0, 145911.0, 145911.0, 145911.0, 145911.0, 145911.0, 145911.0, 145911.0, 145911.0, 145911.0, 145911.0, 145911.0, 145911.0, 145911.0, 145911.0, 145911.0, 145911.0, 145911.0, 145911.0, 145911.0, 145911.0, 146221.0, 146221.0, 146221.0, 146221.0, 146221.0, 146221.0, 148492.0, 148492.0, 148492.0, 148492.0, 148492.0, 148492.0, 148492.0, 148492.0, 149709.0, 151878.0, 154678.0, 154678.0, 155512.0, 155512.0, 155512.0, 155512.0, 156103.0, 157723.0, 157723.0, 158423.0, 158574.0, 158574.0, 158657.0, 159005.13, 159005.13, 159005.13, 159005.13, 159005.13, 159005.13, 159005.13, 159005.13, 160046.0, 160083.1, 160134.09, 160134.09, 160134.09, 160134.09, 161507.0, 162134.0, 162352.0, 162627.0, 162627.0, 163151.0, 163406.0, 163425.0, 163630.0, 164449.0, 164485.09, 164626.0, 165042.09, 165176.0, 165191.08, 165474.03, 165933.0, 165985.12, 166785.0, 167052.0, 168176.0, 168280.0, 169774.0, 170608.0], "objectives": [0.0, 0.0, 0.0, 0.0, 0.0, 41995.0, 72793.0, 94911.0, 109189.0, 108627.0, 152301.0, 108349.0, 204656.0, 115626.0, 171059.0, 137464.0, 140543.0, 129066.0, 131305.0, 134945.0, 133546.0, 137184.0, 140265.0, 147263.0, 146984.0, 148382.0, 151463.0, 148944.0, 154822.0, 162941.0, 168821.0, 152304.0, 157342.0, 153422.0, 162102.0, 173579.0, 178059.0, 164622.0, 189818.0, 186737.0, 188418.0, 159863.0, 204936.0, 192618.0, 198497.0, 170779.0, 174419.0, 193738.0, 186178.0, 188418.0, 249731.0, 187858.0, 186178.0, 192338.0, 189257.0, 182819.0, 192898.0, 194577.0, 216135.0, 205776.0, 209416.0, 192337.0, 198497.0, 203257.0, 157062.0, 208297.0, 159861.0, 253090.0, 229853.0, 207176.0, 225654.0, 256449.0, 161262.0, 172179.0, 213335.0, 183660.0, 173581.0, 187019.0, 181420.0, 176101.0, 169940.0, 176940.0, 178339.0, 172180.0, 182259.0, 188418.0, 187857.0, 308802.0, 186179.0, 195138.0, 183099.0, 176660.0, 180020.0, 196258.0, 186739.0, 187578.0, 192616.0, 164341.0, 197937.0, 191777.0, 195136.0, 171621.0, 204656.0, 208016.0, 200736.0, 227892.0, 209975.0, 386914.0, 272688.0, 379632.0, 240210.0, 222575.0, 251410.0, 254210.0, 262889.0, 180580.0, 173300.0, 205495.0, 373752.0, 205496.0, 167702.0, 221453.0, 243850.0, 254489.0, 257848.0, 263727.0, 216134.0, 226493.0, 236292.0, 239092.0, 211095.0, 213336.0, 225094.0, 218653.0, 178620.0, 210535.0, 174980.0, 177221.0, 186740.0, 185338.0, 172741.0, 180859.0, 182820.0, 183659.0, 184779.0, 186178.0, 181419.0, 169941.0, 179180.0, 180301.0, 181699.0, 183660.0, 160143.0, 183100.0, 172742.0, 173861.0, 179181.0, 183101.0, 183100.0, 175540.0, 176381.0, 178620.0, 177781.0, 180021.0, 173302.0, 175821.0, 179459.0, 172179.0, 169942.0, 179181.0, 166302.0, 162943.0, 172462.0, 168541.0, 172462.0, 166022.0, 169661.0, 169381.0, 178061.0, 173861.0, 173301.0, 162102.0, 173300.0, 170501.0, 172741.0, 171900.0, 175820.0, 174700.0, 176660.0, 178339.0, 178619.0, 169102.0, 178059.0, 173301.0, 178341.0, 176940.0, 175821.0, 179180.0, 176380.0, 177221.0, 170781.0, 174981.0, 178340.0, 179180.0, 173582.0, 178901.0, 177220.0, 176941.0, 175820.0, 177499.0, 174421.0, 176379.0, 178899.0, 179179.0, 174139.0, 178061.0, 175539.0, 178340.0, 171342.0, 178900.0, 177501.0, 177501.0, 174422.0, 174980.0, 174981.0, 178061.0, 175819.0, 178900.0, 177500.0, 177499.0, 176661.0, 176379.0, 173861.0, 175819.0, 174142.0, 176660.0, 169942.0, 175541.0, 176380.0, 175541.0, 172740.0, 175540.0, 174421.0, 176660.0, 175538.0, 174981.0, 176101.0, 176660.0, 174980.0, 175540.0, 173860.0, 176379.0, 175261.0, 174981.0, 175818.0, 175540.0, 176660.0, 174982.0, 174141.0, 176380.0, 175541.0, 175540.0, 175821.0, 170781.0, 174701.0, 174420.0, 172741.0, 175542.0, 175261.0, 175540.0, 174981.0, 173301.0, 175260.0, 175539.0, 175819.0, 175820.0, 175541.0, 174980.0, 175820.0, 174421.0, 173581.0, 175541.0],