{"decisions": {"1 -> 2": -0.0, "1 -> 10": -0.0, "1 -> 8": -0.0, "1 -> 7": 0.0, "1 -> 4": -0.0, "1 -> 9": -0.0, "1 -> 5": -0.0, "1 -> 3": -0.0, "1 -> 6": 0.0, "2 -> 3": -0.0, "2 -> 4": -0.0, "2 -> 7": -0.0, "2 -> 9": -0.0, "2 -> 8": -0.0, "2 -> 10": -0.0, "2 -> 1": -0.0, "2 -> 5": -0.0, "2 -> 6": 0.0, "3 -> 4": -0.0, "3 -> 2": 1.0, "3 -> 1": 1.0, "3 -> 7": 0.0, "3 -> 10": -0.0, "3 -> 9": 1.0000000000000002, "3 -> 8": -0.0, "4 -> 5": 1.0, "4 -> 3": 1.0, "4 -> 10": 0.0, "4 -> 8": 0.0, "4 -> 7": -0.0, "4 -> 2": -0.0, "4 -> 6": -0.0, "4 -> 1": -0.0, "4 -> 9": -0.0, "5 -> 6": 1.0, "5 -> 2": -0.0, "5 -> 8": 0.0, "5 -> 3": 1.0, "5 -> 10": -0.0, "5 -> 1": 0.0, "6 -> 7": 1.0, "6 -> 10": -0.0, "6 -> 8": -0.0, "6 -> 1": 1.0, "6 -> 3": 0.0, "6 -> 5": -0.0, "6 -> 4": 1.0, "7 -> 8": 1.0, "7 -> 1": -0.0, "7 -> 9": -0.0, "7 -> 2": 1.0, "7 -> 3": 0.0, "7 -> 10": -0.0, "7 -> 5": -0.0, "7 -> 4": -0.0, "7 -> 6": -0.0, "8 -> 9": 1.0, "8 -> 3": -0.0, "8 -> 7": -0.0, "8 -> 2": 0.0, "8 -> 6": -0.0, "8 -> 4": -0.0, "8 -> 5": 1.0, "8 -> 1": 1.0, "8 -> 10": -0.0, "9 -> 10": -0.0, "9 -> 6": 0.9999999999999859, "9 -> 2": -0.0, "9 -> 7": -0.0, "9 -> 3": -0.0, "9 -> 8": -0.0, "9 -> 5": -0.0, "9 -> 4": 1.0, "10 -> 1": -0.0, "10 -> 6": -0.0, "10 -> 4": -0.0, "10 -> 9": 1.0, "10 -> 7": -0.0, "10 -> 5": -0.0, "10 -> 8": 0.0, "10 -> 2": -0.0, "10 -> 3": 1.0}, "decision_costs": {"1 -> 2": 3005.0, "1 -> 10": 1232.0, "1 -> 8": 1893.0, "1 -> 7": 1863.0, "1 -> 4": 1232.0, "1 -> 9": 2074.0, "1 -> 5": 2104.0, "1 -> 3": 2585.0, "1 -> 6": 391.0, "2 -> 3": 3005.0, "2 -> 4": 2224.0, "2 -> 7": 1713.0, "2 -> 9": 902.0, "2 -> 8": 1833.0, "2 -> 10": 2585.0, "2 -> 1": 2765.0, "2 -> 5": 2104.0, "2 -> 6": 782.0, "3 -> 4": 3005.0, "3 -> 2": 2795.0, "3 -> 1": 722.0, "3 -> 7": 1202.0, "3 -> 10": 2615.0, "3 -> 9": 361.0, "3 -> 8": 2014.0, "4 -> 5": 3005.0, "4 -> 3": 541.0, "4 -> 10": 1623.0, "4 -> 8": 1473.0, "4 -> 7": 2705.0, "4 -> 2": 2164.0, "4 -> 6": 2404.0, "4 -> 1": 1803.0, "4 -> 9": 2675.0, "5 -> 6": 3005.0, "5 -> 2": 631.0, "5 -> 8": 2705.0, "5 -> 3": 2645.0, "5 -> 10": 2915.0, "5 -> 1": 2554.0, "6 -> 7": 3005.0, "6 -> 10": 1533.0, "6 -> 8": 1984.0, "6 -> 1": 451.0, "6 -> 3": 872.0, "6 -> 5": 1833.0, "6 -> 4": 872.0, "7 -> 8": 3005.0, "7 -> 1": 1443.0, "7 -> 9": 2885.0, "7 -> 2": 451.0, "7 -> 3": 1803.0, "7 -> 10": 451.0, "7 -> 5": 421.0, "7 -> 4": 2494.0, "7 -> 6": 1353.0, "8 -> 9": 3005.0, "8 -> 3": 1713.0, "8 -> 7": 1803.0, "8 -> 2": 1293.0, "8 -> 6": 1713.0, "8 -> 4": 1142.0, "8 -> 5": 1443.0, "8 -> 1": 1232.0, "8 -> 10": 1563.0, "9 -> 10": 3005.0, "9 -> 6": 1503.0, "9 -> 2": 2464.0, "9 -> 7": 1082.0, "9 -> 3": 2044.0, "9 -> 8": 2104.0, "9 -> 5": 1773.0, "9 -> 4": 481.0, "10 -> 1": 3005.0, "10 -> 6": 1893.0, "10 -> 4": 2705.0, "10 -> 9": 992.0, "10 -> 7": 2104.0, "10 -> 5": 2164.0, "10 -> 8": 541.0, "10 -> 2": 2224.0, "10 -> 3": 1533.0}, "bounds": [-1e+100, -1e+100, -1e+100, -1e+100, 0.0, 5211.0, 5211.0, 5211.0, 15087.0, 15087.0, 19332.0, 20691.0, 21608.0, 21608.0, 23185.0, 23185.0, 23185.0, 25528.0, 25528.0, 25528.0, 25528.0, 25528.0, 25528.0, 25528.0, 25528.0, 25528.0, 25528.0, 25528.0, 25528.0, 25528.0, 25528.0, 25528.0, 25528.0, 25528.0, 25528.0, 25528.0, 25528.0, 25528.0, 25528.0, 25528.0, 25528.0, 25528.0, 25528.0, 25528.0, 25528.0, 25711.0, 26224.0, 26224.0, 26224.0, 26224.0, 26224.0, 26224.0, 26224.0, 26224.0, 26224.0, 26224.0, 26224.0, 26224.0, 26224.0, 26224.0, 26224.0, 26224.0, 26224.0, 26772.0, 26804.0, 26804.0, 26804.0, 26804.0, 29708.0], "objectives": [0.0, 0.0, 0.0, 0.0, 0.0, 6371.0, 11630.0, 25760.0, 30115.0, 24824.0, 27862.0, 31585.0, 48960.0, 31979.0, 34862.0, 49864.0, 52418.0, 27947.0, 28640.0, 29392.0, 29934.0, 30503.0, 31375.0, 32129.0, 33089.0, 31409.0, 30118.0, 37207.0, 37657.0, 35767.0, 36065.0, 34956.0, 34053.0, 34561.0, 39130.0, 38498.0, 40483.0, 36906.0, 39495.0, 35856.0, 33843.0, 36637.0, 36758.0, 35673.0, 41052.0, 40937.0, 40546.0, 37057.0, 38442.0, 40335.0, 39460.0, 39400.0, 38411.0, 38471.0, 30411.0, 32247.0, 37032.0, 32430.0, 38830.0, 37809.0, 38021.0, 34742.0, 31465.0, 30716.0, 30866.0, 31313.0, 31317.0, 31047.0, 31017.0], "run_times": [0.0, 0.07, 0.02, 0.02, 0.02, 0.02, 0.05, 0.07, 0.06, 0.08, 0.08, 0.07, 0.07, 0.06, 0.11, 0.07, 0.08, 2.51, 2.19, 1.63, 2.24, 1.86, 1.79, 1.87, 2.09, 2.11, 2.38, 2.46, 1.97, 1.92, 1.87, 1.41, 1.98, 1.45, 1.87, 1.43, 1.74, 1.69, 1.99, 2.21, 2.18, 1.9, 1.71, 1.79, 1.65, 1.99, 1.76, 1.45, 1.59, 2.44, 2.32, 2.09, 0.86, 1.87, 1.19, 2.0, 1.41, 1.62, 1.81, 2.15, 1.78, 1.41, 1.43, 27.22, 1.15, 1.01, 1.66, 1.94, 2.08], "is_optimal": true}
