{"decisions": {"1 -> 2": -0.0, "1 -> 10": -0.0, "1 -> 8": -0.0, "1 -> 7": 0.0, "1 -> 4": -0.0, "1 -> 9": -0.0, "1 -> 5": -0.0, "1 -> 3": -0.0, "1 -> 6": -0.0, "2 -> 3": -0.0, "2 -> 4": -0.0, "2 -> 7": -0.0, "2 -> 9": -0.0, "2 -> 8": -0.0, "2 -> 10": -0.0, "2 -> 1": -0.0, "2 -> 5": -0.0, "2 -> 6": -0.0, "3 -> 4": -0.0, "3 -> 2": 1.0, "3 -> 1": 1.0000000000000093, "3 -> 7": -0.0, "3 -> 10": -0.0, "3 -> 9": 0.9999999999999994, "3 -> 8": -0.0, "4 -> 5": 1.0, "4 -> 3": 1.0000000000000058, "4 -> 10": -0.0, "4 -> 8": -0.0, "4 -> 7": -0.0, "4 -> 2": -0.0, "4 -> 6": -0.0, "4 -> 1": 0.0, "4 -> 9": -0.0, "5 -> 6": 1.0, "5 -> 2": -0.0, "5 -> 8": -0.0, "5 -> 3": 1.0, "5 -> 10": -0.0, "5 -> 1": -0.0, "6 -> 7": 1.0, "6 -> 10": -0.0, "6 -> 8": -0.0, "6 -> 1": 1.0, "6 -> 3": -0.0, "6 -> 5": -0.0, "6 -> 4": 1.0, "7 -> 8": 1.0, "7 -> 1": -0.0, "7 -> 9": -0.0, "7 -> 2": 1.0, "7 -> 3": -0.0, "7 -> 10": -0.0, "7 -> 5": -0.0, "7 -> 4": -0.0, "7 -> 6": -0.0, "8 -> 9": 1.0, "8 -> 3": -0.0, "8 -> 7": -0.0, "8 -> 2": 0.0, "8 -> 6": -0.0, "8 -> 4": 0.0, "8 -> 5": 1.0, "8 -> 1": 1.0, "8 -> 10": -0.0, "9 -> 10": -0.0, "9 -> 6": 1.0000000000000009, "9 -> 2": -0.0, "9 -> 7": -0.0, "9 -> 3": -0.0, "9 -> 8": -0.0, "9 -> 5": -0.0, "9 -> 4": 1.0, "10 -> 1": -0.0, "10 -> 6": -0.0, "10 -> 4": -0.0, "10 -> 9": 1.0, "10 -> 7": -0.0, "10 -> 5": -0.0, "10 -> 8": -0.0, "10 -> 2": -0.0, "10 -> 3": 1.0}, "decision_costs": {"1 -> 2": 6010.0, "1 -> 10": 2464.0, "1 -> 8": 3786.0, "1 -> 7": 3726.0, "1 -> 4": 2464.0, "1 -> 9": 4147.0, "1 -> 5": 4207.0, "1 -> 3": 5169.0, "1 -> 6": 782.0, "2 -> 3": 6010.0, "2 -> 4": 4447.0, "2 -> 7": 3426.0, "2 -> 9": 1803.0, "2 -> 8": 3666.0, "2 -> 10": 5169.0, "2 -> 1": 5529.0, "2 -> 5": 4207.0, "2 -> 6": 1563.0, "3 -> 4": 6010.0, "3 -> 2": 5589.0, "3 -> 1": 1443.0, "3 -> 7": 2404.0, "3 -> 10": 5229.0, "3 -> 9": 722.0, "3 -> 8": 4027.0, "4 -> 5": 6010.0, "4 -> 3": 1082.0, "4 -> 10": 3246.0, "4 -> 8": 2945.0, "4 -> 7": 5409.0, "4 -> 2": 4327.0, "4 -> 6": 4808.0, "4 -> 1": 3606.0, "4 -> 9": 5349.0, "5 -> 6": 6010.0, "5 -> 2": 1262.0, "5 -> 8": 5409.0, "5 -> 3": 5289.0, "5 -> 10": 5830.0, "5 -> 1": 5108.0, "6 -> 7": 6010.0, "6 -> 10": 3065.0, "6 -> 8": 3967.0, "6 -> 1": 902.0, "6 -> 3": 1743.0, "6 -> 5": 3666.0, "6 -> 4": 1743.0, "7 -> 8": 6010.0, "7 -> 1": 2885.0, "7 -> 9": 5770.0, "7 -> 2": 902.0, "7 -> 3": 3606.0, "7 -> 10": 902.0, "7 -> 5": 842.0, "7 -> 4": 4988.0, "7 -> 6": 2705.0, "8 -> 9": 6010.0, "8 -> 3": 3426.0, "8 -> 7": 3606.0, "8 -> 2": 2585.0, "8 -> 6": 3426.0, "8 -> 4": 2284.0, "8 -> 5": 2885.0, "8 -> 1": 2464.0, "8 -> 10": 3125.0, "9 -> 10": 6010.0, "9 -> 6": 3005.0, "9 -> 2": 4928.0, "9 -> 7": 2164.0, "9 -> 3": 4087.0, "9 -> 8": 4207.0, "9 -> 5": 3546.0, "9 -> 4": 962.0, "10 -> 1": 6010.0, "10 -> 6": 3786.0, "10 -> 4": 5409.0, "10 -> 9": 1984.0, "10 -> 7": 4207.0, "10 -> 5": 4327.0, "10 -> 8": 1082.0, "10 -> 2": 4447.0, "10 -> 3": 3065.0}, "bounds": [-1e+100, -1e+100, -1e+100, -1e+100, 0.0, 10422.0, 10422.0, 10422.0, 30171.0, 30171.0, 38659.0, 41378.0, 43213.0, 43213.0, 46364.0, 46364.0, 46364.0, 50644.01, 51810.0, 51810.0, 51810.0, 51810.0, 51810.0, 51810.0, 51810.0, 51810.0, 51810.0, 51810.0, 51810.0, 51810.0, 51810.0, 51810.0, 51810.0, 51810.0, 51810.0, 51810.0, 51810.0, 51810.0, 51810.0, 51810.0, 51810.0, 51810.0, 51810.0, 51810.0, 51810.0, 51810.0, 51810.0, 51810.0, 51810.0, 51810.0, 52841.0, 53065.0, 53065.0, 53065.0, 53065.0, 53065.0, 53065.0, 53065.0, 53065.0, 53065.0, 53065.0, 53065.0, 53065.0, 53065.0, 53065.0, 53065.0, 53065.0, 53065.0, 54533.0, 57686.0], "objectives": [0.0, 0.0, 0.0, 0.0, 0.0, 12742.0, 23260.0, 51512.0, 60223.0, 49645.0, 55717.0, 63167.0, 97908.0, 63951.0, 64851.0, 99712.0, 104821.0, 58117.0, 65572.0, 61065.0, 58781.0, 63710.0, 63230.0, 72126.0, 73986.0, 61305.0, 67798.0, 69540.0, 68819.0, 73084.0, 82524.0, 80719.0, 64672.0, 70502.0, 78194.0, 68940.0, 72786.0, 94004.0, 74047.0, 70141.0, 89194.0, 96165.0, 69782.0, 76152.0, 80480.0, 78616.0, 82222.0, 79157.0, 92501.0, 78914.0, 76152.0, 66053.0, 69119.0, 77715.0, 65453.0, 78554.0, 78134.0, 75490.0, 68518.0, 69962.0, 68517.0, 65814.0, 67497.0, 63531.0, 62328.0, 64491.0, 65213.0, 62087.0, 61547.0, 62028.0], "run_times": [0.0, 0.09, 0.03, 0.02, 0.02, 0.03, 0.05, 0.08, 0.07, 0.07, 0.08, 0.07, 0.07, 0.06, 0.11, 0.08, 0.08, 2.35, 2.66, 1.39, 1.83, 1.72, 1.46, 2.0, 1.85, 1.94, 1.53, 1.4, 2.27, 2.62, 2.13, 2.32, 2.02, 2.55, 1.93, 2.37, 1.8, 1.32, 1.61, 1.7, 1.86, 2.51, 2.74, 2.14, 2.55, 2.18, 1.57, 2.08, 1.55, 1.45, 2.16, 2.17, 1.79, 2.27, 2.29, 1.35, 1.12, 1.9, 1.75, 1.83, 8.44, 0.28, 0.08, 0.02, 0.04, 0.07, 0.08, 1.02, 7.88, 2.48], "is_optimal": true}
