{"decisions": {"1 -> 2": -0.0, "1 -> 10": -0.0, "1 -> 8": -0.0, "1 -> 7": -0.0, "1 -> 4": -0.0, "1 -> 9": -0.0, "1 -> 5": -0.0, "1 -> 3": -0.0, "1 -> 6": -0.0, "2 -> 3": -0.0, "2 -> 4": -0.0, "2 -> 7": -0.0, "2 -> 9": -0.0, "2 -> 8": -0.0, "2 -> 10": -0.0, "2 -> 1": -0.0, "2 -> 5": -0.0, "2 -> 6": -0.0, "3 -> 4": -0.0, "3 -> 2": 0.9999999999999913, "3 -> 1": 1.0, "3 -> 7": 0.0, "3 -> 10": -0.0, "3 -> 9": 1.0000000000000087, "3 -> 8": -0.0, "4 -> 5": 1.0, "4 -> 3": 1.0, "4 -> 10": -0.0, "4 -> 8": -0.0, "4 -> 7": -0.0, "4 -> 2": -0.0, "4 -> 6": -0.0, "4 -> 1": -0.0, "4 -> 9": -0.0, "5 -> 6": 1.0, "5 -> 2": 0.0, "5 -> 8": -0.0, "5 -> 3": 1.0, "5 -> 10": -0.0, "5 -> 1": -0.0, "6 -> 7": 1.0, "6 -> 10": -0.0, "6 -> 8": -0.0, "6 -> 1": 1.0000000000000002, "6 -> 3": 0.0, "6 -> 5": -0.0, "6 -> 4": 1.0, "7 -> 8": 1.0, "7 -> 1": -0.0, "7 -> 9": -0.0, "7 -> 2": 1.0, "7 -> 3": -0.0, "7 -> 10": -0.0, "7 -> 5": -0.0, "7 -> 4": -0.0, "7 -> 6": -0.0, "8 -> 9": 1.0, "8 -> 3": -0.0, "8 -> 7": -0.0, "8 -> 2": -0.0, "8 -> 6": -0.0, "8 -> 4": -0.0, "8 -> 5": 1.0, "8 -> 1": 1.0, "8 -> 10": -0.0, "9 -> 10": -0.0, "9 -> 6": 1.0, "9 -> 2": -0.0, "9 -> 7": -0.0, "9 -> 3": -0.0, "9 -> 8": -0.0, "9 -> 5": -0.0, "9 -> 4": 1.0, "10 -> 1": -0.0, "10 -> 6": -0.0, "10 -> 4": -0.0, "10 -> 9": 1.0, "10 -> 7": -0.0, "10 -> 5": -0.0, "10 -> 8": -0.0, "10 -> 2": -0.0, "10 -> 3": 1.0}, "decision_costs": {"1 -> 2": 3005.0, "1 -> 10": 1232.0, "1 -> 8": 1893.0, "1 -> 7": 1863.0, "1 -> 4": 1232.0, "1 -> 9": 2074.0, "1 -> 5": 2104.0, "1 -> 3": 2585.0, "1 -> 6": 391.0, "2 -> 3": 3005.0, "2 -> 4": 2224.0, "2 -> 7": 1713.0, "2 -> 9": 902.0, "2 -> 8": 1833.0, "2 -> 10": 2585.0, "2 -> 1": 2765.0, "2 -> 5": 2104.0, "2 -> 6": 782.0, "3 -> 4": 3005.0, "3 -> 2": 2795.0, "3 -> 1": 722.0, "3 -> 7": 1202.0, "3 -> 10": 2615.0, "3 -> 9": 361.0, "3 -> 8": 2014.0, "4 -> 5": 3005.0, "4 -> 3": 541.0, "4 -> 10": 1623.0, "4 -> 8": 1473.0, "4 -> 7": 2705.0, "4 -> 2": 2164.0, "4 -> 6": 2404.0, "4 -> 1": 1803.0, "4 -> 9": 2675.0, "5 -> 6": 3005.0, "5 -> 2": 631.0, "5 -> 8": 2705.0, "5 -> 3": 2645.0, "5 -> 10": 2915.0, "5 -> 1": 2554.0, "6 -> 7": 3005.0, "6 -> 10": 1533.0, "6 -> 8": 1984.0, "6 -> 1": 451.0, "6 -> 3": 872.0, "6 -> 5": 1833.0, "6 -> 4": 872.0, "7 -> 8": 3005.0, "7 -> 1": 1443.0, "7 -> 9": 2885.0, "7 -> 2": 451.0, "7 -> 3": 1803.0, "7 -> 10": 451.0, "7 -> 5": 421.0, "7 -> 4": 2494.0, "7 -> 6": 1353.0, "8 -> 9": 3005.0, "8 -> 3": 1713.0, "8 -> 7": 1803.0, "8 -> 2": 1293.0, "8 -> 6": 1713.0, "8 -> 4": 1142.0, "8 -> 5": 1443.0, "8 -> 1": 1232.0, "8 -> 10": 1563.0, "9 -> 10": 3005.0, "9 -> 6": 1503.0, "9 -> 2": 2464.0, "9 -> 7": 1082.0, "9 -> 3": 2044.0, "9 -> 8": 2104.0, "9 -> 5": 1773.0, "9 -> 4": 481.0, "10 -> 1": 3005.0, "10 -> 6": 1893.0, "10 -> 4": 2705.0, "10 -> 9": 992.0, "10 -> 7": 2104.0, "10 -> 5": 2164.0, "10 -> 8": 541.0, "10 -> 2": 2224.0, "10 -> 3": 1533.0}, "bounds": [-1e+100, -1e+100, -1e+100, -1e+100, 0.0, 4645.0, 4645.0, 4645.0, 14952.0, 16265.0, 20062.0, 20062.0, 20062.0, 20062.0, 20062.0, 20062.0, 20062.0, 20062.0, 20062.0, 20353.0, 20353.0, 20501.0, 20501.0, 20501.0, 20501.0, 20501.0, 20501.0, 20501.0, 20501.0, 20501.0, 20501.0, 20501.0, 20501.0, 20501.0, 20501.0, 20501.0, 20501.0, 20501.0, 20501.0, 20501.0, 20501.0, 20501.0, 20501.0, 20501.0, 20501.0, 20501.0, 20501.0, 20501.0, 20501.0, 21399.0, 21399.0, 21399.0, 23354.0, 23354.0, 24159.0, 24159.0, 24159.0, 24452.0, 24452.0, 24676.0, 24774.0, 24774.0, 24857.0, 24857.0, 24857.0, 25594.0, 25594.0, 25594.0, 25985.0, 25985.0, 25985.0, 25985.0, 26764.0, 28401.0, 28401.0, 28652.0, 29820.0, 30002.0, 30493.0], "objectives": [0.0, 0.0, 0.0, 0.0, 0.0, 6371.0, 11662.0, 14726.0, 27590.0, 27831.0, 29452.0, 28041.0, 32550.0, 34593.0, 32763.0, 45144.0, 32401.0, 38231.0, 30234.0, 38019.0, 49112.0, 39643.0, 44692.0, 44001.0, 47878.0, 42529.0, 45985.0, 36608.0, 49410.0, 43188.0, 46254.0, 48057.0, 49020.0, 38892.0, 50131.0, 41086.0, 54011.0, 42980.0, 46556.0, 49921.0, 29512.0, 34021.0, 83730.0, 33478.0, 37954.0, 54248.0, 45174.0, 34262.0, 42046.0, 54278.0, 34292.0, 48418.0, 52386.0, 38347.0, 56412.0, 55601.0, 36848.0, 54129.0, 37718.0, 42015.0, 52896.0, 36546.0, 35461.0, 34320.0, 36063.0, 35403.0, 33388.0, 32937.0, 32396.0, 32065.0, 31916.0, 31465.0, 31258.0, 31283.0, 31283.0, 31047.0, 31043.0, 31042.0, 30716.0], "run_times": [0.0, 0.4, 0.12, 0.12, 0.13, 0.11, 0.3, 0.33, 0.33, 0.39, 3.82, 11.3, 11.9, 9.81, 12.31, 13.25, 12.11, 9.1, 0.45, 0.93, 6.62, 11.01, 3.27, 0.39, 0.35, 1.06, 10.02, 10.36, 0.52, 0.36, 0.35, 0.33, 0.78, 8.94, 7.4, 4.66, 0.3, 0.27, 0.9, 8.97, 9.93, 2.23, 12.42, 0.53, 0.26, 0.35, 0.32, 0.33, 0.39, 0.54, 0.35, 0.26, 0.71, 0.23, 0.78, 0.32, 0.23, 0.75, 0.24, 0.77, 0.71, 0.22, 0.96, 0.22, 0.15, 14.26, 5.25, 6.47, 7.45, 3.92, 4.87, 17.34, 41.0, 19.29, 8.11, 11.63, 24.4, 18.14, 40.29], "is_optimal": true}
