{"decisions": {"1 -> 2": -0.0, "1 -> 10": -0.0, "1 -> 8": -0.0, "1 -> 7": -0.0, "1 -> 4": -0.0, "1 -> 9": -0.0, "1 -> 5": -0.0, "1 -> 3": -0.0, "1 -> 6": -0.0, "2 -> 3": -0.0, "2 -> 4": -0.0, "2 -> 7": -0.0, "2 -> 9": -0.0, "2 -> 8": -0.0, "2 -> 10": -0.0, "2 -> 1": -0.0, "2 -> 5": -0.0, "2 -> 6": -1.1102230246251565e-15, "3 -> 4": -0.0, "3 -> 2": 1.0000000000000002, "3 -> 1": 1.0, "3 -> 7": -0.0, "3 -> 10": -0.0, "3 -> 9": 1.0, "3 -> 8": -0.0, "4 -> 5": 1.0, "4 -> 3": 1.0, "4 -> 10": -0.0, "4 -> 8": -0.0, "4 -> 7": -0.0, "4 -> 2": -0.0, "4 -> 6": -0.0, "4 -> 1": -0.0, "4 -> 9": -0.0, "5 -> 6": 1.0, "5 -> 2": -0.0, "5 -> 8": -0.0, "5 -> 3": 1.0, "5 -> 10": -0.0, "5 -> 1": -0.0, "6 -> 7": 1.0, "6 -> 10": -0.0, "6 -> 8": -0.0, "6 -> 1": 1.0, "6 -> 3": 0.0, "6 -> 5": -0.0, "6 -> 4": 1.0, "7 -> 8": 1.0, "7 -> 1": 0.0, "7 -> 9": -0.0, "7 -> 2": 1.0, "7 -> 3": 0.0, "7 -> 10": -0.0, "7 -> 5": -0.0, "7 -> 4": -0.0, "7 -> 6": -0.0, "8 -> 9": 1.0, "8 -> 3": -0.0, "8 -> 7": -0.0, "8 -> 2": -0.0, "8 -> 6": -0.0, "8 -> 4": -0.0, "8 -> 5": 1.0, "8 -> 1": 1.0, "8 -> 10": -0.0, "9 -> 10": -0.0, "9 -> 6": 1.0, "9 -> 2": -0.0, "9 -> 7": -0.0, "9 -> 3": -0.0, "9 -> 8": -0.0, "9 -> 5": -0.0, "9 -> 4": 1.0, "10 -> 1": -0.0, "10 -> 6": -0.0, "10 -> 4": -0.0, "10 -> 9": 0.9999999999999999, "10 -> 7": -0.0, "10 -> 5": -0.0, "10 -> 8": -2.7755575615628914e-17, "10 -> 2": -0.0, "10 -> 3": 1.0}, "decision_costs": {"1 -> 2": 601.0, "1 -> 10": 247.0, "1 -> 8": 379.0, "1 -> 7": 373.0, "1 -> 4": 247.0, "1 -> 9": 415.0, "1 -> 5": 421.0, "1 -> 3": 517.0, "1 -> 6": 79.0, "2 -> 3": 601.0, "2 -> 4": 445.0, "2 -> 7": 343.0, "2 -> 9": 181.0, "2 -> 8": 367.0, "2 -> 10": 517.0, "2 -> 1": 553.0, "2 -> 5": 421.0, "2 -> 6": 157.0, "3 -> 4": 601.0, "3 -> 2": 559.0, "3 -> 1": 145.0, "3 -> 7": 241.0, "3 -> 10": 523.0, "3 -> 9": 73.0, "3 -> 8": 403.0, "4 -> 5": 601.0, "4 -> 3": 109.0, "4 -> 10": 325.0, "4 -> 8": 295.0, "4 -> 7": 541.0, "4 -> 2": 433.0, "4 -> 6": 481.0, "4 -> 1": 361.0, "4 -> 9": 535.0, "5 -> 6": 601.0, "5 -> 2": 127.0, "5 -> 8": 541.0, "5 -> 3": 529.0, "5 -> 10": 583.0, "5 -> 1": 511.0, "6 -> 7": 601.0, "6 -> 10": 307.0, "6 -> 8": 397.0, "6 -> 1": 91.0, "6 -> 3": 175.0, "6 -> 5": 367.0, "6 -> 4": 175.0, "7 -> 8": 601.0, "7 -> 1": 289.0, "7 -> 9": 577.0, "7 -> 2": 91.0, "7 -> 3": 361.0, "7 -> 10": 91.0, "7 -> 5": 85.0, "7 -> 4": 499.0, "7 -> 6": 271.0, "8 -> 9": 601.0, "8 -> 3": 343.0, "8 -> 7": 361.0, "8 -> 2": 259.0, "8 -> 6": 343.0, "8 -> 4": 229.0, "8 -> 5": 289.0, "8 -> 1": 247.0, "8 -> 10": 313.0, "9 -> 10": 601.0, "9 -> 6": 301.0, "9 -> 2": 493.0, "9 -> 7": 217.0, "9 -> 3": 409.0, "9 -> 8": 421.0, "9 -> 5": 355.0, "9 -> 4": 97.0, "10 -> 1": 601.0, "10 -> 6": 379.0, "10 -> 4": 541.0, "10 -> 9": 199.0, "10 -> 7": 421.0, "10 -> 5": 433.0, "10 -> 8": 109.0, "10 -> 2": 445.0, "10 -> 3": 307.0}, "bounds": [-1e+100, -1e+100, -1e+100, -1e+100, 0.0, 930.0, 930.0, 930.0, 2997.0, 3259.0, 3965.0, 3965.0, 3965.0, 3965.0, 3965.0, 4153.0, 4153.0, 4153.0, 4153.0, 4153.0, 4153.0, 4153.0, 4153.0, 4153.0, 4153.0, 4153.0, 4153.0, 4153.0, 4153.0, 4153.0, 4153.0, 4153.0, 4153.0, 4153.0, 4153.0, 4153.0, 4153.0, 4153.0, 4153.0, 4153.0, 4153.0, 4153.0, 4153.0, 4153.0, 4153.0, 4153.0, 4501.0, 4501.0, 4711.0, 5051.0, 5051.0, 5051.0, 5051.0, 5099.0, 5099.0, 5099.0, 5099.0, 5099.0, 5241.0, 5661.0, 5785.0, 5804.0, 5873.0, 5955.0], "objectives": [0.0, 0.0, 0.0, 0.0, 0.0, 1275.0, 2336.0, 2947.0, 5524.0, 5574.0, 5120.0, 5588.0, 6136.0, 6646.0, 6272.0, 6532.0, 7091.0, 7217.0, 6212.0, 8202.0, 7872.0, 9032.0, 7656.0, 10190.0, 8621.0, 7480.0, 8933.0, 9751.0, 7488.0, 8119.0, 9047.0, 9445.0, 8608.0, 9847.0, 6850.0, 9855.0, 7693.0, 6897.0, 6141.0, 14827.0, 6811.0, 12738.0, 7308.0, 7250.0, 6579.0, 6349.0, 7286.0, 6891.0, 6385.0, 6800.0, 6634.0, 6603.0, 6506.0, 6520.0, 6429.0, 6375.0, 6388.0, 6297.0, 6192.0, 6292.0, 6273.0, 6217.0, 6182.0, 6181.0], "run_times": [0.0, 0.55, 0.16, 0.15, 0.15, 0.15, 0.39, 0.46, 0.45, 0.52, 4.84, 13.53, 17.84, 16.55, 17.62, 14.39, 17.38, 13.88, 0.57, 0.55, 0.5, 1.26, 17.11, 13.78, 0.57, 1.17, 14.1, 15.79, 1.27, 0.42, 0.34, 1.19, 12.18, 11.57, 7.13, 0.52, 1.33, 13.01, 10.03, 24.49, 0.74, 0.29, 0.32, 0.19, 0.35, 0.4, 0.74, 0.16, 0.77, 23.59, 10.72, 4.94, 4.87, 5.26, 10.03, 4.57, 4.66, 32.24, 70.94, 43.77, 53.93, 29.46, 42.25, 67.56], "is_optimal": true}
