{"decisions": {"1 -> 2": -0.0, "1 -> 10": -0.0, "1 -> 8": -0.0, "1 -> 7": 0.0, "1 -> 4": -0.0, "1 -> 9": -0.0, "1 -> 5": -0.0, "1 -> 3": -0.0, "1 -> 6": 0.0, "2 -> 3": -0.0, "2 -> 4": -0.0, "2 -> 7": -0.0, "2 -> 9": 0.0, "2 -> 8": -0.0, "2 -> 10": -0.0, "2 -> 1": -0.0, "2 -> 5": -0.0, "2 -> 6": -0.0, "3 -> 4": -0.0, "3 -> 2": 1.0000000000000033, "3 -> 1": 1.0000000000000002, "3 -> 7": 0.0, "3 -> 10": -0.0, "3 -> 9": 0.9999999999999967, "3 -> 8": -0.0, "4 -> 5": 1.0, "4 -> 3": 1.0, "4 -> 10": -0.0, "4 -> 8": -0.0, "4 -> 7": -0.0, "4 -> 2": -0.0, "4 -> 6": -0.0, "4 -> 1": -0.0, "4 -> 9": 0.0, "5 -> 6": 1.0, "5 -> 2": -0.0, "5 -> 8": 0.0, "5 -> 3": 1.0, "5 -> 10": -0.0, "5 -> 1": 0.0, "6 -> 7": 1.0, "6 -> 10": -0.0, "6 -> 8": -0.0, "6 -> 1": 1.0, "6 -> 3": -0.0, "6 -> 5": -0.0, "6 -> 4": 1.0, "7 -> 8": 1.0, "7 -> 1": -0.0, "7 -> 9": -0.0, "7 -> 2": 0.9999999999999933, "7 -> 3": -0.0, "7 -> 10": -0.0, "7 -> 5": -0.0, "7 -> 4": -0.0, "7 -> 6": -0.0, "8 -> 9": 1.0, "8 -> 3": -0.0, "8 -> 7": -0.0, "8 -> 2": 0.0, "8 -> 6": -0.0, "8 -> 4": -1.1074474670635936e-14, "8 -> 5": 1.0, "8 -> 1": 1.0, "8 -> 10": -0.0, "9 -> 10": -0.0, "9 -> 6": 1.0, "9 -> 2": -0.0, "9 -> 7": -0.0, "9 -> 3": -0.0, "9 -> 8": -0.0, "9 -> 5": -0.0, "9 -> 4": 1.0, "10 -> 1": -0.0, "10 -> 6": -0.0, "10 -> 4": -0.0, "10 -> 9": 1.0, "10 -> 7": -0.0, "10 -> 5": -0.0, "10 -> 8": -0.0, "10 -> 2": -0.0, "10 -> 3": 1.0}, "decision_costs": {"1 -> 2": 6010.0, "1 -> 10": 2464.0, "1 -> 8": 3786.0, "1 -> 7": 3726.0, "1 -> 4": 2464.0, "1 -> 9": 4147.0, "1 -> 5": 4207.0, "1 -> 3": 5169.0, "1 -> 6": 782.0, "2 -> 3": 6010.0, "2 -> 4": 4447.0, "2 -> 7": 3426.0, "2 -> 9": 1803.0, "2 -> 8": 3666.0, "2 -> 10": 5169.0, "2 -> 1": 5529.0, "2 -> 5": 4207.0, "2 -> 6": 1563.0, "3 -> 4": 6010.0, "3 -> 2": 5589.0, "3 -> 1": 1443.0, "3 -> 7": 2404.0, "3 -> 10": 5229.0, "3 -> 9": 722.0, "3 -> 8": 4027.0, "4 -> 5": 6010.0, "4 -> 3": 1082.0, "4 -> 10": 3246.0, "4 -> 8": 2945.0, "4 -> 7": 5409.0, "4 -> 2": 4327.0, "4 -> 6": 4808.0, "4 -> 1": 3606.0, "4 -> 9": 5349.0, "5 -> 6": 6010.0, "5 -> 2": 1262.0, "5 -> 8": 5409.0, "5 -> 3": 5289.0, "5 -> 10": 5830.0, "5 -> 1": 5108.0, "6 -> 7": 6010.0, "6 -> 10": 3065.0, "6 -> 8": 3967.0, "6 -> 1": 902.0, "6 -> 3": 1743.0, "6 -> 5": 3666.0, "6 -> 4": 1743.0, "7 -> 8": 6010.0, "7 -> 1": 2885.0, "7 -> 9": 5770.0, "7 -> 2": 902.0, "7 -> 3": 3606.0, "7 -> 10": 902.0, "7 -> 5": 842.0, "7 -> 4": 4988.0, "7 -> 6": 2705.0, "8 -> 9": 6010.0, "8 -> 3": 3426.0, "8 -> 7": 3606.0, "8 -> 2": 2585.0, "8 -> 6": 3426.0, "8 -> 4": 2284.0, "8 -> 5": 2885.0, "8 -> 1": 2464.0, "8 -> 10": 3125.0, "9 -> 10": 6010.0, "9 -> 6": 3005.0, "9 -> 2": 4928.0, "9 -> 7": 2164.0, "9 -> 3": 4087.0, "9 -> 8": 4207.0, "9 -> 5": 3546.0, "9 -> 4": 962.0, "10 -> 1": 6010.0, "10 -> 6": 3786.0, "10 -> 4": 5409.0, "10 -> 9": 1984.0, "10 -> 7": 4207.0, "10 -> 5": 4327.0, "10 -> 8": 1082.0, "10 -> 2": 4447.0, "10 -> 3": 3065.0}, "bounds": [-1e+100, -1e+100, -1e+100, -1e+100, 0.0, 9289.0, 9289.0, 9289.0, 29900.0, 32525.0, 39533.0, 39533.0, 39533.0, 39533.0, 39533.0, 39533.0, 39533.0, 39533.0, 39533.0, 39533.0, 39533.0, 39533.0, 39533.0, 39533.0, 39533.0, 39533.0, 41190.0, 41190.0, 41190.0, 41190.0, 41190.0, 41190.0, 41190.0, 41190.0, 41190.0, 41190.0, 41190.0, 41190.0, 41190.0, 41190.0, 41190.0, 41190.0, 41190.0, 41190.0, 41190.0, 41190.0, 42937.0, 42937.0, 47897.0, 48819.0, 48998.0, 51046.0, 51986.0, 51986.0, 51986.0, 51986.0, 51986.0, 53113.0, 53476.0, 54820.0, 56841.0, 57483.04, 58594.0, 58912.0, 60664.0], "objectives": [0.0, 0.0, 0.0, 0.0, 0.0, 12742.0, 23321.0, 29450.0, 55176.0, 55657.0, 54333.0, 52771.0, 73267.0, 81559.0, 58421.0, 75249.0, 85286.0, 69480.0, 68519.0, 77413.0, 89554.0, 76752.0, 101693.0, 103919.0, 85346.0, 93821.0, 106443.0, 115396.0, 85527.0, 84265.0, 59139.0, 78194.0, 93582.0, 91055.0, 105783.0, 89554.0, 66291.0, 104880.0, 100554.0, 111371.0, 65392.0, 153801.0, 83780.0, 124290.0, 67074.0, 61002.0, 64071.0, 66413.0, 64371.0, 65992.0, 64131.0, 63470.0, 64731.0, 62927.0, 62386.0, 62869.0, 62087.0, 62749.0, 62329.0, 62087.0, 61724.0, 61727.0, 61608.0, 61546.0, 62028.0], "run_times": [0.0, 0.38, 0.11, 0.11, 0.12, 0.17, 0.21, 0.27, 0.24, 0.27, 3.75, 8.93, 9.55, 10.08, 8.23, 10.18, 0.7, 11.42, 6.9, 0.28, 0.82, 8.7, 9.23, 0.56, 0.2, 0.23, 0.97, 8.11, 6.48, 3.57, 0.25, 0.26, 0.29, 0.28, 0.84, 9.66, 7.85, 0.82, 0.34, 0.28, 0.85, 17.48, 0.34, 0.17, 0.28, 0.14, 0.32, 0.2, 0.95, 0.85, 0.73, 11.44, 11.02, 19.86, 3.12, 20.29, 5.03, 15.09, 10.62, 6.16, 13.11, 18.74, 29.15, 18.06, 93.74], "is_optimal": true}
