{"decisions": {"1 -> 2": 1.0000000000000009, "1 -> 19": -0.0, "1 -> 17": -0.0, "1 -> 7": -0.0, "1 -> 18": -0.0, "1 -> 4": 2.919886554764162e-14, "1 -> 15": -0.0, "1 -> 20": -0.0, "1 -> 8": 0.0, "1 -> 3": -0.0, "1 -> 11": -0.0, "1 -> 10": -0.0, "2 -> 3": 1.0, "2 -> 10": -0.0, "2 -> 6": -0.0, "2 -> 9": -0.0, "2 -> 7": -0.0, "2 -> 1": -0.0, "2 -> 17": -0.0, "3 -> 4": 1.0, "3 -> 9": -0.0, "3 -> 14": -0.0, "3 -> 18": -0.0, "3 -> 11": -0.0, "4 -> 5": 1.0, "4 -> 10": -0.0, "4 -> 2": -0.0, "4 -> 18": -0.0, "4 -> 15": -0.0, "4 -> 11": -0.0, "5 -> 6": 0.9999999999999996, "5 -> 9": -0.0, "5 -> 13": -0.0, "5 -> 3": -0.0, "5 -> 16": -0.0, "6 -> 7": 1.0000000000000002, "6 -> 13": -0.0, "6 -> 11": -0.0, "6 -> 8": -0.0, "6 -> 14": 0.0, "6 -> 15": -0.0, "7 -> 8": 0.9999999999999986, "7 -> 3": -0.0, "7 -> 13": -0.0, "7 -> 19": -0.0, "7 -> 9": -0.0, "7 -> 18": -0.0, "8 -> 9": 1.0, "8 -> 5": -0.0, "8 -> 7": -1.1102230246251565e-16, "8 -> 6": -0.0, "8 -> 10": -0.0, "8 -> 17": -0.0, "9 -> 10": 0.9999999999999992, "9 -> 6": -0.0, "9 -> 4": -0.0, "9 -> 16": -0.0, "9 -> 17": -0.0, "9 -> 8": -0.0, "9 -> 13": -0.0, "10 -> 11": 1.0, "10 -> 16": -0.0, "10 -> 12": -0.0, "11 -> 12": 1.0000000000000002, "11 -> 20": -0.0, "11 -> 15": -0.0, "11 -> 7": -0.0, "12 -> 13": 0.9999999999999994, "12 -> 15": -0.0, "12 -> 20": 5.229150445984487e-14, "12 -> 18": -0.0, "12 -> 10": -0.0, "12 -> 17": -0.0, "12 -> 3": -0.0, "12 -> 4": -0.0, "13 -> 14": 0.999999999999995, "13 -> 19": 0.0, "13 -> 16": -0.0, "13 -> 20": 1.2656542480726785e-14, "14 -> 15": 0.9999999999999942, "14 -> 10": 2.6978419498391304e-14, "14 -> 5": -0.0, "14 -> 4": -6.467049118441537e-15, "14 -> 20": -0.0, "14 -> 16": -0.0, "14 -> 3": -0.0, "15 -> 16": 1.0, "15 -> 17": -0.0, "15 -> 14": -0.0, "15 -> 12": -0.0, "15 -> 2": -0.0, "15 -> 4": -0.0, "16 -> 17": 1.0000000000000109, "16 -> 5": -0.0, "16 -> 9": -3.327893516313907e-14, "16 -> 6": -0.0, "16 -> 11": -0.0, "16 -> 19": -0.0, "16 -> 1": -0.0, "16 -> 7": -0.0, "16 -> 14": -0.0, "17 -> 18": 1.0, "17 -> 5": -0.0, "17 -> 14": -0.0, "17 -> 12": 0.0, "18 -> 19": 1.0, "18 -> 4": -0.0, "18 -> 7": -0.0, "18 -> 1": -0.0, "18 -> 20": -0.0, "19 -> 20": 0.9999999999999918, "19 -> 12": -0.0, "19 -> 1": -0.0, "19 -> 16": -0.0, "19 -> 5": -0.0, "20 -> 1": 1.0, "20 -> 19": -0.0, "20 -> 18": -0.0, "20 -> 11": -0.0, "20 -> 6": -0.0}, "decision_costs": {"1 -> 2": 20522.0, "1 -> 19": 8620.0, "1 -> 17": 15597.0, "1 -> 7": 10672.0, "1 -> 18": 18059.0, "1 -> 4": 2463.0, "1 -> 15": 18470.0, "1 -> 20": 14160.0, "1 -> 8": 12929.0, "1 -> 3": 4310.0, "1 -> 11": 9440.0, "1 -> 10": 19291.0, "2 -> 3": 20522.0, "2 -> 10": 20317.0, "2 -> 6": 17033.0, "2 -> 9": 18059.0, "2 -> 7": 19496.0, "2 -> 1": 12929.0, "2 -> 17": 19906.0, "3 -> 4": 20522.0, "3 -> 9": 20317.0, "3 -> 14": 9235.0, "3 -> 18": 13339.0, "3 -> 11": 3694.0, "4 -> 5": 20522.0, "4 -> 10": 19906.0, "4 -> 2": 16418.0, "4 -> 18": 10672.0, "4 -> 15": 13545.0, "4 -> 11": 6567.0, "5 -> 6": 20522.0, "5 -> 9": 3284.0, "5 -> 13": 10056.0, "5 -> 3": 8825.0, "5 -> 16": 2463.0, "6 -> 7": 20522.0, "6 -> 13": 6773.0, "6 -> 11": 17239.0, "6 -> 8": 6362.0, "6 -> 14": 2668.0, "6 -> 15": 2463.0, "7 -> 8": 20522.0, "7 -> 3": 16828.0, "7 -> 13": 19906.0, "7 -> 19": 10877.0, "7 -> 9": 9851.0, "7 -> 18": 5952.0, "8 -> 9": 20522.0, "8 -> 5": 14981.0, "8 -> 7": 14160.0, "8 -> 6": 14776.0, "8 -> 10": 17444.0, "8 -> 17": 18470.0, "9 -> 10": 20522.0, "9 -> 6": 14160.0, "9 -> 4": 13545.0, "9 -> 16": 11903.0, "9 -> 17": 3489.0, "9 -> 8": 19086.0, "9 -> 13": 13339.0, "10 -> 11": 20522.0, "10 -> 16": 17444.0, "10 -> 12": 10877.0, "11 -> 12": 20522.0, "11 -> 20": 12929.0, "11 -> 15": 14981.0, "11 -> 7": 11493.0, "12 -> 13": 20522.0, "12 -> 15": 2668.0, "12 -> 20": 3079.0, "12 -> 18": 15802.0, "12 -> 10": 16418.0, "12 -> 17": 17444.0, "12 -> 3": 8414.0, "12 -> 4": 3284.0, "13 -> 14": 20522.0, "13 -> 19": 17239.0, "13 -> 16": 19291.0, "13 -> 20": 6362.0, "14 -> 15": 20522.0, "14 -> 10": 7799.0, "14 -> 5": 3900.0, "14 -> 4": 16418.0, "14 -> 20": 14776.0, "14 -> 16": 11698.0, "14 -> 3": 3694.0, "15 -> 16": 20522.0, "15 -> 17": 5952.0, "15 -> 14": 17649.0, "15 -> 12": 3284.0, "15 -> 2": 18675.0, "15 -> 4": 13545.0, "16 -> 17": 20522.0, "16 -> 5": 11698.0, "16 -> 9": 11903.0, "16 -> 6": 11698.0, "16 -> 11": 11493.0, "16 -> 19": 18675.0, "16 -> 1": 10877.0, "16 -> 7": 18675.0, "16 -> 14": 11082.0, "17 -> 18": 20522.0, "17 -> 5": 11698.0, "17 -> 14": 19701.0, "17 -> 12": 3284.0, "18 -> 19": 20522.0, "18 -> 4": 12519.0, "18 -> 7": 6157.0, "18 -> 1": 5541.0, "18 -> 20": 18675.0, "19 -> 20": 20522.0, "19 -> 12": 7183.0, "19 -> 1": 9851.0, "19 -> 16": 10466.0, "19 -> 5": 8620.0, "20 -> 1": 20522.0, "20 -> 19": 16007.0, "20 -> 18": 14571.0, "20 -> 11": 18265.0, "20 -> 6": 7183.0}, "bounds": [-1e+100, -1e+100, -1e+100, -1e+100, 0.0, 41044.0, 102807.07, 102807.07, 102807.07, 102807.07, 215871.0, 270871.0, 294463.0, 294463.0, 323754.2, 323754.2, 323754.2, 346472.0, 369396.0, 369396.0, 394900.06], "objectives": [0.0, 0.0, 0.0, 0.0, 0.0, 41044.0, 126416.0, 184698.0, 205220.0, 287308.0, 278488.0, 302497.0, 318504.0, 477756.0, 372272.0, 748244.0, 768766.0, 354415.0, 369396.0, 389918.0, 410440.0], "run_times": [0.0, 1.27, 0.09, 0.08, 0.08, 0.08, 2.55, 1.75, 2.43, 1.58, 1.25, 2.1, 1.67, 1.57, 1.4, 1.55, 1.49, 1.81, 4.38, 19.88, 19.09], "is_optimal": true}
