{"decisions": {"1 -> 7": -0.0, "1 -> 9": -0.0, "1 -> 3": -0.0, "1 -> 6": 1.0, "1 -> 10": 1.0000000000000027, "1 -> 8": -0.0, "2 -> 3": 1.0, "2 -> 1": -0.0, "2 -> 7": 1.0, "3 -> 5": -0.0, "3 -> 4": -0.0, "3 -> 6": -0.0, "3 -> 9": -0.0, "3 -> 1": -0.0, "3 -> 8": 1.0, "3 -> 7": -0.0, "3 -> 2": 1.0, "4 -> 7": -0.0, "4 -> 10": -0.0, "4 -> 3": 1.0, "4 -> 6": 1.0, "4 -> 5": -0.0, "5 -> 1": 1.0, "5 -> 7": -0.0, "5 -> 9": 1.0, "5 -> 2": -0.0, "5 -> 6": -0.0, "6 -> 1": 1.0, "6 -> 8": -0.0, "6 -> 9": -0.0, "6 -> 10": -0.0, "6 -> 4": 1.0, "7 -> 10": 1.0, "7 -> 1": 1.0, "7 -> 9": -0.0, "8 -> 5": 1.0, "8 -> 7": 1.0, "8 -> 4": 1.0, "8 -> 3": -0.0, "9 -> 1": -0.0, "9 -> 6": -0.0, "9 -> 7": -0.0, "9 -> 10": -0.0, "9 -> 3": 1.0, "10 -> 4": -0.0, "10 -> 6": -0.0, "10 -> 8": 0.999999999999997, "10 -> 9": -0.0, "10 -> 1": -0.0, "10 -> 2": -0.0}, "decision_costs": {"1 -> 7": 13158.0, "1 -> 9": 12878.0, "1 -> 3": 20437.0, "1 -> 6": 13718.0, "1 -> 10": 16238.0, "1 -> 8": 9239.0, "2 -> 3": 9519.0, "2 -> 1": 26036.0, "2 -> 7": 6999.0, "3 -> 5": 8399.0, "3 -> 4": 9519.0, "3 -> 6": 23517.0, "3 -> 9": 19317.0, "3 -> 1": 15958.0, "3 -> 8": 4480.0, "3 -> 7": 22677.0, "3 -> 2": 3080.0, "4 -> 7": 22397.0, "4 -> 10": 20437.0, "4 -> 3": 17078.0, "4 -> 6": 12599.0, "4 -> 5": 21557.0, "5 -> 1": 6439.0, "5 -> 7": 19038.0, "5 -> 9": 8679.0, "5 -> 2": 12878.0, "5 -> 6": 19877.0, "6 -> 1": 7839.0, "6 -> 8": 25477.0, "6 -> 9": 5320.0, "6 -> 10": 22957.0, "6 -> 4": 4200.0, "7 -> 10": 8119.0, "7 -> 1": 11759.0, "7 -> 9": 19317.0, "8 -> 5": 7559.0, "8 -> 7": 9519.0, "8 -> 4": 2800.0, "8 -> 3": 10359.0, "9 -> 1": 27156.0, "9 -> 6": 23237.0, "9 -> 7": 9239.0, "9 -> 10": 14278.0, "9 -> 3": 15118.0, "10 -> 4": 8959.0, "10 -> 6": 22117.0, "10 -> 8": 10079.0, "10 -> 9": 16238.0, "10 -> 1": 24917.0, "10 -> 2": 10639.0}, "bounds": [-1e+100, 85617.0, 85617.0, 131283.0, 131381.0, 131399.0, 131561.0, 132021.07, 132021.07, 132021.07, 132729.0, 132729.0, 134758.0, 134977.0, 134977.0, 135015.0, 135070.0, 135070.0, 135070.0, 135070.0, 135070.0, 135070.0, 135070.0, 135070.0, 135070.0, 135070.0, 135070.0, 135070.0, 135070.0, 135070.0, 135070.0, 135070.0, 135070.0, 135070.0, 135070.0, 135070.0, 135070.0, 135070.0, 135070.0, 135070.0, 135070.0, 135070.0, 135070.0, 135070.0, 135070.0, 135070.0, 135070.0, 135070.0, 135070.0, 135070.0, 135070.0, 135070.0, 135070.0, 135070.0, 135070.0, 135070.0, 135070.0, 135070.0, 135070.0, 135070.0, 135070.0, 135070.0, 135070.0, 135070.0, 135070.0, 135070.0, 135070.0, 135070.0, 135070.0, 135070.0, 135070.0, 135070.0, 135070.0, 135070.0, 135070.0, 135070.0, 136906.0, 136906.0, 136906.0, 136906.0, 136906.0, 136906.0, 136906.0, 136906.0, 136906.0, 136906.0, 136906.0, 136906.0, 136906.0, 136906.0, 136906.0, 136906.0, 136906.0, 136906.0, 136906.0, 136906.0, 136906.0, 136906.0, 137043.0, 137043.0, 137043.0, 137043.0, 137043.0, 137043.0, 137043.0, 137043.0, 137043.0, 137043.0, 137043.0, 137043.0, 137043.0, 137043.0, 140431.0, 141473.0, 141473.0, 144471.0, 144471.0, 144471.0, 144471.0, 144471.0, 144471.0, 145654.0, 145654.0, 145654.0, 145654.0, 145654.0, 145654.0, 145654.0, 145654.0, 145654.0, 145654.0, 145654.0, 145654.0, 145654.0, 145654.0, 145654.0, 145654.0, 145654.0, 145654.0, 145654.0, 145654.0, 145654.0, 145654.0, 145654.0, 145654.0, 145654.0, 145654.0, 145654.0, 145654.0, 145654.0, 145654.0, 145654.0, 145654.0, 145654.0, 145654.0, 145654.0, 145654.0, 145654.0, 146214.0, 146214.0, 146214.0, 146214.0, 146214.0, 149002.0, 149002.0, 149002.0, 149002.0, 149002.0, 149002.0, 150233.0, 150233.0, 150233.0, 151871.0, 151871.0, 152183.0, 152183.0, 152183.0, 156628.0, 157158.0, 157158.0, 157207.0, 157207.0, 157207.0, 157207.0, 157917.08, 157917.08, 157917.08, 157917.08, 159121.0, 159282.0, 159282.0, 159765.0, 159765.0, 160015.09, 160061.15, 160264.04, 160335.0, 160335.0, 160599.0, 160604.0, 160604.0, 160958.0, 160967.13, 161089.03, 161115.0, 161501.0, 161513.0, 161522.0, 161522.0, 161522.0, 161522.0, 161522.0, 161522.0, 161522.0, 161522.0, 161522.0, 161522.0, 161522.0, 161522.0, 161522.0, 161522.0, 161633.0, 161728.0, 161974.16, 162140.0, 162996.0, 163689.0, 164599.0, 164744.0, 164749.0, 164958.0, 165176.0, 165965.0, 165965.0, 166381.0, 166381.0, 166754.0, 166825.0, 167074.0, 167158.0, 167475.0, 167548.0, 167552.12, 167931.0, 169313.0, 169375.0, 169808.01, 169809.0, 170295.0, 170384.0, 170420.0, 170436.0, 170929.0, 170970.0, 171898.0, 173029.0, 173029.0, 173029.0], "objectives": [652876.0, 416029.0, 395592.0, 390272.0, 258690.0, 345199.0, 342399.0, 329521.0, 328961.0, 308243.0, 251690.0, 177780.0, 176661.0, 215576.0, 182539.0, 208016.0, 177780.0, 169381.0, 164062.0, 174140.0, 164063.0, 169101.0, 164902.0, 169660.0, 194297.0, 175260.0, 192337.0, 185059.0, 212496.0, 200457.0, 208296.0, 190098.0, 192339.0, 188978.0, 177220.0, 164902.0, 161822.0, 181700.0, 191498.0, 183099.0, 189258.0, 180580.0, 190377.0, 178061.0, 172461.0, 185058.0, 188138.0, 166303.0, 184778.0, 189538.0, 190658.0, 185339.0, 186739.0, 191779.0, 186180.0, 191499.0, 180580.0, 181140.0, 190379.0, 191498.0, 177781.0, 192058.0, 183380.0, 183939.0, 188417.0, 180581.0, 191778.0, 182820.0, 190098.0, 187860.0, 187858.0, 183939.0, 185059.0, 184500.0, 185899.0, 181140.0, 188698.0, 187858.0, 172741.0, 182820.0, 166301.0, 185619.0, 186739.0, 188700.0, 185619.0, 183380.0, 184219.0, 188140.0, 188978.0, 186739.0, 186180.0, 187859.0, 188699.0, 183941.0, 188419.0, 185340.0, 183379.0, 187299.0, 189818.0, 187578.0, 180020.0, 184779.0, 171902.0, 177780.0, 183659.0, 188418.0, 188699.0, 188420.0, 187019.0, 188980.0, 183660.0, 173861.0, 188138.0, 174980.0, 189258.0, 186739.0, 174700.0, 180579.0, 187020.0, 183380.0, 176659.0, 179740.0, 177780.0, 178901.0, 171341.0, 178621.0, 178060.0, 168542.0, 167982.0, 169102.0, 169381.0, 174142.0, 172461.0, 171621.0, 175262.0, 174981.0, 174141.0, 169942.0, 171901.0, 175541.0, 173861.0, 174422.0, 169101.0, 169662.0, 176381.0, 173022.0, 173581.0, 173581.0, 178340.0, 178621.0, 178341.0, 176381.0, 178341.0, 178061.0, 172461.0, 176940.0, 177501.0, 174700.0, 174701.0, 177501.0, 172179.0, 177500.0, 176381.0, 178061.0, 177780.0, 178620.0, 177501.0, 178620.0, 178062.0, 178621.0, 175541.0, 177780.0, 177219.0, 178900.0, 178060.0, 176940.0, 176660.0, 177780.0, 177501.0, 178621.0, 176661.0, 174421.0, 174981.0, 178059.0, 178620.0, 177500.0, 175821.0, 178059.0, 176380.0, 178341.0, 176939.0, 175819.0, 178621.0, 171901.0, 178900.0, 177221.0, 177500.0, 177221.0, 177781.0, 175541.0, 178900.0, 177780.0, 175541.0, 177501.0, 174700.0, 175541.0, 178341.0, 172179.0, 175540.0, 174421.0, 173582.0, 173861.0, 173861.0, 176381.0, 176099.0, 176661.0, 176941.0, 176381.0, 176100.0, 176101.0, 174980.0, 176380.0, 176379.0, 175539.0, 175540.0, 175541.0, 176381.0, 176662.0, 175541.0, 175819.0, 175261.0, 175541.0, 176939.0, 176660.0, 174420.0, 175820.0, 176940.0, 175540.0, 176100.0, 174981.0, 175820.0, 176099.0, 176659.0, 176381.0, 175539.0, 174981.0, 176381.0, 176661.0, 176099.0, 175820.0, 173580.0, 176101.0, 175541.0, 176660.0, 175539.0, 175260.0, 175821.0, 175821.0],