{"decisions": {"1 -> 2": -0.0, "1 -> 10": -0.0, "1 -> 8": -0.0, "1 -> 7": -0.0, "1 -> 4": -0.0, "1 -> 9": -0.0, "1 -> 5": -0.0, "1 -> 3": -0.0, "1 -> 6": -0.0, "2 -> 3": -0.0, "2 -> 4": -0.0, "2 -> 7": -0.0, "2 -> 9": -0.0, "2 -> 8": -0.0, "2 -> 10": -0.0, "2 -> 1": -0.0, "2 -> 5": -0.0, "2 -> 6": -0.0, "3 -> 4": -0.0, "3 -> 2": 1.0, "3 -> 1": 1.0, "3 -> 7": 0.0, "3 -> 10": -0.0, "3 -> 9": 1.0, "3 -> 8": -0.0, "4 -> 5": 1.0, "4 -> 3": 1.0, "4 -> 10": 0.0, "4 -> 8": -0.0, "4 -> 7": -0.0, "4 -> 2": -0.0, "4 -> 6": -0.0, "4 -> 1": -0.0, "4 -> 9": 0.0, "5 -> 6": 1.0, "5 -> 2": 0.0, "5 -> 8": -0.0, "5 -> 3": 0.9999999999999986, "5 -> 10": 0.0, "5 -> 1": 0.0, "6 -> 7": 1.0, "6 -> 10": -0.0, "6 -> 8": -0.0, "6 -> 1": 0.999999999999994, "6 -> 3": 2.349899218380883e-15, "6 -> 5": -0.0, "6 -> 4": 1.0, "7 -> 8": 1.0, "7 -> 1": -0.0, "7 -> 9": -0.0, "7 -> 2": 1.0, "7 -> 3": -0.0, "7 -> 10": -0.0, "7 -> 5": -0.0, "7 -> 4": -0.0, "7 -> 6": -0.0, "8 -> 9": 1.0, "8 -> 3": -0.0, "8 -> 7": -0.0, "8 -> 2": 0.0, "8 -> 6": -0.0, "8 -> 4": -0.0, "8 -> 5": 1.0, "8 -> 1": 1.0, "8 -> 10": -0.0, "9 -> 10": -0.0, "9 -> 6": 1.0, "9 -> 2": -0.0, "9 -> 7": -0.0, "9 -> 3": -0.0, "9 -> 8": -0.0, "9 -> 5": -0.0, "9 -> 4": 1.0, "10 -> 1": -0.0, "10 -> 6": -0.0, "10 -> 4": -0.0, "10 -> 9": 1.0, "10 -> 7": 0.0, "10 -> 5": -0.0, "10 -> 8": 0.0, "10 -> 2": -0.0, "10 -> 3": 1.0}, "decision_costs": {"1 -> 2": 3005.0, "1 -> 10": 1232.0, "1 -> 8": 1893.0, "1 -> 7": 1863.0, "1 -> 4": 1232.0, "1 -> 9": 2074.0, "1 -> 5": 2104.0, "1 -> 3": 2585.0, "1 -> 6": 391.0, "2 -> 3": 3005.0, "2 -> 4": 2224.0, "2 -> 7": 1713.0, "2 -> 9": 902.0, "2 -> 8": 1833.0, "2 -> 10": 2585.0, "2 -> 1": 2765.0, "2 -> 5": 2104.0, "2 -> 6": 782.0, "3 -> 4": 3005.0, "3 -> 2": 2795.0, "3 -> 1": 722.0, "3 -> 7": 1202.0, "3 -> 10": 2615.0, "3 -> 9": 361.0, "3 -> 8": 2014.0, "4 -> 5": 3005.0, "4 -> 3": 541.0, "4 -> 10": 1623.0, "4 -> 8": 1473.0, "4 -> 7": 2705.0, "4 -> 2": 2164.0, "4 -> 6": 2404.0, "4 -> 1": 1803.0, "4 -> 9": 2675.0, "5 -> 6": 3005.0, "5 -> 2": 631.0, "5 -> 8": 2705.0, "5 -> 3": 2645.0, "5 -> 10": 2915.0, "5 -> 1": 2554.0, "6 -> 7": 3005.0, "6 -> 10": 1533.0, "6 -> 8": 1984.0, "6 -> 1": 451.0, "6 -> 3": 872.0, "6 -> 5": 1833.0, "6 -> 4": 872.0, "7 -> 8": 3005.0, "7 -> 1": 1443.0, "7 -> 9": 2885.0, "7 -> 2": 451.0, "7 -> 3": 1803.0, "7 -> 10": 451.0, "7 -> 5": 421.0, "7 -> 4": 2494.0, "7 -> 6": 1353.0, "8 -> 9": 3005.0, "8 -> 3": 1713.0, "8 -> 7": 1803.0, "8 -> 2": 1293.0, "8 -> 6": 1713.0, "8 -> 4": 1142.0, "8 -> 5": 1443.0, "8 -> 1": 1232.0, "8 -> 10": 1563.0, "9 -> 10": 3005.0, "9 -> 6": 1503.0, "9 -> 2": 2464.0, "9 -> 7": 1082.0, "9 -> 3": 2044.0, "9 -> 8": 2104.0, "9 -> 5": 1773.0, "9 -> 4": 481.0, "10 -> 1": 3005.0, "10 -> 6": 1893.0, "10 -> 4": 2705.0, "10 -> 9": 992.0, "10 -> 7": 2104.0, "10 -> 5": 2164.0, "10 -> 8": 541.0, "10 -> 2": 2224.0, "10 -> 3": 1533.0}, "bounds": [-1e+100, -1e+100, -1e+100, 0.0, 0.0, 0.0, 0.0, 16584.0, 16584.0, 16584.0, 16584.0, 19285.0, 19285.0, 21667.0, 22500.0, 23049.0, 23049.0, 24047.0, 24047.0, 24047.0, 24047.0, 24047.0, 24047.0, 24047.0, 24047.0, 24047.0, 24047.0, 24047.0, 24047.0, 24047.0, 24047.0, 24047.0, 24047.0, 24047.0, 24047.0, 24047.0, 24047.0, 24047.0, 24047.0, 24047.0, 24047.0, 24047.0, 24047.0, 24047.0, 24047.0, 24047.0, 24047.0, 24047.0, 24047.0, 24047.0, 24443.0, 24443.0, 24443.0, 24443.0, 24443.0, 24443.0, 24443.0, 24443.0, 24443.0, 24737.0, 24737.0, 25634.0, 25634.0, 25634.0, 25634.0, 25634.0, 25634.0, 25634.0, 25634.0, 26879.0, 29206.0, 29559.0, 29947.0, 30075.0, 30086.0], "objectives": [41895.0, 41895.0, 40121.0, 48539.0, 40813.0, 74174.0, 61849.0, 34353.0, 29636.0, 32641.0, 33510.0, 35645.0, 30355.0, 31289.0, 32129.0, 32518.0, 30533.0, 37691.0, 33331.0, 33901.0, 34473.0, 34624.0, 32428.0, 34441.0, 32127.0, 35765.0, 40004.0, 39042.0, 37239.0, 33300.0, 40877.0, 33602.0, 34923.0, 28943.0, 34954.0, 33600.0, 31559.0, 31918.0, 32371.0, 32940.0, 31075.0, 32339.0, 30683.0, 32670.0, 32791.0, 32911.0, 33300.0, 33422.0, 33543.0, 33060.0, 30892.0, 31465.0, 33599.0, 31856.0, 30026.0, 31530.0, 31794.0, 31734.0, 31854.0, 31499.0, 31711.0, 30866.0, 31047.0, 31465.0, 30958.0, 31283.0, 31313.0, 31348.0, 31047.0, 30719.0, 30838.0, 30958.0, 30989.0, 31018.0, 30959.0], "run_times": [0.0, 0.09, 0.05, 0.07, 0.08, 0.07, 0.08, 0.11, 0.11, 0.1, 0.06, 0.18, 0.1, 0.2, 0.25, 0.23, 0.09, 7.74, 3.86, 4.12, 4.32, 3.99, 3.37, 0.38, 0.09, 1.6, 3.86, 3.29, 4.15, 3.77, 2.71, 2.21, 0.16, 2.0, 3.81, 3.64, 3.37, 20.03, 2.22, 2.94, 1.57, 0.77, 0.46, 0.25, 0.16, 0.83, 3.55, 3.3, 3.07, 3.37, 6.31, 3.87, 1.98, 1.42, 2.44, 4.34, 4.55, 5.59, 1.85, 3.92, 11.73, 103.65, 0.3, 0.1, 0.18, 0.17, 0.1, 36.19, 11.1, 24.24, 19.49, 5.04, 14.9, 82.79, 2.16], "is_optimal": true}
