{"decisions": {"1 -> 2": -0.0, "1 -> 10": -0.0, "1 -> 8": -0.0, "1 -> 7": -0.0, "1 -> 4": -0.0, "1 -> 9": -0.0, "1 -> 5": -0.0, "1 -> 3": -0.0, "1 -> 6": 0.0, "2 -> 3": -0.0, "2 -> 4": -0.0, "2 -> 7": 0.0, "2 -> 9": -0.0, "2 -> 8": -0.0, "2 -> 10": -0.0, "2 -> 1": -0.0, "2 -> 5": -0.0, "2 -> 6": -0.0, "3 -> 4": -0.0, "3 -> 2": 1.0, "3 -> 1": 1.0, "3 -> 7": 0.0, "3 -> 10": -0.0, "3 -> 9": 1.0, "3 -> 8": -0.0, "4 -> 5": 1.0, "4 -> 3": 0.9999999999999932, "4 -> 10": -0.0, "4 -> 8": -0.0, "4 -> 7": -0.0, "4 -> 2": -0.0, "4 -> 6": -0.0, "4 -> 1": -0.0, "4 -> 9": -0.0, "5 -> 6": 1.0, "5 -> 2": -0.0, "5 -> 8": -0.0, "5 -> 3": 1.0, "5 -> 10": -0.0, "5 -> 1": -0.0, "6 -> 7": 1.0, "6 -> 10": -0.0, "6 -> 8": -0.0, "6 -> 1": 1.0, "6 -> 3": 0.0, "6 -> 5": -0.0, "6 -> 4": 1.0, "7 -> 8": 1.0, "7 -> 1": 0.0, "7 -> 9": -0.0, "7 -> 2": 1.0000000000000002, "7 -> 3": -0.0, "7 -> 10": -0.0, "7 -> 5": -0.0, "7 -> 4": -0.0, "7 -> 6": -0.0, "8 -> 9": 1.0, "8 -> 3": -0.0, "8 -> 7": -0.0, "8 -> 2": -0.0, "8 -> 6": -0.0, "8 -> 4": -0.0, "8 -> 5": 1.0, "8 -> 1": 1.0, "8 -> 10": -0.0, "9 -> 10": -0.0, "9 -> 6": 1.0, "9 -> 2": -0.0, "9 -> 7": -0.0, "9 -> 3": -0.0, "9 -> 8": -0.0, "9 -> 5": -0.0, "9 -> 4": 1.0, "10 -> 1": -0.0, "10 -> 6": 1.0658141036401503e-14, "10 -> 4": -0.0, "10 -> 9": 0.9999999999999893, "10 -> 7": -0.0, "10 -> 5": -0.0, "10 -> 8": -1.3739009929736312e-14, "10 -> 2": 0.0, "10 -> 3": 1.0}, "decision_costs": {"1 -> 2": 3005.0, "1 -> 10": 1232.0, "1 -> 8": 1893.0, "1 -> 7": 1863.0, "1 -> 4": 1232.0, "1 -> 9": 2074.0, "1 -> 5": 2104.0, "1 -> 3": 2585.0, "1 -> 6": 391.0, "2 -> 3": 3005.0, "2 -> 4": 2224.0, "2 -> 7": 1713.0, "2 -> 9": 902.0, "2 -> 8": 1833.0, "2 -> 10": 2585.0, "2 -> 1": 2765.0, "2 -> 5": 2104.0, "2 -> 6": 782.0, "3 -> 4": 3005.0, "3 -> 2": 2795.0, "3 -> 1": 722.0, "3 -> 7": 1202.0, "3 -> 10": 2615.0, "3 -> 9": 361.0, "3 -> 8": 2014.0, "4 -> 5": 3005.0, "4 -> 3": 541.0, "4 -> 10": 1623.0, "4 -> 8": 1473.0, "4 -> 7": 2705.0, "4 -> 2": 2164.0, "4 -> 6": 2404.0, "4 -> 1": 1803.0, "4 -> 9": 2675.0, "5 -> 6": 3005.0, "5 -> 2": 631.0, "5 -> 8": 2705.0, "5 -> 3": 2645.0, "5 -> 10": 2915.0, "5 -> 1": 2554.0, "6 -> 7": 3005.0, "6 -> 10": 1533.0, "6 -> 8": 1984.0, "6 -> 1": 451.0, "6 -> 3": 872.0, "6 -> 5": 1833.0, "6 -> 4": 872.0, "7 -> 8": 3005.0, "7 -> 1": 1443.0, "7 -> 9": 2885.0, "7 -> 2": 451.0, "7 -> 3": 1803.0, "7 -> 10": 451.0, "7 -> 5": 421.0, "7 -> 4": 2494.0, "7 -> 6": 1353.0, "8 -> 9": 3005.0, "8 -> 3": 1713.0, "8 -> 7": 1803.0, "8 -> 2": 1293.0, "8 -> 6": 1713.0, "8 -> 4": 1142.0, "8 -> 5": 1443.0, "8 -> 1": 1232.0, "8 -> 10": 1563.0, "9 -> 10": 3005.0, "9 -> 6": 1503.0, "9 -> 2": 2464.0, "9 -> 7": 1082.0, "9 -> 3": 2044.0, "9 -> 8": 2104.0, "9 -> 5": 1773.0, "9 -> 4": 481.0, "10 -> 1": 3005.0, "10 -> 6": 1893.0, "10 -> 4": 2705.0, "10 -> 9": 992.0, "10 -> 7": 2104.0, "10 -> 5": 2164.0, "10 -> 8": 541.0, "10 -> 2": 2224.0, "10 -> 3": 1533.0}, "bounds": [-1e+100, 0.0, 11238.0, 11238.0, 15080.0, 15080.0, 16688.0, 18443.0, 20955.0, 21282.0, 21282.0, 21282.0, 21377.0, 21671.0, 21671.0, 21671.0, 21671.0, 21671.0, 21671.0, 21671.0, 21671.0, 21671.0, 21671.0, 21671.0, 21671.0, 21671.0, 21671.0, 21671.0, 21671.0, 21671.0, 21671.0, 21671.0, 21671.0, 21671.0, 21671.0, 22117.0, 22117.0, 22117.0, 23646.0, 23646.0, 23646.0, 23646.0, 23646.0, 23646.0, 23646.0, 23646.0, 23646.0, 23646.0, 23646.0, 23646.0, 23646.0, 23646.0, 23646.0, 25200.0, 25200.0, 25200.0, 26432.0, 27480.02, 27480.02, 28365.0, 28658.0, 29037.0, 29037.0, 29091.0, 29320.0, 30638.0], "objectives": [53406.0, 151234.0, 32637.0, 116010.0, 45892.0, 44269.0, 41624.0, 30056.0, 39974.0, 31199.0, 38021.0, 38499.0, 37779.0, 33844.0, 41056.0, 35137.0, 31679.0, 34503.0, 33902.0, 34653.0, 37030.0, 40574.0, 33087.0, 37655.0, 35071.0, 35706.0, 34620.0, 31980.0, 34054.0, 33571.0, 33688.0, 33688.0, 32311.0, 32490.0, 32431.0, 33057.0, 32790.0, 32456.0, 31317.0, 31316.0, 30175.0, 30624.0, 30050.0, 31283.0, 31317.0, 32338.0, 32065.0, 31918.0, 31829.0, 32126.0, 32005.0, 31914.0, 31734.0, 31258.0, 31619.0, 31313.0, 31709.0, 31379.0, 30838.0, 31617.0, 31258.0, 31017.0, 31138.0, 31047.0, 31046.0, 30960.0], "run_times": [0.0, 0.09, 0.05, 0.13, 0.07, 0.05, 0.05, 0.19, 3.53, 4.12, 3.85, 3.11, 4.22, 5.43, 4.55, 3.21, 3.16, 3.73, 1.91, 0.09, 0.62, 2.18, 9.99, 3.39, 1.49, 1.55, 2.15, 3.3, 2.66, 8.51, 3.67, 3.16, 4.87, 3.64, 1.82, 2.33, 21.29, 0.8, 25.19, 1.76, 2.38, 3.06, 2.98, 1.9, 5.33, 3.48, 2.82, 3.61, 2.13, 3.15, 2.01, 8.45, 1.26, 2.71, 3.73, 4.58, 3.42, 15.86, 4.93, 3.84, 5.82, 10.53, 1.79, 2.81, 7.78, 90.46], "is_optimal": true}
