{"decisions": {"1 -> 2": -0.0, "1 -> 10": -0.0, "1 -> 8": -0.0, "1 -> 7": -0.0, "1 -> 4": -0.0, "1 -> 9": -0.0, "1 -> 5": -0.0, "1 -> 3": 0.0, "1 -> 6": -0.0, "2 -> 3": -0.0, "2 -> 4": -0.0, "2 -> 7": -0.0, "2 -> 9": -0.0, "2 -> 8": -0.0, "2 -> 10": -0.0, "2 -> 1": -0.0, "2 -> 5": -0.0, "2 -> 6": -0.0, "3 -> 4": -0.0, "3 -> 2": 1.0, "3 -> 1": 1.0, "3 -> 7": 0.0, "3 -> 10": -0.0, "3 -> 9": 1.0, "3 -> 8": -0.0, "4 -> 5": 1.0, "4 -> 3": 1.0, "4 -> 10": -0.0, "4 -> 8": -0.0, "4 -> 7": -0.0, "4 -> 2": -0.0, "4 -> 6": -0.0, "4 -> 1": -0.0, "4 -> 9": -0.0, "5 -> 6": 1.0, "5 -> 2": 0.0, "5 -> 8": -0.0, "5 -> 3": 0.9999999999999998, "5 -> 10": -0.0, "5 -> 1": -0.0, "6 -> 7": 1.0, "6 -> 10": -0.0, "6 -> 8": -0.0, "6 -> 1": 1.0, "6 -> 3": -0.0, "6 -> 5": -0.0, "6 -> 4": 1.0000000000000022, "7 -> 8": 1.0, "7 -> 1": 0.0, "7 -> 9": -0.0, "7 -> 2": 1.0, "7 -> 3": -0.0, "7 -> 10": -0.0, "7 -> 5": -0.0, "7 -> 4": -0.0, "7 -> 6": -0.0, "8 -> 9": 1.0, "8 -> 3": -0.0, "8 -> 7": -0.0, "8 -> 2": 0.0, "8 -> 6": 0.0, "8 -> 4": -0.0, "8 -> 5": 1.0, "8 -> 1": 1.0, "8 -> 10": -0.0, "9 -> 10": -0.0, "9 -> 6": 1.0, "9 -> 2": -0.0, "9 -> 7": -0.0, "9 -> 3": -0.0, "9 -> 8": -0.0, "9 -> 5": -0.0, "9 -> 4": 1.0, "10 -> 1": -0.0, "10 -> 6": -0.0, "10 -> 4": -0.0, "10 -> 9": 1.0, "10 -> 7": -0.0, "10 -> 5": -0.0, "10 -> 8": -0.0, "10 -> 2": -0.0, "10 -> 3": 1.0}, "decision_costs": {"1 -> 2": 6010.0, "1 -> 10": 2464.0, "1 -> 8": 3786.0, "1 -> 7": 3726.0, "1 -> 4": 2464.0, "1 -> 9": 4147.0, "1 -> 5": 4207.0, "1 -> 3": 5169.0, "1 -> 6": 782.0, "2 -> 3": 6010.0, "2 -> 4": 4447.0, "2 -> 7": 3426.0, "2 -> 9": 1803.0, "2 -> 8": 3666.0, "2 -> 10": 5169.0, "2 -> 1": 5529.0, "2 -> 5": 4207.0, "2 -> 6": 1563.0, "3 -> 4": 6010.0, "3 -> 2": 5589.0, "3 -> 1": 1443.0, "3 -> 7": 2404.0, "3 -> 10": 5229.0, "3 -> 9": 722.0, "3 -> 8": 4027.0, "4 -> 5": 6010.0, "4 -> 3": 1082.0, "4 -> 10": 3246.0, "4 -> 8": 2945.0, "4 -> 7": 5409.0, "4 -> 2": 4327.0, "4 -> 6": 4808.0, "4 -> 1": 3606.0, "4 -> 9": 5349.0, "5 -> 6": 6010.0, "5 -> 2": 1262.0, "5 -> 8": 5409.0, "5 -> 3": 5289.0, "5 -> 10": 5830.0, "5 -> 1": 5108.0, "6 -> 7": 6010.0, "6 -> 10": 3065.0, "6 -> 8": 3967.0, "6 -> 1": 902.0, "6 -> 3": 1743.0, "6 -> 5": 3666.0, "6 -> 4": 1743.0, "7 -> 8": 6010.0, "7 -> 1": 2885.0, "7 -> 9": 5770.0, "7 -> 2": 902.0, "7 -> 3": 3606.0, "7 -> 10": 902.0, "7 -> 5": 842.0, "7 -> 4": 4988.0, "7 -> 6": 2705.0, "8 -> 9": 6010.0, "8 -> 3": 3426.0, "8 -> 7": 3606.0, "8 -> 2": 2585.0, "8 -> 6": 3426.0, "8 -> 4": 2284.0, "8 -> 5": 2885.0, "8 -> 1": 2464.0, "8 -> 10": 3125.0, "9 -> 10": 6010.0, "9 -> 6": 3005.0, "9 -> 2": 4928.0, "9 -> 7": 2164.0, "9 -> 3": 4087.0, "9 -> 8": 4207.0, "9 -> 5": 3546.0, "9 -> 4": 962.0, "10 -> 1": 6010.0, "10 -> 6": 3786.0, "10 -> 4": 5409.0, "10 -> 9": 1984.0, "10 -> 7": 4207.0, "10 -> 5": 4327.0, "10 -> 8": 1082.0, "10 -> 2": 4447.0, "10 -> 3": 3065.0}, "bounds": [-1e+100, 0.0, 22475.0, 22475.0, 22475.0, 30270.0, 30270.0, 32931.0, 32931.0, 36179.0, 39959.0, 40644.0, 40644.0, 40644.0, 42340.0, 42340.0, 42340.0, 42340.0, 42771.0, 42771.0, 42771.0, 42771.0, 42771.0, 42771.0, 42771.0, 42771.0, 43938.0, 43938.0, 43938.0, 43938.0, 43938.0, 43938.0, 43938.0, 43938.0, 43938.0, 43938.0, 43938.0, 43938.0, 43938.0, 43938.0, 43938.0, 43938.0, 43938.0, 43938.0, 43938.0, 43938.0, 43938.0, 43938.0, 43938.0, 43938.0, 43938.0, 43938.0, 43938.0, 43938.0, 43938.0, 43938.0, 43938.0, 43938.0, 43938.0, 43938.0, 43938.0, 43938.0, 43938.0, 43938.0, 43938.0, 43938.0, 43938.0, 44003.0, 44003.0, 44003.0, 50558.0, 52213.0, 52213.0, 52213.0, 52213.0, 52213.0, 52213.0, 52213.0, 52213.0, 52213.0, 52213.0, 52213.0, 53661.0, 53661.0, 53661.0, 55267.0, 55267.0, 55300.0, 57182.0, 57182.0, 60572.0, 60672.0], "objectives": [106797.0, 302432.0, 65272.0, 230129.0, 234095.0, 98149.0, 97848.0, 95263.0, 94964.0, 94722.0, 94064.0, 85888.0, 71826.0, 82281.0, 93943.0, 91720.0, 71585.0, 91479.0, 59924.0, 88952.0, 77351.0, 91117.0, 88111.0, 89554.0, 89014.0, 88171.0, 84986.0, 81020.0, 64491.0, 67738.0, 79459.0, 69120.0, 76210.0, 65154.0, 68097.0, 74108.0, 63289.0, 79038.0, 71885.0, 80898.0, 75188.0, 78556.0, 78797.0, 76391.0, 76812.0, 78075.0, 78977.0, 79097.0, 75189.0, 75429.0, 68038.0, 80840.0, 75492.0, 76513.0, 76572.0, 78434.0, 79638.0, 75731.0, 80958.0, 71162.0, 77173.0, 75790.0, 70622.0, 75731.0, 73086.0, 70982.0, 69179.0, 68097.0, 67075.0, 65994.0, 67678.0, 61965.0, 62567.0, 60822.0, 63469.0, 66535.0, 66714.0, 62626.0, 65094.0, 64369.0, 65393.0, 65151.0, 64552.0, 64551.0, 63830.0, 62927.0, 62868.0, 62869.0, 62748.0, 62087.0, 61187.0, 61727.0], "run_times": [0.0, 0.09, 0.07, 0.12, 0.06, 0.05, 0.07, 0.07, 0.04, 0.13, 2.76, 2.08, 3.42, 2.9, 2.56, 3.18, 1.42, 2.61, 2.39, 3.38, 3.23, 3.03, 1.72, 0.67, 2.27, 1.61, 4.93, 2.26, 1.84, 9.06, 2.68, 4.06, 3.69, 2.75, 3.1, 2.73, 3.34, 2.6, 2.47, 1.98, 2.84, 3.19, 3.38, 2.27, 3.44, 3.01, 4.14, 2.72, 2.35, 2.7, 2.09, 3.19, 2.09, 2.24, 2.45, 4.13, 3.64, 3.35, 2.63, 1.84, 5.57, 2.0, 1.18, 2.2, 1.0, 1.33, 1.34, 16.21, 1.03, 2.66, 34.48, 11.63, 2.57, 2.51, 2.46, 6.89, 2.97, 2.86, 2.38, 2.82, 3.75, 2.47, 34.56, 2.29, 1.33, 2.07, 3.41, 3.37, 1.18, 2.66, 7.14, 2.32], "is_optimal": true}
