{"decisions": {"1 -> 2": -0.0, "1 -> 10": -0.0, "1 -> 8": -0.0, "1 -> 7": -0.0, "1 -> 4": -0.0, "1 -> 9": -0.0, "1 -> 5": -0.0, "1 -> 3": -0.0, "1 -> 6": -0.0, "2 -> 3": -0.0, "2 -> 4": 0.0, "2 -> 7": -0.0, "2 -> 9": 0.0, "2 -> 8": -0.0, "2 -> 10": -0.0, "2 -> 1": -0.0, "2 -> 5": -0.0, "2 -> 6": -0.0, "3 -> 4": -0.0, "3 -> 2": 1.0, "3 -> 1": 0.9999999999999997, "3 -> 7": 0.0, "3 -> 10": -0.0, "3 -> 9": 1.0, "3 -> 8": -0.0, "4 -> 5": 1.0, "4 -> 3": 1.0, "4 -> 10": -0.0, "4 -> 8": -0.0, "4 -> 7": -0.0, "4 -> 2": -0.0, "4 -> 6": -0.0, "4 -> 1": 0.0, "4 -> 9": -0.0, "5 -> 6": 1.0, "5 -> 2": 0.0, "5 -> 8": -0.0, "5 -> 3": 1.0, "5 -> 10": -0.0, "5 -> 1": 0.0, "6 -> 7": 1.0, "6 -> 10": -0.0, "6 -> 8": -0.0, "6 -> 1": 0.999999999999999, "6 -> 3": -1.0408340855860843e-17, "6 -> 5": -0.0, "6 -> 4": 1.0, "7 -> 8": 1.0, "7 -> 1": 2.7582103268031233e-16, "7 -> 9": -0.0, "7 -> 2": 1.0, "7 -> 3": -0.0, "7 -> 10": -0.0, "7 -> 5": -0.0, "7 -> 4": -0.0, "7 -> 6": -0.0, "8 -> 9": 1.0, "8 -> 3": -0.0, "8 -> 7": -0.0, "8 -> 2": 0.0, "8 -> 6": -0.0, "8 -> 4": -0.0, "8 -> 5": 1.0, "8 -> 1": 1.0, "8 -> 10": -0.0, "9 -> 10": -0.0, "9 -> 6": 1.0, "9 -> 2": -0.0, "9 -> 7": -0.0, "9 -> 3": -0.0, "9 -> 8": -0.0, "9 -> 5": -0.0, "9 -> 4": 1.0, "10 -> 1": -0.0, "10 -> 6": -0.0, "10 -> 4": -0.0, "10 -> 9": 1.0, "10 -> 7": -0.0, "10 -> 5": 0.0, "10 -> 8": -0.0, "10 -> 2": -0.0, "10 -> 3": 1.0}, "decision_costs": {"1 -> 2": 6010.0, "1 -> 10": 2464.0, "1 -> 8": 3786.0, "1 -> 7": 3726.0, "1 -> 4": 2464.0, "1 -> 9": 4147.0, "1 -> 5": 4207.0, "1 -> 3": 5169.0, "1 -> 6": 782.0, "2 -> 3": 6010.0, "2 -> 4": 4447.0, "2 -> 7": 3426.0, "2 -> 9": 1803.0, "2 -> 8": 3666.0, "2 -> 10": 5169.0, "2 -> 1": 5529.0, "2 -> 5": 4207.0, "2 -> 6": 1563.0, "3 -> 4": 6010.0, "3 -> 2": 5589.0, "3 -> 1": 1443.0, "3 -> 7": 2404.0, "3 -> 10": 5229.0, "3 -> 9": 722.0, "3 -> 8": 4027.0, "4 -> 5": 6010.0, "4 -> 3": 1082.0, "4 -> 10": 3246.0, "4 -> 8": 2945.0, "4 -> 7": 5409.0, "4 -> 2": 4327.0, "4 -> 6": 4808.0, "4 -> 1": 3606.0, "4 -> 9": 5349.0, "5 -> 6": 6010.0, "5 -> 2": 1262.0, "5 -> 8": 5409.0, "5 -> 3": 5289.0, "5 -> 10": 5830.0, "5 -> 1": 5108.0, "6 -> 7": 6010.0, "6 -> 10": 3065.0, "6 -> 8": 3967.0, "6 -> 1": 902.0, "6 -> 3": 1743.0, "6 -> 5": 3666.0, "6 -> 4": 1743.0, "7 -> 8": 6010.0, "7 -> 1": 2885.0, "7 -> 9": 5770.0, "7 -> 2": 902.0, "7 -> 3": 3606.0, "7 -> 10": 902.0, "7 -> 5": 842.0, "7 -> 4": 4988.0, "7 -> 6": 2705.0, "8 -> 9": 6010.0, "8 -> 3": 3426.0, "8 -> 7": 3606.0, "8 -> 2": 2585.0, "8 -> 6": 3426.0, "8 -> 4": 2284.0, "8 -> 5": 2885.0, "8 -> 1": 2464.0, "8 -> 10": 3125.0, "9 -> 10": 6010.0, "9 -> 6": 3005.0, "9 -> 2": 4928.0, "9 -> 7": 2164.0, "9 -> 3": 4087.0, "9 -> 8": 4207.0, "9 -> 5": 3546.0, "9 -> 4": 962.0, "10 -> 1": 6010.0, "10 -> 6": 3786.0, "10 -> 4": 5409.0, "10 -> 9": 1984.0, "10 -> 7": 4207.0, "10 -> 5": 4327.0, "10 -> 8": 1082.0, "10 -> 2": 4447.0, "10 -> 3": 3065.0}, "bounds": [-1e+100, -1e+100, -1e+100, 0.0, 0.0, 0.0, 0.0, 34015.0, 34015.0, 34015.0, 34015.0, 40664.0, 40664.0, 40664.0, 44514.01, 44514.01, 45467.0, 46901.0, 46901.0, 47532.0, 47771.0, 47771.0, 48861.02, 49317.0, 49317.0, 49317.0, 49317.0, 49317.0, 49472.0, 49472.0, 49472.0, 49472.0, 49472.0, 49472.0, 49472.0, 49472.0, 49472.0, 49472.0, 49472.0, 49671.0, 50233.0, 50233.0, 50233.0, 50233.0, 50233.0, 50233.0, 50233.0, 50348.0, 50348.0, 50830.0, 53121.0, 53121.0, 53121.0, 53121.0, 53121.0, 53121.0, 54589.0, 54589.0, 56213.0, 56645.0, 56810.0, 56998.0, 56998.0, 56998.0, 56998.0, 56998.0, 56998.0, 56998.0, 56998.0, 56998.0, 56998.0, 60748.0], "objectives": [90814.0, 90814.0, 90573.0, 93639.0, 86666.0, 152116.0, 119660.0, 66296.0, 60527.0, 62028.0, 66174.0, 69660.0, 59023.0, 67375.0, 58902.0, 77831.0, 90275.0, 56979.0, 75550.0, 81679.0, 67497.0, 68098.0, 53910.0, 62870.0, 56919.0, 63892.0, 59863.0, 59143.0, 74347.0, 64490.0, 79277.0, 70861.0, 59383.0, 60100.0, 65574.0, 74168.0, 61364.0, 80478.0, 62927.0, 62506.0, 62631.0, 58180.0, 62629.0, 61485.0, 62388.0, 62448.0, 62627.0, 62926.0, 62449.0, 59684.0, 61185.0, 60586.0, 61727.0, 62626.0, 62688.0, 61126.0, 62388.0, 62569.0, 62808.0, 62449.0, 62687.0, 62809.0, 62208.0, 61910.0, 62628.0, 61426.0, 62388.0, 62087.0, 61847.0, 60945.0, 61907.0, 61668.0], "run_times": [0.0, 0.09, 0.03, 0.05, 0.03, 0.05, 0.05, 0.05, 0.05, 0.05, 0.03, 0.08, 0.05, 0.05, 0.1, 0.06, 0.12, 0.11, 0.05, 0.1, 0.13, 0.05, 3.75, 2.19, 2.64, 2.32, 1.94, 2.35, 2.4, 2.17, 2.16, 2.8, 2.97, 1.91, 2.58, 2.18, 2.28, 2.55, 2.89, 2.83, 3.35, 2.98, 2.34, 2.06, 2.37, 1.38, 2.35, 2.43, 2.25, 3.08, 18.68, 2.13, 1.93, 1.43, 1.76, 1.21, 5.69, 2.72, 3.43, 2.47, 1.65, 63.96, 0.3, 0.22, 0.21, 0.1, 2.59, 1.95, 6.04, 2.08, 2.02, 7.51], "is_optimal": true}
