{"decisions": {"1 -> 2": 1.0, "1 -> 7": -0.0, "1 -> 4": -0.0, "1 -> 8": -0.0, "1 -> 3": -0.0, "1 -> 10": 7.827885080606371e-13, "1 -> 9": -0.0, "1 -> 5": -0.0, "1 -> 6": -1.6866509726725016e-12, "2 -> 3": 1.0, "2 -> 8": -0.0, "2 -> 4": -0.0, "2 -> 5": -0.0, "2 -> 10": -0.0, "2 -> 1": -9.22442284289423e-15, "2 -> 9": 0.0, "2 -> 7": -7.627044638762681e-15, "3 -> 4": 1.0, "3 -> 7": -0.0, "3 -> 1": -0.0, "3 -> 10": 0.0, "3 -> 6": 2.1450758668297618e-15, "3 -> 5": -0.0, "3 -> 8": -0.0, "3 -> 9": -0.0, "4 -> 5": 1.0, "4 -> 7": 2.6218474855272074e-15, "4 -> 2": 3.39258625355119e-14, "4 -> 10": -0.0, "4 -> 6": -0.0, "4 -> 9": -0.0, "4 -> 3": -0.0, "4 -> 8": -6.054141040672699e-14, "4 -> 1": -0.0, "5 -> 6": 1.0, "5 -> 1": -0.0, "5 -> 4": -0.0, "5 -> 9": -0.0, "5 -> 7": -0.0, "5 -> 3": -0.0, "5 -> 10": 6.158627672678133e-14, "5 -> 8": -0.0, "6 -> 7": 1.0, "6 -> 5": -3.0845266048500473e-15, "6 -> 10": 0.0, "6 -> 1": -6.898503747282127e-15, "6 -> 8": -0.0, "6 -> 9": -0.0, "6 -> 3": -0.0, "6 -> 2": -0.0, "6 -> 4": -0.0, "7 -> 8": 1.0, "7 -> 10": -0.0, "7 -> 2": -0.0, "7 -> 6": -0.0, "7 -> 3": -0.0, "7 -> 4": -0.0, "7 -> 5": -0.0, "7 -> 1": -0.0, "8 -> 9": 1.0, "8 -> 5": -0.0, "8 -> 6": 2.398098480005118e-13, "8 -> 7": -0.0, "8 -> 1": -0.0, "8 -> 3": -0.0, "8 -> 2": -0.0, "8 -> 10": -0.0, "9 -> 10": 1.0, "9 -> 6": -0.0, "9 -> 7": -0.0, "9 -> 1": -0.0, "9 -> 2": -0.0, "9 -> 8": -0.0, "9 -> 5": -1.1353049536736061e-14, "10 -> 1": 1.0, "10 -> 4": 0.0, "10 -> 9": -0.0, "10 -> 5": -0.0, "10 -> 7": 7.014125565733456e-15, "10 -> 8": -4.5961827141822344e-15, "10 -> 2": -1.2855794974504686e-14, "10 -> 3": -0.0, "10 -> 6": -0.0}, "decision_costs": {"1 -> 2": 14766.0, "1 -> 7": 13585.0, "1 -> 4": 11223.0, "1 -> 8": 11370.0, "1 -> 3": 5316.0, "1 -> 10": 13880.0, "1 -> 9": 10632.0, "1 -> 5": 5612.0, "1 -> 6": 2068.0, "2 -> 3": 14766.0, "2 -> 8": 2806.0, "2 -> 4": 13880.0, "2 -> 5": 12847.0, "2 -> 10": 10189.0, "2 -> 1": 2658.0, "2 -> 9": 2363.0, "2 -> 7": 8712.0, "3 -> 4": 14766.0, "3 -> 7": 5169.0, "3 -> 1": 1625.0, "3 -> 10": 3249.0, "3 -> 6": 12404.0, "3 -> 5": 6793.0, "3 -> 8": 9746.0, "3 -> 9": 4135.0, "4 -> 5": 14766.0, "4 -> 7": 10337.0, "4 -> 2": 1477.0, "4 -> 10": 6055.0, "4 -> 6": 6940.0, "4 -> 9": 13290.0, "4 -> 3": 14619.0, "4 -> 8": 10780.0, "4 -> 1": 10337.0, "5 -> 6": 14766.0, "5 -> 1": 13290.0, "5 -> 4": 7679.0, "5 -> 9": 3840.0, "5 -> 7": 9598.0, "5 -> 3": 11370.0, "5 -> 10": 3101.0, "5 -> 8": 7679.0, "6 -> 7": 14766.0, "6 -> 5": 9746.0, "6 -> 10": 6202.0, "6 -> 1": 5021.0, "6 -> 8": 5612.0, "6 -> 9": 11075.0, "6 -> 3": 6793.0, "6 -> 2": 2363.0, "6 -> 4": 8565.0, "7 -> 8": 14766.0, "7 -> 10": 4726.0, "7 -> 2": 5759.0, "7 -> 6": 10632.0, "7 -> 3": 3544.0, "7 -> 4": 12256.0, "7 -> 5": 7383.0, "7 -> 1": 1920.0, "8 -> 9": 14766.0, "8 -> 5": 8565.0, "8 -> 6": 2363.0, "8 -> 7": 10927.0, "8 -> 1": 10484.0, "8 -> 3": 13290.0, "8 -> 2": 10337.0, "8 -> 10": 11370.0, "9 -> 10": 14766.0, "9 -> 6": 7531.0, "9 -> 7": 10632.0, "9 -> 1": 1920.0, "9 -> 2": 6793.0, "9 -> 8": 11813.0, "9 -> 5": 2215.0, "10 -> 1": 14766.0, "10 -> 4": 4283.0, "10 -> 9": 1772.0, "10 -> 5": 4726.0, "10 -> 7": 4430.0, "10 -> 8": 5316.0, "10 -> 2": 8417.0, "10 -> 3": 10780.0, "10 -> 6": 11370.0}, "bounds": [-1e+100, -1e+100, -1e+100, 0.0, 0.0, 0.0, 0.0, 111060.0, 111060.0, 111060.0, 133817.0], "objectives": [257678.0, 257678.0, 210866.0, 405200.0, 284845.0, 399881.0, 371231.0, 243502.0, 193293.0, 358090.0, 147660.0], "run_times": [0.0, 1.07, 0.34, 0.68, 1.38, 0.92, 0.8, 1.27, 1.04, 1.06, 0.89], "is_optimal": true}
