{"decisions": {"1 -> 7": -0.0, "1 -> 9": -0.0, "1 -> 3": -0.0, "1 -> 6": 1.0, "1 -> 10": 1.0, "1 -> 8": -0.0, "2 -> 3": 1.0, "2 -> 1": -0.0, "2 -> 7": 0.9999999999999999, "3 -> 5": -0.0, "3 -> 4": -0.0, "3 -> 6": -0.0, "3 -> 9": -0.0, "3 -> 1": -0.0, "3 -> 8": 1.0, "3 -> 7": -0.0, "3 -> 2": 1.0, "4 -> 7": -0.0, "4 -> 10": -0.0, "4 -> 3": 1.0, "4 -> 6": 1.0, "4 -> 5": -0.0, "5 -> 1": 1.0, "5 -> 7": -0.0, "5 -> 9": 0.9999999999999987, "5 -> 2": -0.0, "5 -> 6": -0.0, "6 -> 1": 1.0, "6 -> 8": -0.0, "6 -> 9": -0.0, "6 -> 10": -0.0, "6 -> 4": 1.0, "7 -> 10": 1.0, "7 -> 1": 1.0, "7 -> 9": -0.0, "8 -> 5": 1.0, "8 -> 7": 0.9999999999999999, "8 -> 4": 1.0, "8 -> 3": -0.0, "9 -> 1": -0.0, "9 -> 6": -0.0, "9 -> 7": -0.0, "9 -> 10": 0.0, "9 -> 3": 1.0, "10 -> 4": -0.0, "10 -> 6": -0.0, "10 -> 8": 1.0, "10 -> 9": -0.0, "10 -> 1": -0.0, "10 -> 2": -0.0}, "decision_costs": {"1 -> 7": 13158.0, "1 -> 9": 12878.0, "1 -> 3": 20437.0, "1 -> 6": 13718.0, "1 -> 10": 16238.0, "1 -> 8": 9239.0, "2 -> 3": 9519.0, "2 -> 1": 26036.0, "2 -> 7": 6999.0, "3 -> 5": 8399.0, "3 -> 4": 9519.0, "3 -> 6": 23517.0, "3 -> 9": 19317.0, "3 -> 1": 15958.0, "3 -> 8": 4480.0, "3 -> 7": 22677.0, "3 -> 2": 3080.0, "4 -> 7": 22397.0, "4 -> 10": 20437.0, "4 -> 3": 17078.0, "4 -> 6": 12599.0, "4 -> 5": 21557.0, "5 -> 1": 6439.0, "5 -> 7": 19038.0, "5 -> 9": 8679.0, "5 -> 2": 12878.0, "5 -> 6": 19877.0, "6 -> 1": 7839.0, "6 -> 8": 25477.0, "6 -> 9": 5320.0, "6 -> 10": 22957.0, "6 -> 4": 4200.0, "7 -> 10": 8119.0, "7 -> 1": 11759.0, "7 -> 9": 19317.0, "8 -> 5": 7559.0, "8 -> 7": 9519.0, "8 -> 4": 2800.0, "8 -> 3": 10359.0, "9 -> 1": 27156.0, "9 -> 6": 23237.0, "9 -> 7": 9239.0, "9 -> 10": 14278.0, "9 -> 3": 15118.0, "10 -> 4": 8959.0, "10 -> 6": 22117.0, "10 -> 8": 10079.0, "10 -> 9": 16238.0, "10 -> 1": 24917.0, "10 -> 2": 10639.0}, "bounds": [-1e+100, 85617.0, 85617.0, 131283.0, 131381.0, 131399.0, 131947.0, 131964.0, 132116.0, 132870.02, 132870.02, 132870.02, 132870.02, 135090.0, 135090.0, 135090.0, 135090.0, 135090.0, 135090.0, 135090.0, 135090.0, 135090.0, 135090.0, 135090.0, 135090.0, 135090.0, 135090.0, 135090.0, 135090.0, 135090.0, 135090.0, 135090.0, 135090.0, 135090.0, 135090.0, 135090.0, 135090.0, 135090.0, 135090.0, 135090.0, 135090.0, 135090.0, 135090.0, 135090.0, 135090.0, 135090.0, 135090.0, 135090.0, 135090.0, 135090.0, 135090.0, 135090.0, 135090.0, 135090.0, 135090.0, 135090.0, 135090.0, 135090.0, 135090.0, 135090.0, 135090.0, 135090.0, 135090.0, 135090.0, 135090.0, 135090.0, 135090.0, 135090.0, 135090.0, 135090.0, 135090.0, 135090.0, 135090.0, 135090.0, 135090.0, 135090.0, 135090.0, 135090.0, 135090.0, 135090.0, 135090.0, 135090.0, 135090.0, 135090.0, 135090.0, 135090.0, 135090.0, 135090.0, 135090.0, 135090.0, 135090.0, 135090.0, 135090.0, 135090.0, 135090.0, 135090.0, 135090.0, 135090.0, 135090.0, 135090.0, 135090.0, 135090.0, 135090.0, 135090.0, 135090.0, 135090.0, 135090.0, 135090.0, 135418.0, 135418.0, 135418.0, 135418.0, 135418.0, 135418.0, 135418.0, 135418.0, 135418.0, 135418.0, 135418.0, 135418.0, 135418.0, 135418.0, 135418.0, 135418.0, 135418.0, 135418.0, 135418.0, 135418.0, 135418.0, 135418.0, 135418.0, 135418.0, 135418.0, 135418.0, 135418.0, 138917.11, 138917.11, 138917.11, 138917.11, 138917.11, 138917.11, 138917.11, 138917.11, 138917.11, 138917.11, 138917.11, 138917.11, 138917.11, 138917.11, 138917.11, 138917.11, 138917.11, 138917.11, 138917.11, 138917.11, 138917.11, 138917.11, 143106.0, 143370.0, 146973.0, 146994.0, 146994.0, 148254.0, 148299.0, 148299.0, 149748.0, 149748.0, 149748.0, 149748.0, 149748.0, 149748.0, 149748.0, 149748.0, 149748.0, 149748.0, 149748.0, 149748.0, 149748.0, 149748.0, 149748.0, 149748.0, 149748.0, 149748.0, 149748.0, 149748.0, 149748.0, 149748.0, 149748.0, 149748.0, 149748.0, 149748.0, 149748.0, 149748.0, 149748.0, 149748.0, 149748.0, 149748.0, 150230.0, 150230.0, 150230.0, 150906.0, 150906.0, 150906.0, 150906.0, 151954.06, 151954.06, 151954.06, 152214.0, 152214.0, 152214.0, 152214.0, 152214.0, 152214.0, 152214.0, 152214.0, 152214.0, 152214.0, 152214.0, 154697.0, 154697.0, 154697.0, 154697.0, 154697.0, 161445.0, 163496.0, 164229.0, 164939.0, 165434.0, 166164.0, 166627.0, 166929.0, 167669.0, 167758.0, 168254.0, 169092.0, 169537.0, 169556.0], "objectives": [652876.0, 416029.0, 395592.0, 390272.0, 258690.0, 345199.0, 313283.0, 272969.0, 265689.0, 245530.0, 199337.0, 265410.0, 262609.0, 224254.0, 260371.0, 255331.0, 244412.0, 231534.0, 223694.0, 218656.0, 208296.0, 194018.0, 163502.0, 200457.0, 178339.0, 180859.0, 178619.0, 188978.0, 210255.0, 213055.0, 198777.0, 192618.0, 180580.0, 178619.0, 206616.0, 202976.0, 204936.0, 199617.0, 205775.0, 201018.0, 176940.0, 212217.0, 166862.0, 171621.0, 183099.0, 192618.0, 166301.0, 209694.0, 206336.0, 210816.0, 208296.0, 203258.0, 205496.0, 205496.0, 195417.0, 203536.0, 180580.0, 189259.0, 191778.0, 180300.0, 197098.0, 177501.0, 202416.0, 180299.0, 201579.0, 175261.0, 194858.0, 192057.0, 169102.0, 189539.0, 181700.0, 189538.0, 182820.0, 194578.0, 185619.0, 187299.0, 183939.0, 190098.0, 192058.0, 190099.0, 194298.0, 187300.0, 193178.0, 185059.0, 188980.0, 191777.0, 192338.0, 193738.0, 180020.0, 187019.0, 184499.0, 189258.0, 185898.0, 192898.0, 193739.0, 183659.0, 189259.0, 194018.0, 183660.0, 190098.0, 194019.0, 186739.0, 193739.0, 190659.0, 185341.0, 191499.0, 191780.0, 187860.0, 191779.0, 187579.0, 189538.0, 186740.0, 178341.0, 190100.0, 189819.0, 184500.0, 188139.0, 187580.0, 188139.0, 167142.0, 183378.0, 180301.0, 180859.0, 184220.0, 187858.0, 187859.0, 174142.0, 186179.0, 180581.0, 182261.0, 183100.0, 186740.0, 189819.0, 184780.0, 187299.0, 183101.0, 189540.0, 186180.0, 189259.0, 186459.0, 187579.0, 167702.0, 178901.0, 171061.0, 169661.0, 178061.0, 169661.0, 175262.0, 173861.0, 179181.0, 188139.0, 187859.0, 182821.0, 174422.0, 172461.0, 178900.0, 177501.0, 178901.0, 175261.0, 180861.0, 182820.0, 180299.0, 179740.0, 180019.0, 176379.0, 180019.0, 177779.0, 175539.0, 175260.0, 179179.0, 175539.0, 176939.0, 174142.0, 174980.0, 172741.0, 171901.0, 173581.0, 172179.0, 175260.0, 173301.0, 174420.0, 173580.0, 171620.0, 178899.0, 179179.0, 178899.0, 175540.0, 176100.0, 179179.0, 179179.0, 172181.0, 177779.0, 174979.0, 177499.0, 176100.0, 178061.0, 179457.0, 178901.0, 172182.0, 173580.0, 176660.0, 178900.0, 178341.0, 176661.0, 177221.0, 178621.0, 175541.0, 179740.0, 175260.0, 175820.0, 179741.0, 177780.0, 179460.0, 179179.0, 177501.0, 179741.0, 177220.0, 177499.0, 174701.0, 178900.0, 179740.0, 175821.0, 175541.0, 175819.0, 174701.0, 174421.0, 175820.0, 173861.0, 174981.0, 174421.0, 173021.0, 175540.0, 174981.0, 174701.0, 174141.0, 174700.0, 175261.0],