{"decisions": {"1 -> 7": -0.0, "1 -> 9": -0.0, "1 -> 3": -0.0, "1 -> 6": 1.0, "1 -> 10": 1.0, "1 -> 8": -0.0, "2 -> 3": 1.0, "2 -> 1": -0.0, "2 -> 7": 1.0, "3 -> 5": 0.0, "3 -> 4": -0.0, "3 -> 6": -0.0, "3 -> 9": -0.0, "3 -> 1": 0.0, "3 -> 8": 1.0, "3 -> 7": -0.0, "3 -> 2": 1.0, "4 -> 7": -0.0, "4 -> 10": -0.0, "4 -> 3": 1.0, "4 -> 6": 1.0, "4 -> 5": -0.0, "5 -> 1": 1.0, "5 -> 7": 0.0, "5 -> 9": 1.000000000000012, "5 -> 2": -0.0, "5 -> 6": -0.0, "6 -> 1": 1.0, "6 -> 8": -0.0, "6 -> 9": -0.0, "6 -> 10": 0.0, "6 -> 4": 1.0, "7 -> 10": 1.0, "7 -> 1": 1.0, "7 -> 9": -0.0, "8 -> 5": 1.0, "8 -> 7": 0.9999999999999997, "8 -> 4": 1.0, "8 -> 3": -0.0, "9 -> 1": -0.0, "9 -> 6": -0.0, "9 -> 7": -0.0, "9 -> 10": -0.0, "9 -> 3": 1.0, "10 -> 4": -0.0, "10 -> 6": -0.0, "10 -> 8": 1.0, "10 -> 9": -0.0, "10 -> 1": -0.0, "10 -> 2": -0.0}, "decision_costs": {"1 -> 7": 13158.0, "1 -> 9": 12878.0, "1 -> 3": 20437.0, "1 -> 6": 13718.0, "1 -> 10": 16238.0, "1 -> 8": 9239.0, "2 -> 3": 9519.0, "2 -> 1": 26036.0, "2 -> 7": 6999.0, "3 -> 5": 8399.0, "3 -> 4": 9519.0, "3 -> 6": 23517.0, "3 -> 9": 19317.0, "3 -> 1": 15958.0, "3 -> 8": 4480.0, "3 -> 7": 22677.0, "3 -> 2": 3080.0, "4 -> 7": 22397.0, "4 -> 10": 20437.0, "4 -> 3": 17078.0, "4 -> 6": 12599.0, "4 -> 5": 21557.0, "5 -> 1": 6439.0, "5 -> 7": 19038.0, "5 -> 9": 8679.0, "5 -> 2": 12878.0, "5 -> 6": 19877.0, "6 -> 1": 7839.0, "6 -> 8": 25477.0, "6 -> 9": 5320.0, "6 -> 10": 22957.0, "6 -> 4": 4200.0, "7 -> 10": 8119.0, "7 -> 1": 11759.0, "7 -> 9": 19317.0, "8 -> 5": 7559.0, "8 -> 7": 9519.0, "8 -> 4": 2800.0, "8 -> 3": 10359.0, "9 -> 1": 27156.0, "9 -> 6": 23237.0, "9 -> 7": 9239.0, "9 -> 10": 14278.0, "9 -> 3": 15118.0, "10 -> 4": 8959.0, "10 -> 6": 22117.0, "10 -> 8": 10079.0, "10 -> 9": 16238.0, "10 -> 1": 24917.0, "10 -> 2": 10639.0}, "bounds": [-1e+100, -1e+100, -1e+100, 0.0, 0.0, 0.0, 0.0, 0.0, 105356.0, 105356.0, 105356.0, 105356.0, 105356.0, 105356.0, 105356.0, 105356.0, 105356.0, 122659.0, 122659.0, 125768.0, 125768.0, 125768.0, 125768.0, 129708.0, 129708.0, 129708.0, 129708.0, 131121.0, 131121.0, 131636.02, 131636.02, 131636.02, 137814.0, 138162.0, 138162.0, 138162.0, 138162.0, 138162.0, 138162.0, 138162.0, 138162.0, 138162.0, 138162.0, 138162.0, 138162.0, 138162.0, 138162.0, 138162.0, 138162.0, 138162.0, 138162.0, 138162.0, 138162.0, 138162.0, 138162.0, 138162.0, 138162.0, 138162.0, 138162.0, 138808.0, 138808.0, 138808.0, 138808.0, 138808.0, 138808.0, 138808.0, 138808.0, 138808.0, 138808.0, 138808.0, 138808.0, 138808.0, 138808.0, 138808.0, 138808.0, 138808.0, 138808.0, 138808.0, 138808.0, 138808.0, 138808.0, 138808.0, 138808.0, 138808.0, 138808.0, 138808.0, 138808.0, 138808.0, 138808.0, 138808.0, 138808.0, 138808.0, 138808.0, 138808.0, 138808.0, 138808.0, 138808.0, 138808.0, 138808.0, 140940.0, 140940.0, 140940.0, 140940.0, 140940.0, 140940.0, 140940.0, 140940.0, 140940.0, 140940.0, 140940.0, 140940.0, 140940.0, 140940.0, 140940.0, 140940.0, 140940.0, 140940.0, 140940.0, 140940.0, 140940.0, 140940.0, 140940.0, 140940.0, 140940.0, 140940.0, 140940.0, 140940.0, 140940.0, 140940.0, 140940.0, 140940.0, 140940.0, 140940.0, 140940.0, 141176.14, 141176.14, 141176.14, 141176.14, 141176.14, 141176.14, 141176.14, 141176.14, 141176.14, 141176.14, 141176.14, 141176.14, 141176.14, 141176.14, 141176.14, 141176.14, 141176.14, 141176.14, 141176.14, 143926.0, 144066.0, 144066.0, 144111.0, 144578.0, 144578.0, 144578.0, 144578.0, 144578.0, 144578.0, 144578.0, 144578.0, 144578.0, 144578.0, 144578.0, 144578.0, 144578.0, 144578.0, 144578.0, 144578.0, 144578.0, 144578.0, 144578.0, 144578.0, 144578.0, 144578.0, 144578.0, 144578.0, 146138.0, 146138.0, 146138.0, 146138.0, 146138.0, 146138.0, 147150.0, 147150.0, 147150.0, 147150.0, 147150.0, 147150.0, 147150.0, 148208.0, 148208.0, 148208.0, 149060.0, 149060.0, 149060.0, 155927.0, 155927.0, 155927.0, 155927.0, 157519.0, 158382.0, 158382.0, 159087.0, 159087.0, 159571.0, 159605.0, 159605.0, 159779.0, 160478.0, 160862.0, 160862.0, 160862.0, 160862.0, 160862.0, 160862.0, 160862.0, 160862.0, 160862.0, 160862.0, 161263.0, 161263.0, 161824.0, 162742.0, 163154.0, 163298.0, 163298.0, 163298.0, 163753.0, 165452.0, 165596.0, 166670.0, 167023.0, 167237.0, 167239.03, 167270.0, 167324.0, 168979.0, 169057.0, 169745.0, 170641.11, 170648.05], "objectives": [169659.0, 169659.0, 175817.0, 327839.0, 288083.0, 222853.0, 320000.0, 304881.0, 328397.0, 166581.0, 200176.0, 156782.0, 160982.0, 167421.0, 171621.0, 192618.0, 169101.0, 153981.0, 173019.0, 174421.0, 187577.0, 212213.0, 222572.0, 190099.0, 197658.0, 206895.0, 228452.0, 157902.0, 189537.0, 150343.0, 170499.0, 163501.0, 173300.0, 149503.0, 158181.0, 164061.0, 147824.0, 186738.0, 165181.0, 196256.0, 190657.0, 172740.0, 173579.0, 156784.0, 167141.0, 169940.0, 171060.0, 173022.0, 166021.0, 192618.0, 181979.0, 163222.0, 181139.0, 175260.0, 184218.0, 165741.0, 187859.0, 193177.0, 183378.0, 179181.0, 204377.0, 185337.0, 180580.0, 198776.0, 167982.0, 192337.0, 179461.0, 225373.0, 179460.0, 201857.0, 192617.0, 195698.0, 202698.0, 200456.0, 209697.0, 198778.0, 204937.0, 195138.0, 210815.0, 197376.0, 192618.0, 199896.0, 184779.0, 207737.0, 210816.0, 199057.0, 229574.0, 199897.0, 190938.0, 194017.0, 195138.0, 176381.0, 179741.0, 185619.0, 164902.0, 168261.0, 183381.0, 190659.0, 198216.0, 170221.0, 185339.0, 181140.0, 199617.0, 195418.0, 194856.0, 197936.0, 176100.0, 194858.0, 189819.0, 193178.0, 195977.0, 199339.0, 194860.0, 183099.0, 192058.0, 190377.0, 194578.0, 197377.0, 199338.0, 189539.0, 195977.0, 187579.0, 195138.0, 181139.0, 192618.0, 172182.0, 167702.0, 179741.0, 170221.0, 171902.0, 179461.0, 168822.0, 172179.0, 165462.0, 197938.0, 185620.0, 192057.0, 196538.0, 195977.0, 190657.0, 195417.0, 192618.0, 191218.0, 168542.0, 191497.0, 183939.0, 173861.0, 176101.0, 179181.0, 180021.0, 176940.0, 171902.0, 179460.0, 168542.0, 178901.0, 178062.0, 176661.0, 178061.0, 180020.0, 173022.0, 173580.0, 178339.0, 175541.0, 172462.0, 175541.0, 175820.0, 176941.0, 171901.0, 173861.0, 172180.0, 171901.0, 175541.0, 176660.0, 175540.0, 176381.0, 176660.0, 176658.0, 172460.0, 175539.0, 174142.0, 176099.0, 175541.0, 173021.0, 174981.0, 174421.0, 175821.0, 175259.0, 176660.0, 176940.0, 172182.0, 174981.0, 175259.0, 176381.0, 174420.0, 170501.0, 174980.0, 176100.0, 176381.0, 176659.0, 176940.0, 174701.0, 174141.0, 171342.0, 174422.0, 174422.0, 175541.0, 176940.0, 175540.0, 175541.0, 175821.0, 175260.0, 176661.0, 175821.0, 173301.0, 176381.0, 175261.0, 173861.0, 172181.0, 173861.0, 175541.0, 170502.0, 174421.0, 173861.0, 174141.0, 176660.0, 174699.0, 176379.0, 175539.0, 174701.0, 173860.0, 175261.0, 174981.0, 174980.0, 173581.0, 174980.0, 176380.0, 176099.0, 174421.0, 175821.0, 175540.0, 176660.0, 176379.0, 175821.0, 175819.0, 175260.0, 175539.0],