{"decisions": {"1 -> 2": -0.0, "1 -> 10": -0.0, "1 -> 8": -0.0, "1 -> 7": -0.0, "1 -> 4": -0.0, "1 -> 9": -0.0, "1 -> 5": -0.0, "1 -> 3": -0.0, "1 -> 6": -0.0, "2 -> 3": -0.0, "2 -> 4": -0.0, "2 -> 7": -0.0, "2 -> 9": -0.0, "2 -> 8": -0.0, "2 -> 10": -0.0, "2 -> 1": -0.0, "2 -> 5": -0.0, "2 -> 6": -0.0, "3 -> 4": -0.0, "3 -> 2": 1.0000000000000016, "3 -> 1": 1.0, "3 -> 7": 0.0, "3 -> 10": -0.0, "3 -> 9": 1.0, "3 -> 8": -0.0, "4 -> 5": 1.0, "4 -> 3": 1.0, "4 -> 10": -0.0, "4 -> 8": -0.0, "4 -> 7": -0.0, "4 -> 2": -0.0, "4 -> 6": -0.0, "4 -> 1": -0.0, "4 -> 9": -0.0, "5 -> 6": 1.0, "5 -> 2": -0.0, "5 -> 8": -0.0, "5 -> 3": 1.0, "5 -> 10": -0.0, "5 -> 1": 0.0, "6 -> 7": 1.0, "6 -> 10": -0.0, "6 -> 8": -0.0, "6 -> 1": 1.0, "6 -> 3": 0.0, "6 -> 5": -0.0, "6 -> 4": 1.0, "7 -> 8": 1.0, "7 -> 1": -0.0, "7 -> 9": -0.0, "7 -> 2": 1.0, "7 -> 3": 0.0, "7 -> 10": 0.0, "7 -> 5": -0.0, "7 -> 4": -0.0, "7 -> 6": -0.0, "8 -> 9": 1.0, "8 -> 3": 0.0, "8 -> 7": -0.0, "8 -> 2": -0.0, "8 -> 6": -0.0, "8 -> 4": -0.0, "8 -> 5": 1.0, "8 -> 1": 1.0, "8 -> 10": -0.0, "9 -> 10": -0.0, "9 -> 6": 1.0000000000000002, "9 -> 2": -0.0, "9 -> 7": -0.0, "9 -> 3": -0.0, "9 -> 8": -0.0, "9 -> 5": -0.0, "9 -> 4": 1.0, "10 -> 1": -0.0, "10 -> 6": -0.0, "10 -> 4": -0.0, "10 -> 9": 1.0, "10 -> 7": -0.0, "10 -> 5": -0.0, "10 -> 8": 0.0, "10 -> 2": -0.0, "10 -> 3": 1.0}, "decision_costs": {"1 -> 2": 601.0, "1 -> 10": 247.0, "1 -> 8": 379.0, "1 -> 7": 373.0, "1 -> 4": 247.0, "1 -> 9": 415.0, "1 -> 5": 421.0, "1 -> 3": 517.0, "1 -> 6": 79.0, "2 -> 3": 601.0, "2 -> 4": 445.0, "2 -> 7": 343.0, "2 -> 9": 181.0, "2 -> 8": 367.0, "2 -> 10": 517.0, "2 -> 1": 553.0, "2 -> 5": 421.0, "2 -> 6": 157.0, "3 -> 4": 601.0, "3 -> 2": 559.0, "3 -> 1": 145.0, "3 -> 7": 241.0, "3 -> 10": 523.0, "3 -> 9": 73.0, "3 -> 8": 403.0, "4 -> 5": 601.0, "4 -> 3": 109.0, "4 -> 10": 325.0, "4 -> 8": 295.0, "4 -> 7": 541.0, "4 -> 2": 433.0, "4 -> 6": 481.0, "4 -> 1": 361.0, "4 -> 9": 535.0, "5 -> 6": 601.0, "5 -> 2": 127.0, "5 -> 8": 541.0, "5 -> 3": 529.0, "5 -> 10": 583.0, "5 -> 1": 511.0, "6 -> 7": 601.0, "6 -> 10": 307.0, "6 -> 8": 397.0, "6 -> 1": 91.0, "6 -> 3": 175.0, "6 -> 5": 367.0, "6 -> 4": 175.0, "7 -> 8": 601.0, "7 -> 1": 289.0, "7 -> 9": 577.0, "7 -> 2": 91.0, "7 -> 3": 361.0, "7 -> 10": 91.0, "7 -> 5": 85.0, "7 -> 4": 499.0, "7 -> 6": 271.0, "8 -> 9": 601.0, "8 -> 3": 343.0, "8 -> 7": 361.0, "8 -> 2": 259.0, "8 -> 6": 343.0, "8 -> 4": 229.0, "8 -> 5": 289.0, "8 -> 1": 247.0, "8 -> 10": 313.0, "9 -> 10": 601.0, "9 -> 6": 301.0, "9 -> 2": 493.0, "9 -> 7": 217.0, "9 -> 3": 409.0, "9 -> 8": 421.0, "9 -> 5": 355.0, "9 -> 4": 97.0, "10 -> 1": 601.0, "10 -> 6": 379.0, "10 -> 4": 541.0, "10 -> 9": 199.0, "10 -> 7": 421.0, "10 -> 5": 433.0, "10 -> 8": 109.0, "10 -> 2": 445.0, "10 -> 3": 307.0}, "bounds": [-1e+100, -1e+100, -1e+100, 0.0, 0.0, 0.0, 3351.0, 3351.0, 3351.0, 3351.0, 4142.0, 4468.0, 4720.0, 4785.0, 4785.0, 5054.0, 5054.0, 5054.0, 5054.0, 5054.0, 5054.0, 5054.0, 5054.0, 5054.0, 5054.0, 5054.0, 5054.0, 5054.0, 5054.0, 5054.0, 5054.0, 5054.0, 5054.0, 5054.0, 5054.0, 5054.0, 5054.0, 5054.0, 5054.0, 5054.0, 5054.0, 5054.0, 5054.0, 5054.0, 5054.0, 5054.0, 5054.0, 5054.0, 5066.0, 5066.0, 5066.0, 5066.0, 5066.0, 5066.0, 5066.0, 5066.0, 5066.0, 5066.0, 5066.0, 5066.0, 5066.0, 5066.0, 5066.0, 5066.0, 5066.0, 5066.0, 5066.0, 5066.0, 5066.0, 5066.0, 5066.0, 5066.0, 5066.0, 5066.0, 5066.0, 5066.0, 5066.0, 5289.0, 5289.0, 5289.0, 5313.0], "objectives": [8386.0, 8386.0, 8029.0, 9719.0, 8168.0, 14847.0, 6283.0, 6884.0, 6005.0, 6442.0, 6750.0, 6489.0, 7173.0, 8834.0, 6641.0, 6968.0, 6419.0, 6204.0, 5980.0, 6833.0, 6429.0, 6984.0, 9770.0, 7758.0, 7881.0, 7080.0, 6964.0, 8229.0, 7512.0, 6885.0, 6192.0, 5906.0, 6917.0, 6772.0, 7023.0, 7850.0, 6487.0, 7979.0, 8107.0, 6596.0, 6803.0, 8889.0, 7723.0, 7544.0, 8719.0, 9851.0, 7519.0, 7727.0, 9499.0, 9721.0, 7420.0, 7387.0, 7486.0, 8727.0, 9372.0, 7504.0, 8958.0, 8615.0, 7597.0, 9743.0, 8972.0, 8222.0, 9653.0, 9212.0, 8957.0, 8283.0, 7912.0, 6368.0, 6987.0, 6681.0, 6497.0, 6584.0, 6615.0, 6368.0, 6497.0, 6291.0, 6217.0, 6261.0, 6140.0, 6258.0, 6217.0], "run_times": [0.0, 0.15, 0.05, 0.15, 0.15, 0.13, 0.16, 0.16, 0.08, 0.14, 0.17, 0.19, 0.24, 0.23, 0.14, 6.13, 4.57, 5.53, 4.6, 2.92, 0.18, 0.14, 1.45, 5.36, 5.37, 5.7, 1.12, 0.16, 0.13, 0.09, 0.09, 1.07, 3.73, 5.02, 4.07, 4.83, 4.96, 4.57, 5.09, 4.18, 4.79, 3.64, 3.81, 3.64, 3.28, 3.58, 4.43, 4.27, 3.99, 4.3, 4.61, 4.62, 2.87, 1.28, 0.08, 0.14, 0.13, 0.12, 0.13, 0.13, 0.13, 0.11, 0.61, 4.07, 3.88, 2.46, 3.01, 2.37, 8.81, 2.55, 1.48, 1.89, 2.34, 2.01, 1.55, 14.42, 4.38, 19.49, 1.84, 3.39, 5.48], "is_optimal": true}
