{"decisions": {"1 -> 2": -0.0, "1 -> 10": -0.0, "1 -> 8": -0.0, "1 -> 7": -0.0, "1 -> 4": -0.0, "1 -> 9": -0.0, "1 -> 5": -0.0, "1 -> 3": -0.0, "1 -> 6": -0.0, "2 -> 3": -0.0, "2 -> 4": -0.0, "2 -> 7": -0.0, "2 -> 9": -0.0, "2 -> 8": -0.0, "2 -> 10": -0.0, "2 -> 1": -0.0, "2 -> 5": -0.0, "2 -> 6": -0.0, "3 -> 4": -0.0, "3 -> 2": 1.0, "3 -> 1": 1.0, "3 -> 7": 0.0, "3 -> 10": -0.0, "3 -> 9": 1.0, "3 -> 8": -0.0, "4 -> 5": 1.0, "4 -> 3": 1.0, "4 -> 10": -0.0, "4 -> 8": -0.0, "4 -> 7": -0.0, "4 -> 2": -0.0, "4 -> 6": -0.0, "4 -> 1": -0.0, "4 -> 9": -0.0, "5 -> 6": 1.0, "5 -> 2": 0.0, "5 -> 8": -0.0, "5 -> 3": 1.0, "5 -> 10": 0.0, "5 -> 1": 0.0, "6 -> 7": 1.0, "6 -> 10": -0.0, "6 -> 8": -0.0, "6 -> 1": 1.0, "6 -> 3": 0.0, "6 -> 5": 0.0, "6 -> 4": 1.0, "7 -> 8": 1.0, "7 -> 1": 0.0, "7 -> 9": -0.0, "7 -> 2": 1.0, "7 -> 3": -0.0, "7 -> 10": -0.0, "7 -> 5": -0.0, "7 -> 4": -0.0, "7 -> 6": -0.0, "8 -> 9": 1.0, "8 -> 3": 0.0, "8 -> 7": -0.0, "8 -> 2": 0.0, "8 -> 6": -0.0, "8 -> 4": 0.0, "8 -> 5": 1.0, "8 -> 1": 1.0, "8 -> 10": -0.0, "9 -> 10": -0.0, "9 -> 6": 1.0, "9 -> 2": -0.0, "9 -> 7": -0.0, "9 -> 3": -0.0, "9 -> 8": -0.0, "9 -> 5": -0.0, "9 -> 4": 1.0, "10 -> 1": -0.0, "10 -> 6": -0.0, "10 -> 4": -0.0, "10 -> 9": 1.0000000000000002, "10 -> 7": -0.0, "10 -> 5": -0.0, "10 -> 8": 0.0, "10 -> 2": -0.0, "10 -> 3": 0.999999999999998}, "decision_costs": {"1 -> 2": 3005.0, "1 -> 10": 1232.0, "1 -> 8": 1893.0, "1 -> 7": 1863.0, "1 -> 4": 1232.0, "1 -> 9": 2074.0, "1 -> 5": 2104.0, "1 -> 3": 2585.0, "1 -> 6": 391.0, "2 -> 3": 3005.0, "2 -> 4": 2224.0, "2 -> 7": 1713.0, "2 -> 9": 902.0, "2 -> 8": 1833.0, "2 -> 10": 2585.0, "2 -> 1": 2765.0, "2 -> 5": 2104.0, "2 -> 6": 782.0, "3 -> 4": 3005.0, "3 -> 2": 2795.0, "3 -> 1": 722.0, "3 -> 7": 1202.0, "3 -> 10": 2615.0, "3 -> 9": 361.0, "3 -> 8": 2014.0, "4 -> 5": 3005.0, "4 -> 3": 541.0, "4 -> 10": 1623.0, "4 -> 8": 1473.0, "4 -> 7": 2705.0, "4 -> 2": 2164.0, "4 -> 6": 2404.0, "4 -> 1": 1803.0, "4 -> 9": 2675.0, "5 -> 6": 3005.0, "5 -> 2": 631.0, "5 -> 8": 2705.0, "5 -> 3": 2645.0, "5 -> 10": 2915.0, "5 -> 1": 2554.0, "6 -> 7": 3005.0, "6 -> 10": 1533.0, "6 -> 8": 1984.0, "6 -> 1": 451.0, "6 -> 3": 872.0, "6 -> 5": 1833.0, "6 -> 4": 872.0, "7 -> 8": 3005.0, "7 -> 1": 1443.0, "7 -> 9": 2885.0, "7 -> 2": 451.0, "7 -> 3": 1803.0, "7 -> 10": 451.0, "7 -> 5": 421.0, "7 -> 4": 2494.0, "7 -> 6": 1353.0, "8 -> 9": 3005.0, "8 -> 3": 1713.0, "8 -> 7": 1803.0, "8 -> 2": 1293.0, "8 -> 6": 1713.0, "8 -> 4": 1142.0, "8 -> 5": 1443.0, "8 -> 1": 1232.0, "8 -> 10": 1563.0, "9 -> 10": 3005.0, "9 -> 6": 1503.0, "9 -> 2": 2464.0, "9 -> 7": 1082.0, "9 -> 3": 2044.0, "9 -> 8": 2104.0, "9 -> 5": 1773.0, "9 -> 4": 481.0, "10 -> 1": 3005.0, "10 -> 6": 1893.0, "10 -> 4": 2705.0, "10 -> 9": 992.0, "10 -> 7": 2104.0, "10 -> 5": 2164.0, "10 -> 8": 541.0, "10 -> 2": 2224.0, "10 -> 3": 1533.0}, "bounds": [-1e+100, 0.0, 10768.0, 10768.0, 14496.01, 14496.01, 16020.0, 17241.0, 17241.0, 17604.0, 17693.0, 20841.0, 21017.0, 21900.0, 21900.0, 21900.0, 21900.0, 21900.0, 21900.0, 21900.0, 21900.0, 21900.0, 21900.0, 21900.0, 21900.0, 21900.0, 21900.0, 22140.0, 22867.0, 23269.0, 23269.0, 23495.0, 23675.0, 24527.02, 24975.0, 24975.0, 24975.0, 24975.0, 24975.0, 24998.0, 24998.0, 24998.0, 24998.0, 25298.0, 25580.0, 25765.0, 25765.0, 28015.0, 28129.0, 28212.0, 28218.0, 28427.0, 28427.0, 28979.0, 29081.0, 29113.0, 29827.0, 29902.0, 30127.0], "objectives": [42707.0, 151234.0, 32637.0, 104021.0, 44990.0, 43367.0, 43278.0, 37838.0, 42496.0, 40633.0, 26389.0, 40454.0, 35285.0, 39282.0, 39822.0, 33989.0, 34836.0, 37508.0, 39671.0, 39371.0, 37298.0, 39732.0, 37480.0, 39191.0, 39579.0, 38948.0, 28853.0, 35975.0, 36243.0, 35251.0, 33481.0, 33899.0, 30050.0, 32997.0, 31134.0, 31135.0, 32577.0, 31824.0, 31078.0, 32399.0, 32126.0, 31409.0, 31590.0, 31767.0, 31589.0, 31800.0, 31950.0, 31710.0, 31919.0, 32068.0, 32011.0, 31888.0, 31438.0, 31407.0, 31313.0, 31047.0, 31017.0, 30862.0, 30838.0], "run_times": [0.0, 0.49, 0.3, 0.4, 0.33, 0.29, 0.24, 0.28, 0.18, 0.18, 0.19, 6.09, 15.55, 8.78, 25.94, 10.43, 5.12, 14.34, 15.07, 3.74, 18.07, 17.17, 20.56, 18.5, 28.28, 0.73, 0.35, 0.73, 0.76, 0.62, 0.17, 0.59, 1.13, 16.99, 16.45, 7.23, 7.29, 43.86, 13.2, 14.91, 15.06, 14.58, 12.29, 21.99, 34.39, 26.87, 10.22, 77.93, 22.45, 20.7, 8.67, 42.86, 9.55, 133.43, 44.95, 26.31, 428.09, 99.53, 376.1], "is_optimal": true}
