{"decisions": {"1 -> 2": 1.0, "1 -> 7": -0.0, "1 -> 4": -0.0, "1 -> 8": -0.0, "1 -> 3": 0.0, "1 -> 10": 2.2852264268071613e-16, "1 -> 9": -0.0, "1 -> 5": -0.0, "1 -> 6": -0.0, "2 -> 3": 1.0, "2 -> 8": -0.0, "2 -> 4": -0.0, "2 -> 5": -0.0, "2 -> 10": -0.0, "2 -> 1": 7.420811861724282e-16, "2 -> 9": 1.2071268348755692e-15, "2 -> 7": 1.3503366391950345e-15, "3 -> 4": 1.0, "3 -> 7": -0.0, "3 -> 1": -0.0, "3 -> 10": 0.0, "3 -> 6": -0.0, "3 -> 5": -0.0, "3 -> 8": -0.0, "3 -> 9": -0.0, "4 -> 5": 1.0, "4 -> 7": -0.0, "4 -> 2": 0.0, "4 -> 10": -0.0, "4 -> 6": -0.0, "4 -> 9": -0.0, "4 -> 3": -0.0, "4 -> 8": -0.0, "4 -> 1": -0.0, "5 -> 6": 1.0, "5 -> 1": -0.0, "5 -> 4": -0.0, "5 -> 9": -0.0, "5 -> 7": -0.0, "5 -> 3": -0.0, "5 -> 10": 0.0, "5 -> 8": -0.0, "6 -> 7": 1.0, "6 -> 5": 3.4278706186925318e-15, "6 -> 10": 0.0, "6 -> 1": -0.0, "6 -> 8": -0.0, "6 -> 9": -0.0, "6 -> 3": -0.0, "6 -> 2": -0.0, "6 -> 4": -0.0, "7 -> 8": 1.0, "7 -> 10": -0.0, "7 -> 2": -0.0, "7 -> 6": -0.0, "7 -> 3": -0.0, "7 -> 4": -0.0, "7 -> 5": -0.0, "7 -> 1": 0.0, "8 -> 9": 1.0, "8 -> 5": -0.0, "8 -> 6": 0.0, "8 -> 7": -0.0, "8 -> 1": -0.0, "8 -> 3": -0.0, "8 -> 2": -0.0, "8 -> 10": -0.0, "9 -> 10": 1.0, "9 -> 6": -0.0, "9 -> 7": -0.0, "9 -> 1": -0.0, "9 -> 2": -0.0, "9 -> 8": -0.0, "9 -> 5": -0.0, "10 -> 1": 1.0, "10 -> 4": 1.6733256039693437e-15, "10 -> 9": -0.0, "10 -> 5": -1.909293114934467e-15, "10 -> 7": -0.0, "10 -> 8": -2.8820321405395407e-15, "10 -> 2": 0.0, "10 -> 3": -0.0, "10 -> 6": -0.0}, "decision_costs": {"1 -> 2": 1477.0, "1 -> 7": 1359.0, "1 -> 4": 1123.0, "1 -> 8": 1137.0, "1 -> 3": 532.0, "1 -> 10": 1388.0, "1 -> 9": 1064.0, "1 -> 5": 562.0, "1 -> 6": 207.0, "2 -> 3": 1477.0, "2 -> 8": 281.0, "2 -> 4": 1388.0, "2 -> 5": 1285.0, "2 -> 10": 1019.0, "2 -> 1": 266.0, "2 -> 9": 237.0, "2 -> 7": 872.0, "3 -> 4": 1477.0, "3 -> 7": 517.0, "3 -> 1": 163.0, "3 -> 10": 325.0, "3 -> 6": 1241.0, "3 -> 5": 680.0, "3 -> 8": 975.0, "3 -> 9": 414.0, "4 -> 5": 1477.0, "4 -> 7": 1034.0, "4 -> 2": 148.0, "4 -> 10": 606.0, "4 -> 6": 694.0, "4 -> 9": 1329.0, "4 -> 3": 1462.0, "4 -> 8": 1078.0, "4 -> 1": 1034.0, "5 -> 6": 1477.0, "5 -> 1": 1329.0, "5 -> 4": 768.0, "5 -> 9": 384.0, "5 -> 7": 960.0, "5 -> 3": 1137.0, "5 -> 10": 311.0, "5 -> 8": 768.0, "6 -> 7": 1477.0, "6 -> 5": 975.0, "6 -> 10": 621.0, "6 -> 1": 503.0, "6 -> 8": 562.0, "6 -> 9": 1108.0, "6 -> 3": 680.0, "6 -> 2": 237.0, "6 -> 4": 857.0, "7 -> 8": 1477.0, "7 -> 10": 473.0, "7 -> 2": 576.0, "7 -> 6": 1064.0, "7 -> 3": 355.0, "7 -> 4": 1226.0, "7 -> 5": 739.0, "7 -> 1": 192.0, "8 -> 9": 1477.0, "8 -> 5": 857.0, "8 -> 6": 237.0, "8 -> 7": 1093.0, "8 -> 1": 1049.0, "8 -> 3": 1329.0, "8 -> 2": 1034.0, "8 -> 10": 1137.0, "9 -> 10": 1477.0, "9 -> 6": 754.0, "9 -> 7": 1064.0, "9 -> 1": 192.0, "9 -> 2": 680.0, "9 -> 8": 1182.0, "9 -> 5": 222.0, "10 -> 1": 1477.0, "10 -> 4": 429.0, "10 -> 9": 178.0, "10 -> 5": 473.0, "10 -> 7": 443.0, "10 -> 8": 532.0, "10 -> 2": 842.0, "10 -> 3": 1078.0, "10 -> 6": 1137.0}, "bounds": [-1e+100, -1e+100, -1e+100, 0.0, 0.0, 0.0, 0.0, 10925.0, 10925.0, 10925.0, 13224.0, 13224.0, 13333.0, 13333.0], "objectives": [32755.0, 32755.0, 28839.0, 39977.0, 28866.0, 44502.0, 38291.0, 29490.0, 18128.0, 37391.0, 17608.0, 15140.0, 15125.0, 14770.0], "run_times": [0.0, 2.76, 0.56, 2.71, 3.76, 3.19, 3.29, 3.17, 2.22, 2.05, 3.31, 2.4, 2.93, 0.6], "is_optimal": true}
