{"decisions": {"1 -> 2": 1.0, "1 -> 7": -0.0, "1 -> 4": -0.0, "1 -> 8": -0.0, "1 -> 3": -2.499511836911762e-14, "1 -> 10": 0.0, "1 -> 9": -2.8614854316673355e-14, "1 -> 5": -0.0, "1 -> 6": -1.2712791122869627e-13, "2 -> 3": 1.0, "2 -> 8": -0.0, "2 -> 4": -0.0, "2 -> 5": -0.0, "2 -> 10": -0.0, "2 -> 1": -6.035389804647997e-14, "2 -> 9": 1.5140553541249073e-13, "2 -> 7": -3.0853977167309036e-14, "3 -> 4": 1.0, "3 -> 7": 0.0, "3 -> 1": -0.0, "3 -> 10": -4.0165426717029565e-15, "3 -> 6": -0.0, "3 -> 5": 0.0, "3 -> 8": -0.0, "3 -> 9": -0.0, "4 -> 5": 1.0, "4 -> 7": -0.0, "4 -> 2": 0.0, "4 -> 10": 0.0, "4 -> 6": -0.0, "4 -> 9": -0.0, "4 -> 3": -0.0, "4 -> 8": -0.0, "4 -> 1": -0.0, "5 -> 6": 1.0, "5 -> 1": -0.0, "5 -> 4": -0.0, "5 -> 9": 0.0, "5 -> 7": -0.0, "5 -> 3": -0.0, "5 -> 10": 3.42697923844979e-15, "5 -> 8": -0.0, "6 -> 7": 1.0, "6 -> 5": 3.4516333942988516e-15, "6 -> 10": 0.0, "6 -> 1": 7.523393672754002e-15, "6 -> 8": -0.0, "6 -> 9": -0.0, "6 -> 3": -0.0, "6 -> 2": 0.0, "6 -> 4": -0.0, "7 -> 8": 1.0, "7 -> 10": -0.0, "7 -> 2": -0.0, "7 -> 6": -0.0, "7 -> 3": -0.0, "7 -> 4": -0.0, "7 -> 5": -0.0, "7 -> 1": -0.0, "8 -> 9": 1.0, "8 -> 5": -0.0, "8 -> 6": -3.125092445628104e-14, "8 -> 7": -0.0, "8 -> 1": -1.4760017405856035e-14, "8 -> 3": -0.0, "8 -> 2": -0.0, "8 -> 10": -0.0, "9 -> 10": 1.0, "9 -> 6": -0.0, "9 -> 7": -0.0, "9 -> 1": -0.0, "9 -> 2": -0.0, "9 -> 8": -0.0, "9 -> 5": 0.0, "10 -> 1": 1.0, "10 -> 4": 0.0, "10 -> 9": -0.0, "10 -> 5": 0.0, "10 -> 7": -0.0, "10 -> 8": -4.911301178778135e-14, "10 -> 2": -2.942091015256665e-14, "10 -> 3": -0.0, "10 -> 6": -0.0}, "decision_costs": {"1 -> 2": 1477.0, "1 -> 7": 1359.0, "1 -> 4": 1123.0, "1 -> 8": 1137.0, "1 -> 3": 532.0, "1 -> 10": 1388.0, "1 -> 9": 1064.0, "1 -> 5": 562.0, "1 -> 6": 207.0, "2 -> 3": 1477.0, "2 -> 8": 281.0, "2 -> 4": 1388.0, "2 -> 5": 1285.0, "2 -> 10": 1019.0, "2 -> 1": 266.0, "2 -> 9": 237.0, "2 -> 7": 872.0, "3 -> 4": 1477.0, "3 -> 7": 517.0, "3 -> 1": 163.0, "3 -> 10": 325.0, "3 -> 6": 1241.0, "3 -> 5": 680.0, "3 -> 8": 975.0, "3 -> 9": 414.0, "4 -> 5": 1477.0, "4 -> 7": 1034.0, "4 -> 2": 148.0, "4 -> 10": 606.0, "4 -> 6": 694.0, "4 -> 9": 1329.0, "4 -> 3": 1462.0, "4 -> 8": 1078.0, "4 -> 1": 1034.0, "5 -> 6": 1477.0, "5 -> 1": 1329.0, "5 -> 4": 768.0, "5 -> 9": 384.0, "5 -> 7": 960.0, "5 -> 3": 1137.0, "5 -> 10": 311.0, "5 -> 8": 768.0, "6 -> 7": 1477.0, "6 -> 5": 975.0, "6 -> 10": 621.0, "6 -> 1": 503.0, "6 -> 8": 562.0, "6 -> 9": 1108.0, "6 -> 3": 680.0, "6 -> 2": 237.0, "6 -> 4": 857.0, "7 -> 8": 1477.0, "7 -> 10": 473.0, "7 -> 2": 576.0, "7 -> 6": 1064.0, "7 -> 3": 355.0, "7 -> 4": 1226.0, "7 -> 5": 739.0, "7 -> 1": 192.0, "8 -> 9": 1477.0, "8 -> 5": 857.0, "8 -> 6": 237.0, "8 -> 7": 1093.0, "8 -> 1": 1049.0, "8 -> 3": 1329.0, "8 -> 2": 1034.0, "8 -> 10": 1137.0, "9 -> 10": 1477.0, "9 -> 6": 754.0, "9 -> 7": 1064.0, "9 -> 1": 192.0, "9 -> 2": 680.0, "9 -> 8": 1182.0, "9 -> 5": 222.0, "10 -> 1": 1477.0, "10 -> 4": 429.0, "10 -> 9": 178.0, "10 -> 5": 473.0, "10 -> 7": 443.0, "10 -> 8": 532.0, "10 -> 2": 842.0, "10 -> 3": 1078.0, "10 -> 6": 1137.0}, "bounds": [-1e+100, -1e+100, -1e+100, 0.0, 0.0, 11296.0, 11296.0, 11296.0, 13940.0], "objectives": [23831.0, 23831.0, 20759.0, 35680.0, 28819.0, 21909.0, 27830.0, 26220.0, 14770.0], "run_times": [0.0, 0.2, 0.04, 0.12, 0.21, 0.25, 0.17, 0.2, 0.06], "is_optimal": true}
