{"decisions": {"1 -> 2": 1.0, "1 -> 7": -0.0, "1 -> 4": 2.1393482032434406e-14, "1 -> 8": -0.0, "1 -> 3": 0.0, "1 -> 10": -0.0, "1 -> 9": -2.0868059954183075e-14, "1 -> 5": -0.0, "1 -> 6": -1.2967750896974245e-13, "2 -> 3": 1.0, "2 -> 8": -0.0, "2 -> 4": -0.0, "2 -> 5": -0.0, "2 -> 10": -0.0, "2 -> 1": -0.0, "2 -> 9": -3.6084678290189114e-12, "2 -> 7": -2.1328851075341575e-14, "3 -> 4": 1.0, "3 -> 7": -0.0, "3 -> 1": -0.0, "3 -> 10": -0.0, "3 -> 6": -0.0, "3 -> 5": 0.0, "3 -> 8": -0.0, "3 -> 9": -0.0, "4 -> 5": 1.0, "4 -> 7": -0.0, "4 -> 2": 0.0, "4 -> 10": 0.0, "4 -> 6": -0.0, "4 -> 9": -0.0, "4 -> 3": -0.0, "4 -> 8": -0.0, "4 -> 1": -0.0, "5 -> 6": 1.0, "5 -> 1": -0.0, "5 -> 4": -0.0, "5 -> 9": 0.0, "5 -> 7": -0.0, "5 -> 3": -0.0, "5 -> 10": -0.0, "5 -> 8": -0.0, "6 -> 7": 1.0, "6 -> 5": -1.904630276069134e-15, "6 -> 10": 0.0, "6 -> 1": 0.0, "6 -> 8": -0.0, "6 -> 9": -0.0, "6 -> 3": -0.0, "6 -> 2": 0.0, "6 -> 4": -0.0, "7 -> 8": 1.0, "7 -> 10": -0.0, "7 -> 2": -0.0, "7 -> 6": -0.0, "7 -> 3": -0.0, "7 -> 4": -0.0, "7 -> 5": -0.0, "7 -> 1": -0.0, "8 -> 9": 1.0, "8 -> 5": -0.0, "8 -> 6": 0.0, "8 -> 7": -0.0, "8 -> 1": -2.165609111187074e-14, "8 -> 3": -0.0, "8 -> 2": -0.0, "8 -> 10": -0.0, "9 -> 10": 1.0, "9 -> 6": -0.0, "9 -> 7": -0.0, "9 -> 1": -0.0, "9 -> 2": -0.0, "9 -> 8": -0.0, "9 -> 5": 0.0, "10 -> 1": 1.0, "10 -> 4": -2.7480163326630246e-14, "10 -> 9": 0.0, "10 -> 5": 0.0, "10 -> 7": -0.0, "10 -> 8": 0.0, "10 -> 2": 0.0, "10 -> 3": -0.0, "10 -> 6": -0.0}, "decision_costs": {"1 -> 2": 7383.0, "1 -> 7": 6793.0, "1 -> 4": 5612.0, "1 -> 8": 5685.0, "1 -> 3": 2658.0, "1 -> 10": 6940.0, "1 -> 9": 5316.0, "1 -> 5": 2806.0, "1 -> 6": 1034.0, "2 -> 3": 7383.0, "2 -> 8": 1403.0, "2 -> 4": 6940.0, "2 -> 5": 6424.0, "2 -> 10": 5095.0, "2 -> 1": 1329.0, "2 -> 9": 1182.0, "2 -> 7": 4356.0, "3 -> 4": 7383.0, "3 -> 7": 2585.0, "3 -> 1": 813.0, "3 -> 10": 1625.0, "3 -> 6": 6202.0, "3 -> 5": 3397.0, "3 -> 8": 4873.0, "3 -> 9": 2068.0, "4 -> 5": 7383.0, "4 -> 7": 5169.0, "4 -> 2": 739.0, "4 -> 10": 3028.0, "4 -> 6": 3470.0, "4 -> 9": 6645.0, "4 -> 3": 7310.0, "4 -> 8": 5390.0, "4 -> 1": 5169.0, "5 -> 6": 7383.0, "5 -> 1": 6645.0, "5 -> 4": 3840.0, "5 -> 9": 1920.0, "5 -> 7": 4799.0, "5 -> 3": 5685.0, "5 -> 10": 1551.0, "5 -> 8": 3840.0, "6 -> 7": 7383.0, "6 -> 5": 4873.0, "6 -> 10": 3101.0, "6 -> 1": 2511.0, "6 -> 8": 2806.0, "6 -> 9": 5538.0, "6 -> 3": 3397.0, "6 -> 2": 1182.0, "6 -> 4": 4283.0, "7 -> 8": 7383.0, "7 -> 10": 2363.0, "7 -> 2": 2880.0, "7 -> 6": 5316.0, "7 -> 3": 1772.0, "7 -> 4": 6128.0, "7 -> 5": 3692.0, "7 -> 1": 960.0, "8 -> 9": 7383.0, "8 -> 5": 4283.0, "8 -> 6": 1182.0, "8 -> 7": 5464.0, "8 -> 1": 5242.0, "8 -> 3": 6645.0, "8 -> 2": 5169.0, "8 -> 10": 5685.0, "9 -> 10": 7383.0, "9 -> 6": 3766.0, "9 -> 7": 5316.0, "9 -> 1": 960.0, "9 -> 2": 3397.0, "9 -> 8": 5907.0, "9 -> 5": 1108.0, "10 -> 1": 7383.0, "10 -> 4": 2142.0, "10 -> 9": 886.0, "10 -> 5": 2363.0, "10 -> 7": 2215.0, "10 -> 8": 2658.0, "10 -> 2": 4209.0, "10 -> 3": 5390.0, "10 -> 6": 5685.0}, "bounds": [-1e+100, -1e+100, -1e+100, 0.0, 0.0, 56444.0, 56444.0, 56444.0, 69677.06], "objectives": [119100.0, 119100.0, 103741.0, 178320.0, 144051.0, 109499.0, 139105.0, 131056.0, 73830.0], "run_times": [0.0, 0.18, 0.04, 0.11, 0.19, 0.22, 0.15, 0.18, 0.07], "is_optimal": true}
