{"decisions": {"1 -> 7": -0.0, "1 -> 9": -0.0, "1 -> 3": -0.0, "1 -> 6": 1.0, "1 -> 10": 1.0000000000000107, "1 -> 8": -0.0, "2 -> 3": 1.0, "2 -> 1": -0.0, "2 -> 7": 1.0, "3 -> 5": 0.0, "3 -> 4": 0.0, "3 -> 6": -0.0, "3 -> 9": -0.0, "3 -> 1": -0.0, "3 -> 8": 1.0, "3 -> 7": -0.0, "3 -> 2": 1.0, "4 -> 7": -0.0, "4 -> 10": -0.0, "4 -> 3": -0.0, "4 -> 6": 1.0000000000000002, "4 -> 5": -0.0, "5 -> 1": 1.0, "5 -> 7": -0.0, "5 -> 9": 1.0, "5 -> 2": -0.0, "5 -> 6": -0.0, "6 -> 1": 1.0, "6 -> 8": -0.0, "6 -> 9": 1.0, "6 -> 10": -0.0, "6 -> 4": 1.0, "7 -> 10": 1.0, "7 -> 1": 1.0, "7 -> 9": -0.0, "8 -> 5": 1.0, "8 -> 7": -0.0, "8 -> 4": 1.0, "8 -> 3": -0.0, "9 -> 1": -0.0, "9 -> 6": -0.0, "9 -> 7": 1.0, "9 -> 10": -0.0, "9 -> 3": 1.0, "10 -> 4": -0.0, "10 -> 6": -0.0, "10 -> 8": 1.0, "10 -> 9": -0.0, "10 -> 1": -0.0, "10 -> 2": 1.0}, "decision_costs": {"1 -> 7": 13158.0, "1 -> 9": 12878.0, "1 -> 3": 20437.0, "1 -> 6": 13718.0, "1 -> 10": 16238.0, "1 -> 8": 9239.0, "2 -> 3": 9519.0, "2 -> 1": 26036.0, "2 -> 7": 6999.0, "3 -> 5": 8399.0, "3 -> 4": 9519.0, "3 -> 6": 23517.0, "3 -> 9": 19317.0, "3 -> 1": 15958.0, "3 -> 8": 4480.0, "3 -> 7": 22677.0, "3 -> 2": 3080.0, "4 -> 7": 22397.0, "4 -> 10": 20437.0, "4 -> 3": 17078.0, "4 -> 6": 12599.0, "4 -> 5": 21557.0, "5 -> 1": 6439.0, "5 -> 7": 19038.0, "5 -> 9": 8679.0, "5 -> 2": 12878.0, "5 -> 6": 19877.0, "6 -> 1": 7839.0, "6 -> 8": 25477.0, "6 -> 9": 5320.0, "6 -> 10": 22957.0, "6 -> 4": 4200.0, "7 -> 10": 8119.0, "7 -> 1": 11759.0, "7 -> 9": 19317.0, "8 -> 5": 7559.0, "8 -> 7": 9519.0, "8 -> 4": 2800.0, "8 -> 3": 10359.0, "9 -> 1": 27156.0, "9 -> 6": 23237.0, "9 -> 7": 9239.0, "9 -> 10": 14278.0, "9 -> 3": 15118.0, "10 -> 4": 8959.0, "10 -> 6": 22117.0, "10 -> 8": 10079.0, "10 -> 9": 16238.0, "10 -> 1": 24917.0, "10 -> 2": 10639.0}, "bounds": [-1e+100, 80885.03, 80885.03, 127288.0, 128018.11, 128169.0, 128169.0, 129540.0, 129540.0, 129611.0, 129611.0, 129710.09, 129710.09, 129751.0, 129751.0, 129751.0, 129751.0, 129953.0, 129967.0, 129967.0, 129967.0, 129967.0, 129967.0, 129967.0, 132250.0, 132250.0, 132250.0, 132250.0, 132250.0, 132250.0, 132250.0, 132250.0, 132250.0, 132250.0, 132250.0, 132250.0, 132250.0, 132250.0, 132250.0, 132250.0, 132250.0, 132250.0, 132250.0, 132250.0, 132250.0, 132250.0, 132250.0, 132250.0, 132250.0, 132250.0, 132250.0, 133615.0, 133615.0, 133615.0, 133615.0, 133615.0, 133615.0, 133615.0, 133615.0, 133615.0, 133615.0, 133615.0, 133615.0, 133615.0, 133615.0, 133615.0, 135616.0, 139856.0, 139856.0, 139856.0, 140565.03, 140565.03, 140565.03, 140565.03, 140565.03, 140565.03, 140565.03, 140565.03, 140565.03, 140565.03, 140565.03, 140565.03, 140565.03, 140565.03, 140565.03, 140565.03, 140565.03, 140565.03, 140565.03, 140565.03, 140565.03, 140565.03, 140565.03, 140565.03, 140565.03, 140565.03, 140565.03, 140565.03, 140565.03, 140565.03, 140565.03, 140565.03, 140565.03, 140565.03, 140565.03, 140565.03, 141108.0, 141108.0, 141108.0, 141108.0, 141108.0, 141108.0, 141108.0, 141108.0, 141108.0, 143114.0, 143114.0, 143114.0, 143522.0, 143522.0, 143522.0, 143522.0, 143522.0, 143522.0, 143522.0, 143522.0, 143522.0, 146899.0, 146899.0, 146899.0, 146899.0, 146899.0, 146899.0, 146899.0, 150564.0, 150580.0, 151448.0, 151472.0, 151472.0, 151472.0, 151472.0, 151472.0, 152642.0, 153181.0, 153181.0, 153181.0, 153181.0, 154099.0, 154099.0, 154099.0, 154099.0, 154099.0, 154099.0, 154099.0, 154099.0, 154099.0, 155867.0, 155867.0, 155867.0, 155938.0, 155938.0, 156168.0, 156168.0, 156168.0, 156168.0, 156168.0, 156850.0, 156850.0, 156850.0, 157180.0, 157358.0, 157361.0, 157361.0, 157410.0, 157537.0, 157537.0, 157537.0, 157537.0, 157537.0, 157537.0, 157537.0, 157537.0, 157537.0, 157537.0, 157537.0, 157537.0, 158013.0, 158013.0, 158013.0, 158013.0, 158392.04, 158392.04, 158513.0, 158897.0, 158949.0, 158978.0, 158978.0, 159155.13, 159313.0, 159321.0, 159321.0, 159834.0, 159878.0, 159878.0, 159878.0, 159878.0, 160371.0, 160392.0, 160421.0, 160743.0, 160743.0, 160817.14, 160821.0, 160871.0, 160871.0, 160871.0, 161014.0, 161474.0, 161495.05, 161526.0, 161526.0, 161603.0, 161603.0, 161603.0, 161603.0, 161603.0, 161603.0, 161603.0, 161603.0, 161603.0, 161603.0, 161603.0, 162078.0, 162267.1, 162323.0, 162360.0, 162370.0, 162485.0, 162784.0, 162788.09, 162831.16, 162862.05, 162863.0, 162865.0, 163323.0, 163327.0, 163620.0, 163679.0, 163884.0, 164237.0, 164475.0, 164562.0, 164757.0, 164757.0, 164835.0, 165147.0, 165147.0, 165415.0, 165423.0, 165782.0, 166424.0, 166425.0, 166425.0, 166430.0, 166651.0, 166800.0, 166900.0, 166900.0, 167248.0, 167262.0, 168487.0, 170585.0], "objectives": [652876.0, 416029.0, 403151.0, 399511.0, 392232.0, 314403.0, 203538.0, 306283.0, 281087.0, 166581.0, 265410.0, 247771.0, 223135.0, 178340.0, 205218.0, 163502.0, 244132.0, 229852.0, 231254.0, 230694.0, 227615.0, 226774.0, 184780.0, 176100.0, 215856.0, 187859.0, 198777.0, 216976.0, 162383.0, 209977.0, 195978.0, 214175.0, 199897.0, 212774.0, 182259.0, 191497.0, 212216.0, 194857.0, 210816.0, 210536.0, 199618.0, 199059.0, 188979.0, 185900.0, 183659.0, 187859.0, 188419.0, 188139.0, 183100.0, 183380.0, 187859.0, 186460.0, 181139.0, 166581.0, 159583.0, 169382.0, 186179.0, 181140.0, 181698.0, 181420.0, 187860.0, 177221.0, 184779.0, 179740.0, 173022.0, 184780.0, 180019.0, 177499.0, 179179.0, 188978.0, 188139.0, 184219.0, 187300.0, 187298.0, 182820.0, 186739.0, 187859.0, 180580.0, 186738.0, 187858.0, 183099.0, 185899.0, 184779.0, 165743.0, 176381.0, 167421.0, 172181.0, 169102.0, 172181.0, 172460.0, 181139.0, 166022.0, 169942.0, 186458.0, 182817.0, 185897.0, 179459.0, 167142.0, 169662.0, 184218.0, 178059.0, 180580.0, 175261.0, 183940.0, 183101.0, 182819.0, 183099.0, 181419.0, 183659.0, 183658.0, 181140.0, 179740.0, 180861.0, 180580.0, 183939.0, 177501.0, 182540.0, 183939.0, 183660.0, 177220.0, 183099.0, 182260.0, 181699.0, 181140.0, 181701.0, 179181.0, 177780.0, 176101.0, 178341.0, 178620.0, 179180.0, 178900.0, 177220.0, 177778.0, 178619.0, 177220.0, 173301.0, 178620.0, 175821.0, 178620.0, 178900.0, 176660.0, 178060.0, 177220.0, 177500.0, 178899.0, 178900.0, 179180.0, 178339.0, 169661.0, 178900.0, 177501.0, 177780.0, 171902.0, 174700.0, 177220.0, 176381.0, 178059.0, 171900.0, 175541.0, 178341.0, 177780.0, 178900.0, 175260.0, 176940.0, 175820.0, 177501.0, 177220.0, 178900.0, 177779.0, 178340.0, 177779.0, 178900.0, 175539.0, 175820.0, 178060.0, 173301.0, 174142.0, 175260.0, 178061.0, 178901.0, 177781.0, 178901.0, 176661.0, 175261.0, 178901.0, 178340.0, 177781.0, 178900.0, 175541.0, 177501.0, 171900.0, 177500.0, 174421.0, 174980.0, 176661.0, 175541.0, 178060.0, 173580.0, 178339.0, 176939.0, 178898.0, 178061.0, 175542.0, 174980.0, 176659.0, 178620.0, 178621.0, 176660.0, 178341.0, 177780.0, 176659.0, 177780.0, 176940.0, 178620.0, 176381.0, 178620.0, 175821.0, 172460.0, 174139.0, 177500.0, 172461.0, 174422.0, 177780.0, 178060.0, 178060.0, 174701.0, 178061.0, 178341.0, 175539.0, 178061.0, 175259.0, 178620.0, 178621.0, 177780.0, 173861.0, 177500.0, 176661.0, 172742.0, 173021.0, 174419.0, 176101.0, 172741.0, 174422.0, 174701.0, 175541.0, 174421.0, 176379.0, 176660.0, 175540.0, 176381.0, 176380.0, 176099.0, 174981.0, 173300.0, 175541.0, 176380.0, 174141.0, 175261.0, 176381.0, 175260.0, 176660.0, 176380.0, 175261.0, 174421.0, 175820.0, 176100.0, 174980.0, 174422.0, 173861.0, 172181.0, 174421.0],