{"decisions": {"1 -> 2": -0.0, "1 -> 10": -0.0, "1 -> 8": -0.0, "1 -> 7": 0.0, "1 -> 4": -0.0, "1 -> 9": 0.0, "1 -> 5": -0.0, "1 -> 3": -0.0, "1 -> 6": 0.0, "2 -> 3": -0.0, "2 -> 4": -0.0, "2 -> 7": -0.0, "2 -> 9": -0.0, "2 -> 8": -0.0, "2 -> 10": -0.0, "2 -> 1": -0.0, "2 -> 5": -0.0, "2 -> 6": -0.0, "3 -> 4": -0.0, "3 -> 2": 1.0, "3 -> 1": 1.0, "3 -> 7": 0.0, "3 -> 10": -0.0, "3 -> 9": 1.0000000000000004, "3 -> 8": -0.0, "4 -> 5": 1.0, "4 -> 3": 1.0, "4 -> 10": -0.0, "4 -> 8": -0.0, "4 -> 7": -0.0, "4 -> 2": -0.0, "4 -> 6": -0.0, "4 -> 1": -0.0, "4 -> 9": -0.0, "5 -> 6": 1.0, "5 -> 2": 0.0, "5 -> 8": -0.0, "5 -> 3": 1.0, "5 -> 10": -0.0, "5 -> 1": 0.0, "6 -> 7": 1.0, "6 -> 10": -0.0, "6 -> 8": -0.0, "6 -> 1": 0.9999999999999988, "6 -> 3": 0.0, "6 -> 5": -0.0, "6 -> 4": 1.0, "7 -> 8": 1.0, "7 -> 1": -0.0, "7 -> 9": -0.0, "7 -> 2": 1.0, "7 -> 3": 0.0, "7 -> 10": -0.0, "7 -> 5": -0.0, "7 -> 4": -0.0, "7 -> 6": -0.0, "8 -> 9": 1.0, "8 -> 3": -0.0, "8 -> 7": -0.0, "8 -> 2": 0.0, "8 -> 6": -0.0, "8 -> 4": -0.0, "8 -> 5": 1.0, "8 -> 1": 1.0, "8 -> 10": -0.0, "9 -> 10": -0.0, "9 -> 6": 1.0, "9 -> 2": -0.0, "9 -> 7": -0.0, "9 -> 3": -0.0, "9 -> 8": -0.0, "9 -> 5": -0.0, "9 -> 4": 1.0, "10 -> 1": -0.0, "10 -> 6": -0.0, "10 -> 4": -0.0, "10 -> 9": 1.0, "10 -> 7": -0.0, "10 -> 5": -0.0, "10 -> 8": -0.0, "10 -> 2": -0.0, "10 -> 3": 1.0}, "decision_costs": {"1 -> 2": 6010.0, "1 -> 10": 2464.0, "1 -> 8": 3786.0, "1 -> 7": 3726.0, "1 -> 4": 2464.0, "1 -> 9": 4147.0, "1 -> 5": 4207.0, "1 -> 3": 5169.0, "1 -> 6": 782.0, "2 -> 3": 6010.0, "2 -> 4": 4447.0, "2 -> 7": 3426.0, "2 -> 9": 1803.0, "2 -> 8": 3666.0, "2 -> 10": 5169.0, "2 -> 1": 5529.0, "2 -> 5": 4207.0, "2 -> 6": 1563.0, "3 -> 4": 6010.0, "3 -> 2": 5589.0, "3 -> 1": 1443.0, "3 -> 7": 2404.0, "3 -> 10": 5229.0, "3 -> 9": 722.0, "3 -> 8": 4027.0, "4 -> 5": 6010.0, "4 -> 3": 1082.0, "4 -> 10": 3246.0, "4 -> 8": 2945.0, "4 -> 7": 5409.0, "4 -> 2": 4327.0, "4 -> 6": 4808.0, "4 -> 1": 3606.0, "4 -> 9": 5349.0, "5 -> 6": 6010.0, "5 -> 2": 1262.0, "5 -> 8": 5409.0, "5 -> 3": 5289.0, "5 -> 10": 5830.0, "5 -> 1": 5108.0, "6 -> 7": 6010.0, "6 -> 10": 3065.0, "6 -> 8": 3967.0, "6 -> 1": 902.0, "6 -> 3": 1743.0, "6 -> 5": 3666.0, "6 -> 4": 1743.0, "7 -> 8": 6010.0, "7 -> 1": 2885.0, "7 -> 9": 5770.0, "7 -> 2": 902.0, "7 -> 3": 3606.0, "7 -> 10": 902.0, "7 -> 5": 842.0, "7 -> 4": 4988.0, "7 -> 6": 2705.0, "8 -> 9": 6010.0, "8 -> 3": 3426.0, "8 -> 7": 3606.0, "8 -> 2": 2585.0, "8 -> 6": 3426.0, "8 -> 4": 2284.0, "8 -> 5": 2885.0, "8 -> 1": 2464.0, "8 -> 10": 3125.0, "9 -> 10": 6010.0, "9 -> 6": 3005.0, "9 -> 2": 4928.0, "9 -> 7": 2164.0, "9 -> 3": 4087.0, "9 -> 8": 4207.0, "9 -> 5": 3546.0, "9 -> 4": 962.0, "10 -> 1": 6010.0, "10 -> 6": 3786.0, "10 -> 4": 5409.0, "10 -> 9": 1984.0, "10 -> 7": 4207.0, "10 -> 5": 4327.0, "10 -> 8": 1082.0, "10 -> 2": 4447.0, "10 -> 3": 3065.0}, "bounds": [-1e+100, -1e+100, -1e+100, 0.0, 0.0, 0.0, 0.0, 33166.0, 33166.0, 33166.0, 33166.0, 38566.0, 38566.0, 43329.0, 46276.0, 46276.0, 48052.0, 48052.0, 48059.0, 48059.0, 48462.0, 48462.0, 48462.0, 48462.0, 48462.0, 48902.0, 48902.0, 48902.0, 48902.0, 48902.0, 48902.0, 48902.0, 48902.0, 48902.0, 48902.0, 48902.0, 48902.0, 48902.0, 48902.0, 48902.0, 48902.0, 48902.0, 48902.0, 48902.0, 48902.0, 48902.0, 48902.0, 48902.0, 48902.0, 48902.0, 48902.0, 48902.0, 48902.0, 48902.0, 48902.0, 48902.0, 48902.0, 48902.0, 48902.0, 48902.0, 48902.0, 48902.0, 48902.0, 48902.0, 48902.0, 48902.0, 48902.0, 48902.0, 48902.0, 48902.0, 48902.0, 48902.0, 48902.0, 48902.0, 51716.0, 51716.0, 51716.0, 51716.0, 51716.0, 58351.0, 58612.0, 59158.0, 59491.0, 60892.0], "objectives": [83782.0, 83782.0, 80236.0, 97065.0, 81618.0, 148330.0, 123687.0, 68700.0, 59263.0, 65273.0, 67016.0, 71282.0, 60705.0, 62570.0, 62748.0, 70201.0, 72968.0, 81321.0, 61846.0, 73327.0, 63351.0, 65394.0, 65634.0, 60762.0, 66895.0, 63591.0, 67918.0, 57760.0, 63890.0, 68999.0, 64552.0, 60163.0, 68940.0, 63711.0, 73867.0, 67556.0, 66955.0, 74169.0, 68098.0, 71043.0, 69840.0, 72305.0, 74589.0, 73687.0, 72244.0, 73448.0, 73568.0, 84626.0, 66535.0, 94362.0, 80658.0, 72907.0, 76812.0, 88713.0, 73808.0, 77955.0, 87870.0, 84325.0, 82582.0, 75129.0, 84988.0, 75370.0, 82282.0, 105178.0, 83364.0, 89735.0, 75673.0, 80539.0, 61062.0, 78916.0, 83243.0, 87752.0, 62927.0, 62868.0, 62565.0, 61727.0, 62626.0, 62087.0, 62626.0, 62567.0, 62748.0, 62869.0, 62087.0, 61727.0], "run_times": [0.0, 0.08, 0.04, 0.07, 0.07, 0.06, 0.07, 0.09, 0.1, 0.09, 0.05, 0.16, 0.09, 0.17, 0.35, 0.08, 5.68, 2.33, 3.37, 3.36, 4.23, 3.28, 2.08, 4.08, 3.19, 5.64, 4.09, 2.15, 2.83, 2.0, 2.75, 2.44, 2.6, 2.66, 2.93, 2.5, 2.22, 2.78, 2.28, 2.54, 2.39, 3.5, 2.75, 2.25, 2.71, 2.09, 3.34, 1.99, 1.95, 4.5, 4.36, 2.8, 2.26, 0.09, 0.72, 1.87, 2.28, 2.02, 2.15, 2.41, 2.47, 2.74, 1.76, 0.11, 0.08, 0.11, 0.08, 0.7, 2.25, 3.7, 3.03, 2.13, 2.99, 25.99, 37.72, 1.72, 0.87, 0.63, 56.86, 31.59, 4.54, 7.96, 6.95, 22.59], "is_optimal": true}
