{"decisions": {"1 -> 2": -0.0, "1 -> 10": -0.0, "1 -> 8": -0.0, "1 -> 7": -0.0, "1 -> 4": -0.0, "1 -> 9": -0.0, "1 -> 5": -0.0, "1 -> 3": -0.0, "1 -> 6": 0.0, "2 -> 3": -0.0, "2 -> 4": -0.0, "2 -> 7": -0.0, "2 -> 9": -0.0, "2 -> 8": -0.0, "2 -> 10": -0.0, "2 -> 1": -0.0, "2 -> 5": -0.0, "2 -> 6": -0.0, "3 -> 4": 0.0, "3 -> 2": 1.0000000000000016, "3 -> 1": 1.0, "3 -> 7": -1.6136471996107275e-15, "3 -> 10": -0.0, "3 -> 9": 1.0000000000000016, "3 -> 8": -0.0, "4 -> 5": 1.0, "4 -> 3": 1.0000000000000002, "4 -> 10": -0.0, "4 -> 8": -0.0, "4 -> 7": -0.0, "4 -> 2": -0.0, "4 -> 6": -0.0, "4 -> 1": -0.0, "4 -> 9": -0.0, "5 -> 6": 1.0, "5 -> 2": 0.0, "5 -> 8": -0.0, "5 -> 3": 1.0, "5 -> 10": -0.0, "5 -> 1": 0.0, "6 -> 7": 1.0, "6 -> 10": -0.0, "6 -> 8": -0.0, "6 -> 1": 1.0, "6 -> 3": -0.0, "6 -> 5": -0.0, "6 -> 4": 1.0, "7 -> 8": 1.0, "7 -> 1": 0.0, "7 -> 9": -0.0, "7 -> 2": 1.0, "7 -> 3": 0.0, "7 -> 10": -0.0, "7 -> 5": -0.0, "7 -> 4": -0.0, "7 -> 6": -0.0, "8 -> 9": 1.0, "8 -> 3": 0.0, "8 -> 7": -0.0, "8 -> 2": 0.0, "8 -> 6": -0.0, "8 -> 4": -0.0, "8 -> 5": 1.0, "8 -> 1": 1.0, "8 -> 10": -0.0, "9 -> 10": -0.0, "9 -> 6": 1.0, "9 -> 2": -0.0, "9 -> 7": -0.0, "9 -> 3": -0.0, "9 -> 8": -0.0, "9 -> 5": -0.0, "9 -> 4": 1.0, "10 -> 1": -0.0, "10 -> 6": -0.0, "10 -> 4": -0.0, "10 -> 9": 1.0, "10 -> 7": -0.0, "10 -> 5": -0.0, "10 -> 8": 0.0, "10 -> 2": -0.0, "10 -> 3": 1.0}, "decision_costs": {"1 -> 2": 601.0, "1 -> 10": 247.0, "1 -> 8": 379.0, "1 -> 7": 373.0, "1 -> 4": 247.0, "1 -> 9": 415.0, "1 -> 5": 421.0, "1 -> 3": 517.0, "1 -> 6": 79.0, "2 -> 3": 601.0, "2 -> 4": 445.0, "2 -> 7": 343.0, "2 -> 9": 181.0, "2 -> 8": 367.0, "2 -> 10": 517.0, "2 -> 1": 553.0, "2 -> 5": 421.0, "2 -> 6": 157.0, "3 -> 4": 601.0, "3 -> 2": 559.0, "3 -> 1": 145.0, "3 -> 7": 241.0, "3 -> 10": 523.0, "3 -> 9": 73.0, "3 -> 8": 403.0, "4 -> 5": 601.0, "4 -> 3": 109.0, "4 -> 10": 325.0, "4 -> 8": 295.0, "4 -> 7": 541.0, "4 -> 2": 433.0, "4 -> 6": 481.0, "4 -> 1": 361.0, "4 -> 9": 535.0, "5 -> 6": 601.0, "5 -> 2": 127.0, "5 -> 8": 541.0, "5 -> 3": 529.0, "5 -> 10": 583.0, "5 -> 1": 511.0, "6 -> 7": 601.0, "6 -> 10": 307.0, "6 -> 8": 397.0, "6 -> 1": 91.0, "6 -> 3": 175.0, "6 -> 5": 367.0, "6 -> 4": 175.0, "7 -> 8": 601.0, "7 -> 1": 289.0, "7 -> 9": 577.0, "7 -> 2": 91.0, "7 -> 3": 361.0, "7 -> 10": 91.0, "7 -> 5": 85.0, "7 -> 4": 499.0, "7 -> 6": 271.0, "8 -> 9": 601.0, "8 -> 3": 343.0, "8 -> 7": 361.0, "8 -> 2": 259.0, "8 -> 6": 343.0, "8 -> 4": 229.0, "8 -> 5": 289.0, "8 -> 1": 247.0, "8 -> 10": 313.0, "9 -> 10": 601.0, "9 -> 6": 301.0, "9 -> 2": 493.0, "9 -> 7": 217.0, "9 -> 3": 409.0, "9 -> 8": 421.0, "9 -> 5": 355.0, "9 -> 4": 97.0, "10 -> 1": 601.0, "10 -> 6": 379.0, "10 -> 4": 541.0, "10 -> 9": 199.0, "10 -> 7": 421.0, "10 -> 5": 433.0, "10 -> 8": 109.0, "10 -> 2": 445.0, "10 -> 3": 307.0}, "bounds": [-1e+100, -1e+100, -1e+100, 0.0, 0.0, 0.0, 0.0, 3325.0, 3325.0, 3325.0, 3865.0, 4248.0, 4248.0, 4557.0, 4557.0, 4653.0, 4653.0, 4655.0, 4655.0, 4746.0, 4867.0, 4867.0, 4867.0, 4867.0, 4867.0, 4883.0, 4883.0, 4883.0, 4883.0, 4883.0, 4883.0, 4883.0, 4883.0, 4883.0, 4883.0, 4883.0, 4883.0, 4883.0, 4883.0, 4883.0, 4883.0, 4883.0, 4883.0, 4883.0, 4883.0, 4883.0, 4883.0, 4883.0, 4883.0, 4883.0, 4883.0, 4883.0, 4883.0, 4883.0, 4883.0, 4883.0, 4883.0, 4883.0, 4883.0, 4883.0, 4883.0, 4883.0, 4883.0, 4883.0, 4883.0, 4938.0, 4938.0, 4938.0, 4938.0, 4938.0, 4938.0, 5088.0, 5088.0, 5088.0, 5088.0, 5088.0, 5088.0, 5088.0, 5464.0, 5856.0, 6057.0, 6076.0, 6096.0, 6138.0], "objectives": [8386.0, 8386.0, 8029.0, 9719.0, 8168.0, 14847.0, 12375.0, 6879.0, 5937.0, 6625.0, 6081.0, 6791.0, 6346.0, 6624.0, 6672.0, 8371.0, 7623.0, 7525.0, 7407.0, 7261.0, 7134.0, 7143.0, 6688.0, 7842.0, 6531.0, 6597.0, 6313.0, 7191.0, 6960.0, 5826.0, 6419.0, 6116.0, 6379.0, 6970.0, 8287.0, 7087.0, 7136.0, 7413.0, 7033.0, 7000.0, 6460.0, 6558.0, 7490.0, 7370.0, 7597.0, 7805.0, 8072.0, 7794.0, 7862.0, 7822.0, 7150.0, 7513.0, 7718.0, 7315.0, 7704.0, 9185.0, 9282.0, 8067.0, 8007.0, 8761.0, 10857.0, 8031.0, 7575.0, 8400.0, 8810.0, 9546.0, 7074.0, 6180.0, 11087.0, 6140.0, 6297.0, 6150.0, 6134.0, 6258.0, 6265.0, 6265.0, 6296.0, 6271.0, 6291.0, 6217.0, 6182.0, 6141.0, 6152.0, 6182.0], "run_times": [0.0, 0.1, 0.04, 0.07, 0.07, 0.06, 0.07, 0.09, 0.1, 0.09, 0.15, 0.16, 0.12, 0.29, 0.09, 5.98, 2.9, 2.62, 2.84, 2.78, 3.83, 2.92, 3.62, 2.08, 2.88, 5.36, 3.13, 2.77, 2.52, 2.52, 2.81, 3.6, 2.93, 3.1, 3.03, 3.34, 2.66, 2.38, 3.22, 2.68, 2.62, 2.69, 3.39, 3.68, 2.54, 2.41, 2.88, 2.29, 2.41, 2.67, 2.33, 0.1, 0.09, 0.08, 0.08, 0.66, 2.17, 3.24, 3.5, 2.62, 2.7, 2.63, 0.62, 0.1, 0.09, 1.15, 2.86, 3.28, 2.61, 3.66, 2.91, 61.37, 1.66, 1.2, 42.27, 0.08, 10.08, 3.06, 33.23, 8.93, 16.49, 4.95, 6.02, 6.83], "is_optimal": true}
