{"decisions": {"1 -> 2": -0.0, "1 -> 10": -0.0, "1 -> 8": -0.0, "1 -> 7": -0.0, "1 -> 4": -0.0, "1 -> 9": -0.0, "1 -> 5": -0.0, "1 -> 3": -0.0, "1 -> 6": -0.0, "2 -> 3": -0.0, "2 -> 4": -0.0, "2 -> 7": -0.0, "2 -> 9": 0.0, "2 -> 8": -0.0, "2 -> 10": -0.0, "2 -> 1": -0.0, "2 -> 5": -0.0, "2 -> 6": -0.0, "3 -> 4": -0.0, "3 -> 2": 1.0, "3 -> 1": 1.0000000000000002, "3 -> 7": 0.0, "3 -> 10": -0.0, "3 -> 9": 1.0, "3 -> 8": -0.0, "4 -> 5": 1.0, "4 -> 3": 1.0000000000000002, "4 -> 10": -0.0, "4 -> 8": -0.0, "4 -> 7": -0.0, "4 -> 2": -0.0, "4 -> 6": -0.0, "4 -> 1": -0.0, "4 -> 9": -0.0, "5 -> 6": 1.0, "5 -> 2": -0.0, "5 -> 8": 0.0, "5 -> 3": 1.0, "5 -> 10": -0.0, "5 -> 1": 0.0, "6 -> 7": 1.0, "6 -> 10": -0.0, "6 -> 8": -0.0, "6 -> 1": 1.0, "6 -> 3": -0.0, "6 -> 5": -0.0, "6 -> 4": 1.0, "7 -> 8": 1.0, "7 -> 1": -0.0, "7 -> 9": -0.0, "7 -> 2": 0.9999999999999988, "7 -> 3": 0.0, "7 -> 10": -0.0, "7 -> 5": -0.0, "7 -> 4": -0.0, "7 -> 6": -0.0, "8 -> 9": 1.0, "8 -> 3": -0.0, "8 -> 7": -0.0, "8 -> 2": -0.0, "8 -> 6": -0.0, "8 -> 4": -0.0, "8 -> 5": 1.0, "8 -> 1": 1.0, "8 -> 10": -0.0, "9 -> 10": -0.0, "9 -> 6": 1.0, "9 -> 2": -0.0, "9 -> 7": -0.0, "9 -> 3": -0.0, "9 -> 8": -0.0, "9 -> 5": -0.0, "9 -> 4": 1.0, "10 -> 1": -0.0, "10 -> 6": 0.0, "10 -> 4": -0.0, "10 -> 9": 1.0, "10 -> 7": -0.0, "10 -> 5": -0.0, "10 -> 8": 0.0, "10 -> 2": -0.0, "10 -> 3": 1.0}, "decision_costs": {"1 -> 2": 3005.0, "1 -> 10": 1232.0, "1 -> 8": 1893.0, "1 -> 7": 1863.0, "1 -> 4": 1232.0, "1 -> 9": 2074.0, "1 -> 5": 2104.0, "1 -> 3": 2585.0, "1 -> 6": 391.0, "2 -> 3": 3005.0, "2 -> 4": 2224.0, "2 -> 7": 1713.0, "2 -> 9": 902.0, "2 -> 8": 1833.0, "2 -> 10": 2585.0, "2 -> 1": 2765.0, "2 -> 5": 2104.0, "2 -> 6": 782.0, "3 -> 4": 3005.0, "3 -> 2": 2795.0, "3 -> 1": 722.0, "3 -> 7": 1202.0, "3 -> 10": 2615.0, "3 -> 9": 361.0, "3 -> 8": 2014.0, "4 -> 5": 3005.0, "4 -> 3": 541.0, "4 -> 10": 1623.0, "4 -> 8": 1473.0, "4 -> 7": 2705.0, "4 -> 2": 2164.0, "4 -> 6": 2404.0, "4 -> 1": 1803.0, "4 -> 9": 2675.0, "5 -> 6": 3005.0, "5 -> 2": 631.0, "5 -> 8": 2705.0, "5 -> 3": 2645.0, "5 -> 10": 2915.0, "5 -> 1": 2554.0, "6 -> 7": 3005.0, "6 -> 10": 1533.0, "6 -> 8": 1984.0, "6 -> 1": 451.0, "6 -> 3": 872.0, "6 -> 5": 1833.0, "6 -> 4": 872.0, "7 -> 8": 3005.0, "7 -> 1": 1443.0, "7 -> 9": 2885.0, "7 -> 2": 451.0, "7 -> 3": 1803.0, "7 -> 10": 451.0, "7 -> 5": 421.0, "7 -> 4": 2494.0, "7 -> 6": 1353.0, "8 -> 9": 3005.0, "8 -> 3": 1713.0, "8 -> 7": 1803.0, "8 -> 2": 1293.0, "8 -> 6": 1713.0, "8 -> 4": 1142.0, "8 -> 5": 1443.0, "8 -> 1": 1232.0, "8 -> 10": 1563.0, "9 -> 10": 3005.0, "9 -> 6": 1503.0, "9 -> 2": 2464.0, "9 -> 7": 1082.0, "9 -> 3": 2044.0, "9 -> 8": 2104.0, "9 -> 5": 1773.0, "9 -> 4": 481.0, "10 -> 1": 3005.0, "10 -> 6": 1893.0, "10 -> 4": 2705.0, "10 -> 9": 992.0, "10 -> 7": 2104.0, "10 -> 5": 2164.0, "10 -> 8": 541.0, "10 -> 2": 2224.0, "10 -> 3": 1533.0}, "bounds": [-1e+100, -1e+100, -1e+100, 0.0, 0.0, 0.0, 0.0, 17009.0, 17009.0, 17009.0, 17009.0, 20334.0, 20334.0, 20334.0, 22260.0, 22260.0, 22736.0, 23428.0, 23428.0, 23890.0, 23890.0, 24431.0, 24431.0, 24431.0, 24431.0, 24431.0, 24431.0, 24431.0, 24431.0, 24431.0, 24431.0, 24431.0, 24431.0, 24431.0, 24431.0, 24431.0, 24431.0, 24431.0, 24431.0, 24431.0, 24431.0, 24431.0, 24431.0, 24431.0, 24431.0, 24431.0, 24431.0, 24431.0, 24431.0, 24431.0, 24431.0, 24431.0, 24431.0, 24431.0, 24431.0, 24431.0, 24431.0, 24431.0, 24431.0, 24431.0, 24431.0, 24431.0, 24431.0, 24431.0, 24431.0, 24431.0, 24431.0, 24431.0, 24431.0, 24431.0, 24989.0, 24989.0, 24989.0, 24989.0, 24989.0, 24989.0, 24989.0, 24989.0, 24989.0, 24989.0, 24989.0, 24989.0, 24989.0, 24989.0, 24989.0, 24989.0, 24989.0, 24989.0, 24989.0, 24989.0, 24989.0, 24989.0, 24989.0, 24989.0, 24989.0, 24989.0, 24989.0, 24989.0, 24989.0, 26301.0, 26309.0, 26841.0, 26841.0, 26841.0, 26841.0, 27090.0, 30094.0], "objectives": [45412.0, 45412.0, 45290.0, 46826.0, 43337.0, 76067.0, 59835.0, 33151.0, 30268.0, 31019.0, 33089.0, 34834.0, 29515.0, 33693.0, 29454.0, 38921.0, 45144.0, 28492.0, 37748.0, 34053.0, 42557.0, 26265.0, 34775.0, 30445.0, 29964.0, 30595.0, 28583.0, 29091.0, 33812.0, 32581.0, 36038.0, 32727.0, 34925.0, 41475.0, 30952.0, 35976.0, 31949.0, 28884.0, 36339.0, 29785.0, 34232.0, 29782.0, 32130.0, 37417.0, 32940.0, 36546.0, 32038.0, 34143.0, 37147.0, 33751.0, 32398.0, 36036.0, 39071.0, 30295.0, 31978.0, 35497.0, 34623.0, 34862.0, 34832.0, 36036.0, 45355.0, 36608.0, 40213.0, 44872.0, 33332.0, 32432.0, 42017.0, 35286.0, 35555.0, 36697.0, 46587.0, 37719.0, 44181.0, 46794.0, 41596.0, 36219.0, 41354.0, 42618.0, 46826.0, 41205.0, 46076.0, 39974.0, 35556.0, 41477.0, 60801.0, 42502.0, 53710.0, 33390.0, 94973.0, 31283.0, 100142.0, 99779.0, 49589.0, 35131.0, 32126.0, 32247.0, 32937.0, 33569.0, 31465.0, 31438.0, 31106.0, 30447.0, 31403.0, 31047.0, 31046.0, 30839.0, 30627.0], "run_times": [0.0, 0.04, 0.03, 0.03, 0.05, 0.06, 0.04, 0.05, 0.05, 0.05, 0.03, 0.13, 0.05, 0.05, 0.09, 0.05, 0.11, 0.1, 0.04, 0.16, 0.04, 3.43, 2.0, 1.72, 1.65, 1.63, 1.39, 1.51, 1.58, 1.23, 2.07, 1.33, 1.76, 1.78, 1.52, 1.7, 2.22, 1.86, 1.71, 1.96, 1.74, 1.78, 1.45, 1.27, 1.71, 2.03, 1.54, 2.05, 1.86, 1.86, 1.58, 2.02, 1.78, 1.74, 1.88, 1.5, 1.99, 1.91, 1.58, 1.35, 1.92, 2.2, 1.67, 1.99, 1.75, 2.08, 1.05, 1.82, 1.71, 1.64, 1.88, 1.66, 1.88, 1.83, 1.63, 1.59, 1.55, 1.49, 1.38, 1.59, 1.78, 1.09, 0.06, 0.66, 1.67, 1.38, 2.09, 2.06, 7.52, 0.24, 0.08, 0.04, 0.15, 0.05, 0.06, 0.04, 0.04, 0.06, 0.35, 14.8, 13.31, 1.45, 2.28, 2.44, 1.71, 4.64, 4.54], "is_optimal": true}
