{"decisions": {"1 -> 2": -0.0, "1 -> 10": -0.0, "1 -> 8": -0.0, "1 -> 7": -0.0, "1 -> 4": -0.0, "1 -> 9": -0.0, "1 -> 5": -0.0, "1 -> 3": -0.0, "1 -> 6": -0.0, "2 -> 3": -0.0, "2 -> 4": -0.0, "2 -> 7": -0.0, "2 -> 9": -0.0, "2 -> 8": -0.0, "2 -> 10": -0.0, "2 -> 1": -0.0, "2 -> 5": -0.0, "2 -> 6": 0.0, "3 -> 4": -0.0, "3 -> 2": 0.9999999999999913, "3 -> 1": 1.0000000000000002, "3 -> 7": 8.653154034793586e-15, "3 -> 10": -0.0, "3 -> 9": 1.0, "3 -> 8": -0.0, "4 -> 5": 1.0, "4 -> 3": 1.0, "4 -> 10": -0.0, "4 -> 8": -0.0, "4 -> 7": -0.0, "4 -> 2": -0.0, "4 -> 6": -0.0, "4 -> 1": 0.0, "4 -> 9": -0.0, "5 -> 6": 1.0, "5 -> 2": -0.0, "5 -> 8": -0.0, "5 -> 3": 1.0, "5 -> 10": -0.0, "5 -> 1": -0.0, "6 -> 7": 1.0, "6 -> 10": -0.0, "6 -> 8": -0.0, "6 -> 1": 1.0000000000000002, "6 -> 3": 0.0, "6 -> 5": -0.0, "6 -> 4": 1.0, "7 -> 8": 1.0, "7 -> 1": -0.0, "7 -> 9": -0.0, "7 -> 2": 1.0, "7 -> 3": 0.0, "7 -> 10": -0.0, "7 -> 5": -0.0, "7 -> 4": -0.0, "7 -> 6": -0.0, "8 -> 9": 1.0, "8 -> 3": -0.0, "8 -> 7": -0.0, "8 -> 2": -0.0, "8 -> 6": -0.0, "8 -> 4": -0.0, "8 -> 5": 1.0, "8 -> 1": 1.0, "8 -> 10": -0.0, "9 -> 10": -0.0, "9 -> 6": 1.0, "9 -> 2": -0.0, "9 -> 7": -0.0, "9 -> 3": -0.0, "9 -> 8": -0.0, "9 -> 5": -0.0, "9 -> 4": 1.0, "10 -> 1": -0.0, "10 -> 6": -0.0, "10 -> 4": -0.0, "10 -> 9": 1.0, "10 -> 7": 0.0, "10 -> 5": -0.0, "10 -> 8": 0.0, "10 -> 2": -0.0, "10 -> 3": 1.0}, "decision_costs": {"1 -> 2": 3005.0, "1 -> 10": 1232.0, "1 -> 8": 1893.0, "1 -> 7": 1863.0, "1 -> 4": 1232.0, "1 -> 9": 2074.0, "1 -> 5": 2104.0, "1 -> 3": 2585.0, "1 -> 6": 391.0, "2 -> 3": 3005.0, "2 -> 4": 2224.0, "2 -> 7": 1713.0, "2 -> 9": 902.0, "2 -> 8": 1833.0, "2 -> 10": 2585.0, "2 -> 1": 2765.0, "2 -> 5": 2104.0, "2 -> 6": 782.0, "3 -> 4": 3005.0, "3 -> 2": 2795.0, "3 -> 1": 722.0, "3 -> 7": 1202.0, "3 -> 10": 2615.0, "3 -> 9": 361.0, "3 -> 8": 2014.0, "4 -> 5": 3005.0, "4 -> 3": 541.0, "4 -> 10": 1623.0, "4 -> 8": 1473.0, "4 -> 7": 2705.0, "4 -> 2": 2164.0, "4 -> 6": 2404.0, "4 -> 1": 1803.0, "4 -> 9": 2675.0, "5 -> 6": 3005.0, "5 -> 2": 631.0, "5 -> 8": 2705.0, "5 -> 3": 2645.0, "5 -> 10": 2915.0, "5 -> 1": 2554.0, "6 -> 7": 3005.0, "6 -> 10": 1533.0, "6 -> 8": 1984.0, "6 -> 1": 451.0, "6 -> 3": 872.0, "6 -> 5": 1833.0, "6 -> 4": 872.0, "7 -> 8": 3005.0, "7 -> 1": 1443.0, "7 -> 9": 2885.0, "7 -> 2": 451.0, "7 -> 3": 1803.0, "7 -> 10": 451.0, "7 -> 5": 421.0, "7 -> 4": 2494.0, "7 -> 6": 1353.0, "8 -> 9": 3005.0, "8 -> 3": 1713.0, "8 -> 7": 1803.0, "8 -> 2": 1293.0, "8 -> 6": 1713.0, "8 -> 4": 1142.0, "8 -> 5": 1443.0, "8 -> 1": 1232.0, "8 -> 10": 1563.0, "9 -> 10": 3005.0, "9 -> 6": 1503.0, "9 -> 2": 2464.0, "9 -> 7": 1082.0, "9 -> 3": 2044.0, "9 -> 8": 2104.0, "9 -> 5": 1773.0, "9 -> 4": 481.0, "10 -> 1": 3005.0, "10 -> 6": 1893.0, "10 -> 4": 2705.0, "10 -> 9": 992.0, "10 -> 7": 2104.0, "10 -> 5": 2164.0, "10 -> 8": 541.0, "10 -> 2": 2224.0, "10 -> 3": 1533.0}, "bounds": [-1e+100, 0.0, 11204.0, 11204.0, 14952.0, 14952.0, 16273.0, 17997.0, 21041.0, 21232.0, 21244.0, 21244.0, 21349.0, 21349.0, 21349.0, 21349.0, 21349.0, 21349.0, 21349.0, 21349.0, 21349.0, 21349.0, 21349.0, 21349.0, 21782.0, 21782.0, 21782.0, 22009.0, 22027.0, 23958.0, 23958.0, 23958.0, 23958.0, 23958.0, 23958.0, 23958.0, 23958.0, 24035.0, 24107.0, 24419.0, 24419.0, 25593.0, 26751.0, 27814.0, 27814.0, 27814.0, 27814.0, 28043.0, 29015.0, 29404.0], "objectives": [59777.0, 151234.0, 32637.0, 104529.0, 45411.0, 43788.0, 38768.0, 32098.0, 37781.0, 35974.0, 38621.0, 38170.0, 35645.0, 36129.0, 35315.0, 36727.0, 37930.0, 34353.0, 32155.0, 37086.0, 36995.0, 32909.0, 34860.0, 33357.0, 33604.0, 34263.0, 34294.0, 33783.0, 32185.0, 32906.0, 31616.0, 32699.0, 32247.0, 32004.0, 31465.0, 31255.0, 31409.0, 31228.0, 31379.0, 31409.0, 31260.0, 30926.0, 31076.0, 31349.0, 31348.0, 31313.0, 31283.0, 31258.0, 30987.0, 31047.0], "run_times": [0.0, 0.17, 0.1, 0.21, 0.12, 0.1, 0.09, 0.29, 3.77, 6.44, 7.44, 6.56, 5.57, 8.91, 4.27, 4.27, 6.82, 6.42, 13.96, 6.76, 4.55, 2.43, 0.81, 5.64, 5.9, 8.92, 25.72, 1.28, 0.33, 27.99, 2.3, 5.05, 4.13, 2.3, 0.41, 0.09, 33.57, 11.69, 8.71, 9.63, 2.9, 17.51, 22.51, 75.24, 1.01, 0.52, 0.35, 15.74, 165.0, 197.42], "is_optimal": true}
