{"decisions": {"1 -> 2": -0.0, "1 -> 10": -0.0, "1 -> 8": -0.0, "1 -> 7": -0.0, "1 -> 4": -0.0, "1 -> 9": -0.0, "1 -> 5": -0.0, "1 -> 3": -0.0, "1 -> 6": 0.0, "2 -> 3": -0.0, "2 -> 4": -0.0, "2 -> 7": -0.0, "2 -> 9": -0.0, "2 -> 8": -0.0, "2 -> 10": -0.0, "2 -> 1": -0.0, "2 -> 5": -0.0, "2 -> 6": 0.0, "3 -> 4": -0.0, "3 -> 2": 1.0, "3 -> 1": 1.0, "3 -> 7": 0.0, "3 -> 10": -0.0, "3 -> 9": 1.0, "3 -> 8": -0.0, "4 -> 5": 1.0, "4 -> 3": 1.0, "4 -> 10": -0.0, "4 -> 8": -0.0, "4 -> 7": -0.0, "4 -> 2": -0.0, "4 -> 6": -0.0, "4 -> 1": 0.0, "4 -> 9": -0.0, "5 -> 6": 1.0, "5 -> 2": -0.0, "5 -> 8": -0.0, "5 -> 3": 1.0, "5 -> 10": -0.0, "5 -> 1": -0.0, "6 -> 7": 1.0, "6 -> 10": -0.0, "6 -> 8": -0.0, "6 -> 1": 1.0, "6 -> 3": 9.139259035401536e-15, "6 -> 5": 0.0, "6 -> 4": 1.0, "7 -> 8": 1.0, "7 -> 1": -0.0, "7 -> 9": -0.0, "7 -> 2": 1.0, "7 -> 3": -0.0, "7 -> 10": -0.0, "7 -> 5": -0.0, "7 -> 4": -0.0, "7 -> 6": 0.0, "8 -> 9": 1.0, "8 -> 3": -0.0, "8 -> 7": -0.0, "8 -> 2": 0.0, "8 -> 6": -0.0, "8 -> 4": -0.0, "8 -> 5": 1.0, "8 -> 1": 1.0, "8 -> 10": -0.0, "9 -> 10": -0.0, "9 -> 6": 1.0, "9 -> 2": -0.0, "9 -> 7": -0.0, "9 -> 3": -0.0, "9 -> 8": -0.0, "9 -> 5": -0.0, "9 -> 4": 1.0, "10 -> 1": -0.0, "10 -> 6": -0.0, "10 -> 4": -0.0, "10 -> 9": 1.0, "10 -> 7": -9.139259035401536e-15, "10 -> 5": -0.0, "10 -> 8": -0.0, "10 -> 2": -0.0, "10 -> 3": 1.0000000000000218}, "decision_costs": {"1 -> 2": 601.0, "1 -> 10": 247.0, "1 -> 8": 379.0, "1 -> 7": 373.0, "1 -> 4": 247.0, "1 -> 9": 415.0, "1 -> 5": 421.0, "1 -> 3": 517.0, "1 -> 6": 79.0, "2 -> 3": 601.0, "2 -> 4": 445.0, "2 -> 7": 343.0, "2 -> 9": 181.0, "2 -> 8": 367.0, "2 -> 10": 517.0, "2 -> 1": 553.0, "2 -> 5": 421.0, "2 -> 6": 157.0, "3 -> 4": 601.0, "3 -> 2": 559.0, "3 -> 1": 145.0, "3 -> 7": 241.0, "3 -> 10": 523.0, "3 -> 9": 73.0, "3 -> 8": 403.0, "4 -> 5": 601.0, "4 -> 3": 109.0, "4 -> 10": 325.0, "4 -> 8": 295.0, "4 -> 7": 541.0, "4 -> 2": 433.0, "4 -> 6": 481.0, "4 -> 1": 361.0, "4 -> 9": 535.0, "5 -> 6": 601.0, "5 -> 2": 127.0, "5 -> 8": 541.0, "5 -> 3": 529.0, "5 -> 10": 583.0, "5 -> 1": 511.0, "6 -> 7": 601.0, "6 -> 10": 307.0, "6 -> 8": 397.0, "6 -> 1": 91.0, "6 -> 3": 175.0, "6 -> 5": 367.0, "6 -> 4": 175.0, "7 -> 8": 601.0, "7 -> 1": 289.0, "7 -> 9": 577.0, "7 -> 2": 91.0, "7 -> 3": 361.0, "7 -> 10": 91.0, "7 -> 5": 85.0, "7 -> 4": 499.0, "7 -> 6": 271.0, "8 -> 9": 601.0, "8 -> 3": 343.0, "8 -> 7": 361.0, "8 -> 2": 259.0, "8 -> 6": 343.0, "8 -> 4": 229.0, "8 -> 5": 289.0, "8 -> 1": 247.0, "8 -> 10": 313.0, "9 -> 10": 601.0, "9 -> 6": 301.0, "9 -> 2": 493.0, "9 -> 7": 217.0, "9 -> 3": 409.0, "9 -> 8": 421.0, "9 -> 5": 355.0, "9 -> 4": 97.0, "10 -> 1": 601.0, "10 -> 6": 379.0, "10 -> 4": 541.0, "10 -> 9": 199.0, "10 -> 7": 421.0, "10 -> 5": 433.0, "10 -> 8": 109.0, "10 -> 2": 445.0, "10 -> 3": 307.0}, "bounds": [-1e+100, 0.0, 2245.0, 2245.0, 2998.0, 2998.0, 3620.0, 4109.0, 4118.0, 4186.0, 4187.0, 4187.0, 4341.0, 4342.0, 4342.0, 4342.0, 4342.0, 4342.0, 4342.0, 4342.0, 4342.0, 4342.0, 4342.0, 4342.0, 4342.0, 4449.0, 4453.0, 4453.0, 4453.0, 4453.0, 4453.0, 4453.0, 4453.0, 4500.0, 4500.0, 4531.0, 4545.0, 5091.0, 5091.0, 5091.0, 5091.0, 5091.0, 5198.0, 5310.0, 5546.0, 5942.0, 6127.0], "objectives": [11964.0, 30274.0, 6533.0, 24198.0, 9091.0, 8935.0, 7147.0, 8241.0, 7303.0, 7765.0, 8492.0, 7762.0, 8056.0, 8119.0, 7403.0, 7271.0, 6942.0, 5864.0, 7194.0, 6013.0, 6119.0, 7082.0, 7232.0, 6448.0, 6992.0, 7141.0, 7067.0, 7024.0, 6750.0, 7261.0, 6308.0, 7186.0, 7143.0, 7052.0, 6615.0, 6702.0, 6429.0, 6330.0, 6297.0, 6283.0, 6177.0, 6291.0, 6273.0, 6217.0, 6126.0, 6156.0, 6174.0], "run_times": [0.0, 0.17, 0.14, 0.22, 0.11, 0.1, 0.29, 4.29, 5.87, 6.74, 5.61, 5.77, 6.2, 1.74, 13.98, 4.69, 3.73, 3.79, 0.75, 0.18, 0.21, 9.27, 4.99, 5.89, 8.14, 8.89, 10.22, 5.26, 2.56, 5.64, 25.18, 0.44, 1.19, 0.49, 0.09, 0.56, 1.2, 63.47, 0.79, 0.31, 0.34, 0.25, 25.86, 13.35, 119.98, 193.02, 757.04], "is_optimal": true}
