{"decisions": {"1 -> 2": -0.0, "1 -> 10": -0.0, "1 -> 8": -0.0, "1 -> 7": -0.0, "1 -> 4": -0.0, "1 -> 9": -0.0, "1 -> 5": -0.0, "1 -> 3": -0.0, "1 -> 6": -0.0, "2 -> 3": -0.0, "2 -> 4": -0.0, "2 -> 7": -0.0, "2 -> 9": -0.0, "2 -> 8": -0.0, "2 -> 10": -0.0, "2 -> 1": -0.0, "2 -> 5": -0.0, "2 -> 6": -0.0, "3 -> 4": -0.0, "3 -> 2": 1.0, "3 -> 1": 1.0, "3 -> 7": 0.0, "3 -> 10": -0.0, "3 -> 9": 1.0, "3 -> 8": -0.0, "4 -> 5": 1.0, "4 -> 3": 1.0, "4 -> 10": -0.0, "4 -> 8": -0.0, "4 -> 7": -0.0, "4 -> 2": -0.0, "4 -> 6": -0.0, "4 -> 1": -0.0, "4 -> 9": -0.0, "5 -> 6": 1.0, "5 -> 2": 0.0, "5 -> 8": -0.0, "5 -> 3": 0.9999999999999996, "5 -> 10": -0.0, "5 -> 1": 0.0, "6 -> 7": 1.0, "6 -> 10": -0.0, "6 -> 8": -0.0, "6 -> 1": 1.0, "6 -> 3": 0.0, "6 -> 5": -0.0, "6 -> 4": 1.000000000000002, "7 -> 8": 1.0, "7 -> 1": -0.0, "7 -> 9": -0.0, "7 -> 2": 1.0, "7 -> 3": -0.0, "7 -> 10": -0.0, "7 -> 5": -0.0, "7 -> 4": -0.0, "7 -> 6": -0.0, "8 -> 9": 1.0, "8 -> 3": 0.0, "8 -> 7": -0.0, "8 -> 2": 0.0, "8 -> 6": 0.0, "8 -> 4": -0.0, "8 -> 5": 1.0, "8 -> 1": 1.0, "8 -> 10": -0.0, "9 -> 10": -0.0, "9 -> 6": 1.0, "9 -> 2": 0.0, "9 -> 7": -0.0, "9 -> 3": 0.0, "9 -> 8": -0.0, "9 -> 5": -0.0, "9 -> 4": 1.0, "10 -> 1": -0.0, "10 -> 6": -0.0, "10 -> 4": -0.0, "10 -> 9": 1.0, "10 -> 7": -0.0, "10 -> 5": -0.0, "10 -> 8": 0.0, "10 -> 2": -0.0, "10 -> 3": 1.0}, "decision_costs": {"1 -> 2": 3005.0, "1 -> 10": 1232.0, "1 -> 8": 1893.0, "1 -> 7": 1863.0, "1 -> 4": 1232.0, "1 -> 9": 2074.0, "1 -> 5": 2104.0, "1 -> 3": 2585.0, "1 -> 6": 391.0, "2 -> 3": 3005.0, "2 -> 4": 2224.0, "2 -> 7": 1713.0, "2 -> 9": 902.0, "2 -> 8": 1833.0, "2 -> 10": 2585.0, "2 -> 1": 2765.0, "2 -> 5": 2104.0, "2 -> 6": 782.0, "3 -> 4": 3005.0, "3 -> 2": 2795.0, "3 -> 1": 722.0, "3 -> 7": 1202.0, "3 -> 10": 2615.0, "3 -> 9": 361.0, "3 -> 8": 2014.0, "4 -> 5": 3005.0, "4 -> 3": 541.0, "4 -> 10": 1623.0, "4 -> 8": 1473.0, "4 -> 7": 2705.0, "4 -> 2": 2164.0, "4 -> 6": 2404.0, "4 -> 1": 1803.0, "4 -> 9": 2675.0, "5 -> 6": 3005.0, "5 -> 2": 631.0, "5 -> 8": 2705.0, "5 -> 3": 2645.0, "5 -> 10": 2915.0, "5 -> 1": 2554.0, "6 -> 7": 3005.0, "6 -> 10": 1533.0, "6 -> 8": 1984.0, "6 -> 1": 451.0, "6 -> 3": 872.0, "6 -> 5": 1833.0, "6 -> 4": 872.0, "7 -> 8": 3005.0, "7 -> 1": 1443.0, "7 -> 9": 2885.0, "7 -> 2": 451.0, "7 -> 3": 1803.0, "7 -> 10": 451.0, "7 -> 5": 421.0, "7 -> 4": 2494.0, "7 -> 6": 1353.0, "8 -> 9": 3005.0, "8 -> 3": 1713.0, "8 -> 7": 1803.0, "8 -> 2": 1293.0, "8 -> 6": 1713.0, "8 -> 4": 1142.0, "8 -> 5": 1443.0, "8 -> 1": 1232.0, "8 -> 10": 1563.0, "9 -> 10": 3005.0, "9 -> 6": 1503.0, "9 -> 2": 2464.0, "9 -> 7": 1082.0, "9 -> 3": 2044.0, "9 -> 8": 2104.0, "9 -> 5": 1773.0, "9 -> 4": 481.0, "10 -> 1": 3005.0, "10 -> 6": 1893.0, "10 -> 4": 2705.0, "10 -> 9": 992.0, "10 -> 7": 2104.0, "10 -> 5": 2164.0, "10 -> 8": 541.0, "10 -> 2": 2224.0, "10 -> 3": 1533.0}, "bounds": [-1e+100, 0.0, 11719.0, 11719.0, 15442.0, 15442.0, 16972.0, 21596.0, 21689.0, 21689.0, 21907.0, 21907.0, 21963.01, 21963.01, 21963.01, 23257.0, 23257.0, 23257.0, 23257.0, 23257.0, 23257.0, 23257.0, 23257.0, 23257.0, 23257.0, 23257.0, 23257.0, 23257.0, 23257.0, 23257.0, 23257.0, 23257.0, 23257.0, 23257.0, 23257.0, 23257.0, 23257.0, 23257.0, 23257.0, 23257.0, 23257.0, 23257.0, 23257.0, 23257.0, 23257.0, 23257.0, 23257.0, 23257.0, 23257.0, 23257.0, 23257.0, 23257.0, 23257.0, 23257.0, 23257.0, 23257.0, 23257.0, 23257.0, 23257.0, 23257.0, 23257.0, 23257.0, 23257.0, 23523.0, 23523.0, 23523.0, 23523.0, 23523.0, 25972.0, 25972.0, 25972.0, 25972.0, 25972.0, 25972.0, 25972.0, 25972.0, 25972.0, 27736.0, 28092.0, 28092.0], "objectives": [47006.0, 151234.0, 32637.0, 106754.0, 45411.0, 43788.0, 40151.0, 33874.0, 40005.0, 29485.0, 39610.0, 36154.0, 38621.0, 27560.0, 38201.0, 36124.0, 36728.0, 33387.0, 38350.0, 34862.0, 39553.0, 30862.0, 31556.0, 39193.0, 39133.0, 34414.0, 37929.0, 39525.0, 38859.0, 36637.0, 33663.0, 33394.0, 38771.0, 36368.0, 34894.0, 37901.0, 37059.0, 37538.0, 34775.0, 37417.0, 37268.0, 36515.0, 36969.0, 35584.0, 35675.0, 36217.0, 38079.0, 37087.0, 35708.0, 36219.0, 34805.0, 36367.0, 36338.0, 37027.0, 36546.0, 34924.0, 32162.0, 32247.0, 31948.0, 34112.0, 34563.0, 34143.0, 34503.0, 33390.0, 30477.0, 33120.0, 32910.0, 32730.0, 31347.0, 31857.0, 31377.0, 32067.0, 31738.0, 31313.0, 31616.0, 32697.0, 31465.0, 31077.0, 30986.0, 31047.0], "run_times": [0.0, 0.05, 0.03, 0.08, 0.04, 0.05, 0.04, 2.9, 1.73, 1.18, 1.56, 1.69, 1.1, 10.17, 1.61, 1.39, 1.56, 1.49, 1.64, 0.7, 1.29, 1.36, 1.53, 1.16, 1.54, 1.39, 1.14, 1.73, 1.42, 1.7, 2.06, 1.68, 1.46, 1.69, 1.47, 1.48, 1.49, 1.76, 1.38, 1.39, 1.29, 1.47, 1.74, 1.31, 1.57, 1.36, 2.04, 2.05, 1.2, 1.23, 1.41, 1.7, 1.37, 1.69, 1.23, 2.17, 7.85, 1.62, 1.92, 2.22, 3.46, 1.78, 2.15, 2.63, 20.2, 0.23, 0.17, 0.88, 19.96, 0.63, 0.76, 0.8, 1.12, 1.12, 1.49, 3.17, 0.96, 6.54, 2.79, 0.95], "is_optimal": true}
