{"decisions": {"1 -> 7": -0.0, "1 -> 9": -0.0, "1 -> 3": -0.0, "1 -> 6": 1.0, "1 -> 10": 1.0, "1 -> 8": -0.0, "2 -> 3": 1.0, "2 -> 1": -0.0, "2 -> 7": 1.0, "3 -> 5": -0.0, "3 -> 4": -0.0, "3 -> 6": -0.0, "3 -> 9": -0.0, "3 -> 1": -0.0, "3 -> 8": 1.0, "3 -> 7": -0.0, "3 -> 2": 2.51214793389404e-15, "4 -> 7": -0.0, "4 -> 10": -0.0, "4 -> 3": -0.0, "4 -> 6": 0.9999999999999997, "4 -> 5": -0.0, "5 -> 1": 1.0, "5 -> 7": -0.0, "5 -> 9": 1.0, "5 -> 2": -0.0, "5 -> 6": -0.0, "6 -> 1": 1.0, "6 -> 8": -0.0, "6 -> 9": 1.0, "6 -> 10": -0.0, "6 -> 4": -0.0, "7 -> 10": 0.9999999999999993, "7 -> 1": 1.0, "7 -> 9": -0.0, "8 -> 5": 1.0, "8 -> 7": -0.0, "8 -> 4": 1.0, "8 -> 3": -0.0, "9 -> 1": -0.0, "9 -> 6": -0.0, "9 -> 7": 1.0, "9 -> 10": 6.994405055138462e-15, "9 -> 3": 1.0, "10 -> 4": -0.0, "10 -> 6": -0.0, "10 -> 8": 1.0, "10 -> 9": -0.0, "10 -> 1": -0.0, "10 -> 2": 1.0}, "decision_costs": {"1 -> 7": 13158.0, "1 -> 9": 12878.0, "1 -> 3": 20437.0, "1 -> 6": 13718.0, "1 -> 10": 16238.0, "1 -> 8": 9239.0, "2 -> 3": 9519.0, "2 -> 1": 26036.0, "2 -> 7": 6999.0, "3 -> 5": 8399.0, "3 -> 4": 9519.0, "3 -> 6": 23517.0, "3 -> 9": 19317.0, "3 -> 1": 15958.0, "3 -> 8": 4480.0, "3 -> 7": 22677.0, "3 -> 2": 3080.0, "4 -> 7": 22397.0, "4 -> 10": 20437.0, "4 -> 3": 17078.0, "4 -> 6": 12599.0, "4 -> 5": 21557.0, "5 -> 1": 6439.0, "5 -> 7": 19038.0, "5 -> 9": 8679.0, "5 -> 2": 12878.0, "5 -> 6": 19877.0, "6 -> 1": 7839.0, "6 -> 8": 25477.0, "6 -> 9": 5320.0, "6 -> 10": 22957.0, "6 -> 4": 4200.0, "7 -> 10": 8119.0, "7 -> 1": 11759.0, "7 -> 9": 19317.0, "8 -> 5": 7559.0, "8 -> 7": 9519.0, "8 -> 4": 2800.0, "8 -> 3": 10359.0, "9 -> 1": 27156.0, "9 -> 6": 23237.0, "9 -> 7": 9239.0, "9 -> 10": 14278.0, "9 -> 3": 15118.0, "10 -> 4": 8959.0, "10 -> 6": 22117.0, "10 -> 8": 10079.0, "10 -> 9": 16238.0, "10 -> 1": 24917.0, "10 -> 2": 10639.0}, "bounds": [-1e+100, 75965.0, 75965.0, 117180.0, 124165.0, 124165.0, 124165.0, 124563.0, 125514.0, 126176.0, 126176.0, 126176.0, 126742.0, 126742.0, 126819.0, 126819.0, 126819.0, 126819.0, 126819.0, 126819.0, 126819.0, 126819.0, 126819.0, 126819.0, 126819.0, 126819.0, 126819.0, 126819.0, 126819.0, 126819.0, 126819.0, 126819.0, 126819.0, 126819.0, 126819.0, 126819.0, 126819.0, 126819.0, 126819.0, 126819.0, 126819.0, 126819.0, 126819.0, 126819.0, 126819.0, 126819.0, 126819.0, 126819.0, 126819.0, 126819.0, 126819.0, 126819.0, 126819.0, 126819.0, 126819.0, 126819.0, 126819.0, 126819.0, 126819.0, 126819.0, 126819.0, 126819.0, 126819.0, 126819.0, 126819.0, 126819.0, 126819.0, 126819.0, 126819.0, 126819.0, 126819.0, 126819.0, 126819.0, 126819.0, 126819.0, 126819.0, 126819.0, 126819.0, 126819.0, 126819.0, 126819.0, 126859.0, 126859.0, 126859.0, 126859.0, 126859.0, 126859.0, 126859.0, 126859.0, 126859.0, 126859.0, 126859.0, 126859.0, 126859.0, 134243.0, 134605.0, 135387.0, 135387.0, 135387.0, 135387.0, 135387.0, 135387.0, 135387.0, 135387.0, 135387.0, 135387.0, 135387.0, 135387.0, 135387.0, 135387.0, 135387.0, 135387.0, 135387.0, 135387.0, 135387.0, 135387.0, 135387.0, 135387.0, 135387.0, 135387.0, 135387.0, 135387.0, 135387.0, 135387.0, 135387.0, 135387.0, 135387.0, 135387.0, 135387.0, 135387.0, 135387.0, 137227.0, 137227.0, 137227.0, 137227.0, 137227.0, 137227.0, 137227.0, 137227.0, 137227.0, 137227.0, 137227.0, 137227.0, 137227.0, 137227.0, 137227.0, 137227.0, 137227.0, 137227.0, 137227.0, 137227.0, 137227.0, 137227.0, 137227.0, 137227.0, 137227.0, 137227.0, 137227.0, 137227.0, 146908.0, 149911.0, 149911.0, 149911.0, 153819.0], "objectives": [652876.0, 416029.0, 403151.0, 390273.0, 337920.0, 292846.0, 240213.0, 278567.0, 269889.0, 247491.0, 152303.0, 229574.0, 186457.0, 232934.0, 174981.0, 168541.0, 163502.0, 184220.0, 166022.0, 170781.0, 185059.0, 173861.0, 168261.0, 180300.0, 178341.0, 186738.0, 230974.0, 230413.0, 195698.0, 194577.0, 211375.0, 202417.0, 188698.0, 214177.0, 181981.0, 185339.0, 208296.0, 209976.0, 209696.0, 197937.0, 183380.0, 197378.0, 206617.0, 200456.0, 226495.0, 206335.0, 202978.0, 215575.0, 223974.0, 219214.0, 222015.0, 195979.0, 218935.0, 195697.0, 204096.0, 213896.0, 189819.0, 194018.0, 210255.0, 176100.0, 213335.0, 202697.0, 195417.0, 211375.0, 204657.0, 190097.0, 213615.0, 203255.0, 186461.0, 199055.0, 208574.0, 202414.0, 205775.0, 200738.0, 184500.0, 169662.0, 199618.0, 196258.0, 191779.0, 187859.0, 179181.0, 167142.0, 168822.0, 174982.0, 171902.0, 176941.0, 177500.0, 172741.0, 178621.0, 162382.0, 170781.0, 173301.0, 172461.0, 175541.0, 173021.0, 175539.0, 169102.0, 171901.0, 167701.0, 169102.0, 174142.0, 173580.0, 170501.0, 172461.0, 172460.0, 173861.0, 174142.0, 176661.0, 169662.0, 170502.0, 174420.0, 164062.0, 175822.0, 170781.0, 174141.0, 174981.0, 173021.0, 169660.0, 176941.0, 169942.0, 175261.0, 169661.0, 171061.0, 165462.0, 170221.0, 176940.0, 178900.0, 176661.0, 176660.0, 178341.0, 177780.0, 176941.0, 175541.0, 177221.0, 177779.0, 177221.0, 171902.0, 177219.0, 175539.0, 172181.0, 173022.0, 173022.0, 171061.0, 168822.0, 171902.0, 170222.0, 167702.0, 172182.0, 172461.0, 167142.0, 170781.0, 168822.0, 172181.0, 171901.0, 172740.0, 169661.0, 172461.0, 173021.0, 169382.0, 171061.0, 172462.0, 170222.0, 167142.0, 166302.0], "run_times": [0.0, 1.63, 1.15, 1.09, 0.96, 0.92, 0.91, 5.54, 18.67, 18.45, 17.72, 3.05, 6.67, 20.27, 25.2, 10.77, 4.28, 2.96, 2.94, 2.89, 3.6, 3.11, 3.26, 3.93, 3.8, 5.15, 8.62, 19.4, 17.22, 17.27, 3.61, 4.12, 4.22, 4.14, 4.41, 3.06, 2.8, 3.01, 3.12, 4.87, 4.51, 3.49, 2.17, 2.15, 7.44, 26.91, 17.62, 2.27, 2.28, 2.59, 4.3, 20.79, 18.56, 3.49, 5.31, 20.29, 3.99, 20.1, 3.33, 5.8, 20.05, 6.4, 17.71, 4.16, 3.73, 3.5, 3.85, 6.48, 29.4, 15.52, 3.75, 6.28, 19.0, 4.07, 22.14, 21.84, 22.32, 18.56, 3.47, 2.0, 3.27, 43.04, 3.64, 2.11, 2.13, 1.94, 2.24, 2.05, 2.52, 2.77, 4.91, 4.29, 3.84, 53.08, 120.21, 9.25, 125.36, 5.68, 4.64, 4.51, 4.8, 3.53, 3.21, 4.14, 4.46, 5.19, 3.77, 2.7, 2.92, 2.72, 2.67, 562.73, 5.31, 4.08, 3.04, 2.37, 3.14, 4.48, 3.82, 3.18, 2.08, 3.05, 3.89, 3.88, 4.56, 90.86, 94.76, 49.73, 37.93, 48.04, 34.68, 29.12, 30.19, 3.39, 26.42, 4.2, 25.02, 7.83, 3.66, 3.36, 3.57, 24.33, 68.38, 4.41, 3.7, 2.94, 202.21, 3.21, 2.23, 3.34, 2.97, 3.18, 4.31, 2.73, 4.19, 4.14, 3.56, 2.58, 3.11, 463.28, 84.84, 87.8, 6.5, 363.7], "is_optimal": true}
