{"decisions": {"1 -> 2": -0.0, "1 -> 10": -0.0, "1 -> 8": -0.0, "1 -> 7": -0.0, "1 -> 4": -0.0, "1 -> 9": -0.0, "1 -> 5": -0.0, "1 -> 3": -0.0, "1 -> 6": -0.0, "2 -> 3": -0.0, "2 -> 4": -0.0, "2 -> 7": -0.0, "2 -> 9": 0.0, "2 -> 8": -0.0, "2 -> 10": -0.0, "2 -> 1": -0.0, "2 -> 5": -0.0, "2 -> 6": -0.0, "3 -> 4": -0.0, "3 -> 2": 1.0, "3 -> 1": 1.0, "3 -> 7": 0.0, "3 -> 10": -0.0, "3 -> 9": 1.0, "3 -> 8": -0.0, "4 -> 5": 1.0, "4 -> 3": 1.0, "4 -> 10": -0.0, "4 -> 8": -0.0, "4 -> 7": -0.0, "4 -> 2": -0.0, "4 -> 6": -0.0, "4 -> 1": -0.0, "4 -> 9": -0.0, "5 -> 6": 1.0, "5 -> 2": -0.0, "5 -> 8": 0.0, "5 -> 3": 1.0, "5 -> 10": 0.0, "5 -> 1": -0.0, "6 -> 7": 1.0000000000000018, "6 -> 10": -0.0, "6 -> 8": -0.0, "6 -> 1": 1.0, "6 -> 3": 0.0, "6 -> 5": -0.0, "6 -> 4": 1.0, "7 -> 8": 1.0, "7 -> 1": 0.0, "7 -> 9": -0.0, "7 -> 2": 1.0, "7 -> 3": 0.0, "7 -> 10": -0.0, "7 -> 5": -0.0, "7 -> 4": -0.0, "7 -> 6": -0.0, "8 -> 9": 1.0, "8 -> 3": -0.0, "8 -> 7": -0.0, "8 -> 2": -0.0, "8 -> 6": -0.0, "8 -> 4": -0.0, "8 -> 5": 1.0, "8 -> 1": 1.0, "8 -> 10": -0.0, "9 -> 10": -0.0, "9 -> 6": 1.0, "9 -> 2": -0.0, "9 -> 7": -0.0, "9 -> 3": -0.0, "9 -> 8": -0.0, "9 -> 5": -0.0, "9 -> 4": 1.0, "10 -> 1": -0.0, "10 -> 6": -0.0, "10 -> 4": -0.0, "10 -> 9": 1.0, "10 -> 7": -0.0, "10 -> 5": -0.0, "10 -> 8": -0.0, "10 -> 2": 0.0, "10 -> 3": 0.9999999999999998}, "decision_costs": {"1 -> 2": 6010.0, "1 -> 10": 2464.0, "1 -> 8": 3786.0, "1 -> 7": 3726.0, "1 -> 4": 2464.0, "1 -> 9": 4147.0, "1 -> 5": 4207.0, "1 -> 3": 5169.0, "1 -> 6": 782.0, "2 -> 3": 6010.0, "2 -> 4": 4447.0, "2 -> 7": 3426.0, "2 -> 9": 1803.0, "2 -> 8": 3666.0, "2 -> 10": 5169.0, "2 -> 1": 5529.0, "2 -> 5": 4207.0, "2 -> 6": 1563.0, "3 -> 4": 6010.0, "3 -> 2": 5589.0, "3 -> 1": 1443.0, "3 -> 7": 2404.0, "3 -> 10": 5229.0, "3 -> 9": 722.0, "3 -> 8": 4027.0, "4 -> 5": 6010.0, "4 -> 3": 1082.0, "4 -> 10": 3246.0, "4 -> 8": 2945.0, "4 -> 7": 5409.0, "4 -> 2": 4327.0, "4 -> 6": 4808.0, "4 -> 1": 3606.0, "4 -> 9": 5349.0, "5 -> 6": 6010.0, "5 -> 2": 1262.0, "5 -> 8": 5409.0, "5 -> 3": 5289.0, "5 -> 10": 5830.0, "5 -> 1": 5108.0, "6 -> 7": 6010.0, "6 -> 10": 3065.0, "6 -> 8": 3967.0, "6 -> 1": 902.0, "6 -> 3": 1743.0, "6 -> 5": 3666.0, "6 -> 4": 1743.0, "7 -> 8": 6010.0, "7 -> 1": 2885.0, "7 -> 9": 5770.0, "7 -> 2": 902.0, "7 -> 3": 3606.0, "7 -> 10": 902.0, "7 -> 5": 842.0, "7 -> 4": 4988.0, "7 -> 6": 2705.0, "8 -> 9": 6010.0, "8 -> 3": 3426.0, "8 -> 7": 3606.0, "8 -> 2": 2585.0, "8 -> 6": 3426.0, "8 -> 4": 2284.0, "8 -> 5": 2885.0, "8 -> 1": 2464.0, "8 -> 10": 3125.0, "9 -> 10": 6010.0, "9 -> 6": 3005.0, "9 -> 2": 4928.0, "9 -> 7": 2164.0, "9 -> 3": 4087.0, "9 -> 8": 4207.0, "9 -> 5": 3546.0, "9 -> 4": 962.0, "10 -> 1": 6010.0, "10 -> 6": 3786.0, "10 -> 4": 5409.0, "10 -> 9": 1984.0, "10 -> 7": 4207.0, "10 -> 5": 4327.0, "10 -> 8": 1082.0, "10 -> 2": 4447.0, "10 -> 3": 3065.0}, "bounds": [-1e+100, -1e+100, -1e+100, 0.0, 0.0, 0.0, 32356.0, 32356.0, 32356.0, 32356.0, 40062.0, 40062.0, 44481.0, 44481.0, 46208.0, 46208.0, 47073.0, 47073.0, 47073.0, 47559.0, 49558.0, 49558.0, 49558.0, 49558.0, 49558.0, 49558.0, 49558.0, 49656.0, 49656.0, 49656.0, 49656.0, 49656.0, 49656.0, 49656.0, 49656.0, 49656.0, 49656.0, 49775.0, 49775.0, 49775.0, 49775.0, 49775.0, 49775.0, 49775.0, 49775.0, 49775.0, 49775.0, 49775.0, 49775.0, 49775.0, 49775.0, 49775.0, 50166.0, 50237.0, 50237.0, 50237.0, 50237.0, 50237.0, 50237.0, 54971.0, 56117.0, 57987.0], "objectives": [92076.0, 92076.0, 91835.0, 97065.0, 149592.0, 119660.0, 62749.0, 68759.0, 59686.0, 57823.0, 84805.0, 61607.0, 90574.0, 68458.0, 108967.0, 71644.0, 109807.0, 77113.0, 81380.0, 60464.0, 81381.0, 80477.0, 86669.0, 98688.0, 82941.0, 85527.0, 82341.0, 73205.0, 97846.0, 74226.0, 88049.0, 91595.0, 83905.0, 87150.0, 91416.0, 87029.0, 89913.0, 73386.0, 65810.0, 68935.0, 75006.0, 68696.0, 66956.0, 67076.0, 67313.0, 63888.0, 66293.0, 69717.0, 64249.0, 63888.0, 63467.0, 63467.0, 61904.0, 61667.0, 62626.0, 62087.0, 62565.0, 61724.0, 62565.0, 62269.0, 62087.0, 61727.0], "run_times": [0.0, 0.5, 0.16, 0.4, 0.5, 0.37, 0.65, 0.59, 0.25, 0.49, 0.63, 0.5, 0.92, 0.5, 0.94, 0.5, 0.85, 0.42, 0.42, 0.95, 13.46, 16.67, 0.66, 0.6, 0.61, 0.44, 0.52, 0.59, 0.5, 13.41, 13.44, 6.8, 9.33, 15.48, 16.36, 0.44, 3.43, 92.69, 2.61, 0.39, 0.2, 0.14, 4.15, 44.95, 1.96, 0.82, 0.16, 0.27, 0.3, 0.2, 24.62, 3.85, 57.74, 2.4, 1.15, 0.36, 0.28, 35.76, 81.26, 135.66, 61.02, 131.47], "is_optimal": true}
