{"decisions": {"1 -> 2": -0.0, "1 -> 10": -0.0, "1 -> 8": -0.0, "1 -> 7": -0.0, "1 -> 4": 3.122502256758253e-16, "1 -> 9": -0.0, "1 -> 5": -0.0, "1 -> 3": -0.0, "1 -> 6": 1.6861512186494565e-15, "2 -> 3": -0.0, "2 -> 4": -0.0, "2 -> 7": -0.0, "2 -> 9": -0.0, "2 -> 8": -0.0, "2 -> 10": -0.0, "2 -> 1": -0.0, "2 -> 5": -0.0, "2 -> 6": -0.0, "3 -> 4": -0.0, "3 -> 2": 1.0, "3 -> 1": 1.0, "3 -> 7": -0.0, "3 -> 10": 0.0, "3 -> 9": 1.0, "3 -> 8": 0.0, "4 -> 5": 1.0, "4 -> 3": 1.0, "4 -> 10": -0.0, "4 -> 8": -0.0, "4 -> 7": -0.0, "4 -> 2": -0.0, "4 -> 6": -0.0, "4 -> 1": -0.0, "4 -> 9": -0.0, "5 -> 6": 1.0, "5 -> 2": -0.0, "5 -> 8": 0.0, "5 -> 3": 1.0, "5 -> 10": -0.0, "5 -> 1": -0.0, "6 -> 7": 1.0, "6 -> 10": -0.0, "6 -> 8": -0.0, "6 -> 1": 1.0, "6 -> 3": -0.0, "6 -> 5": -0.0, "6 -> 4": 1.0, "7 -> 8": 1.0, "7 -> 1": -0.0, "7 -> 9": -0.0, "7 -> 2": 1.0, "7 -> 3": -0.0, "7 -> 10": -0.0, "7 -> 5": -0.0, "7 -> 4": -0.0, "7 -> 6": -0.0, "8 -> 9": 1.0, "8 -> 3": -2.4424906541753444e-15, "8 -> 7": -0.0, "8 -> 2": -0.0, "8 -> 6": -0.0, "8 -> 4": 3.400058012914542e-16, "8 -> 5": 1.0, "8 -> 1": 1.0, "8 -> 10": -0.0, "9 -> 10": -0.0, "9 -> 6": 0.9999999999999994, "9 -> 2": -0.0, "9 -> 7": -0.0, "9 -> 3": -0.0, "9 -> 8": -0.0, "9 -> 5": -0.0, "9 -> 4": 0.999999999999999, "10 -> 1": -0.0, "10 -> 6": -0.0, "10 -> 4": 0.0, "10 -> 9": 1.0, "10 -> 7": -0.0, "10 -> 5": -0.0, "10 -> 8": 1.0269562977782698e-15, "10 -> 2": 0.0, "10 -> 3": 1.0000000000000022}, "decision_costs": {"1 -> 2": 601.0, "1 -> 10": 247.0, "1 -> 8": 379.0, "1 -> 7": 373.0, "1 -> 4": 247.0, "1 -> 9": 415.0, "1 -> 5": 421.0, "1 -> 3": 517.0, "1 -> 6": 79.0, "2 -> 3": 601.0, "2 -> 4": 445.0, "2 -> 7": 343.0, "2 -> 9": 181.0, "2 -> 8": 367.0, "2 -> 10": 517.0, "2 -> 1": 553.0, "2 -> 5": 421.0, "2 -> 6": 157.0, "3 -> 4": 601.0, "3 -> 2": 559.0, "3 -> 1": 145.0, "3 -> 7": 241.0, "3 -> 10": 523.0, "3 -> 9": 73.0, "3 -> 8": 403.0, "4 -> 5": 601.0, "4 -> 3": 109.0, "4 -> 10": 325.0, "4 -> 8": 295.0, "4 -> 7": 541.0, "4 -> 2": 433.0, "4 -> 6": 481.0, "4 -> 1": 361.0, "4 -> 9": 535.0, "5 -> 6": 601.0, "5 -> 2": 127.0, "5 -> 8": 541.0, "5 -> 3": 529.0, "5 -> 10": 583.0, "5 -> 1": 511.0, "6 -> 7": 601.0, "6 -> 10": 307.0, "6 -> 8": 397.0, "6 -> 1": 91.0, "6 -> 3": 175.0, "6 -> 5": 367.0, "6 -> 4": 175.0, "7 -> 8": 601.0, "7 -> 1": 289.0, "7 -> 9": 577.0, "7 -> 2": 91.0, "7 -> 3": 361.0, "7 -> 10": 91.0, "7 -> 5": 85.0, "7 -> 4": 499.0, "7 -> 6": 271.0, "8 -> 9": 601.0, "8 -> 3": 343.0, "8 -> 7": 361.0, "8 -> 2": 259.0, "8 -> 6": 343.0, "8 -> 4": 229.0, "8 -> 5": 289.0, "8 -> 1": 247.0, "8 -> 10": 313.0, "9 -> 10": 601.0, "9 -> 6": 301.0, "9 -> 2": 493.0, "9 -> 7": 217.0, "9 -> 3": 409.0, "9 -> 8": 421.0, "9 -> 5": 355.0, "9 -> 4": 97.0, "10 -> 1": 601.0, "10 -> 6": 379.0, "10 -> 4": 541.0, "10 -> 9": 199.0, "10 -> 7": 421.0, "10 -> 5": 433.0, "10 -> 8": 109.0, "10 -> 2": 445.0, "10 -> 3": 307.0}, "bounds": [-1e+100, -1e+100, -1e+100, 0.0, 0.0, 0.0, 3244.0, 3244.0, 3244.0, 3244.0, 4017.0, 4017.0, 4445.0, 4445.0, 4606.0, 4606.0, 4606.0, 4740.0, 4740.0, 4801.0, 4828.0, 4828.0, 5053.0, 5053.0, 5053.0, 5053.0, 5053.0, 5053.0, 5053.0, 5053.0, 5053.0, 5053.0, 5053.0, 5053.0, 5053.0, 5053.0, 5053.0, 5053.0, 5053.0, 5053.0, 5053.0, 5053.0, 5053.0, 5053.0, 5053.0, 5053.0, 5053.0, 5069.0, 5069.0, 5069.0, 5069.0, 5069.0, 5069.0, 5069.0, 5069.0, 5069.0, 5069.0, 5069.0, 5069.0, 5069.0, 5069.0, 5069.0, 5069.0, 5069.0, 5069.0, 5069.0, 5069.0, 5069.0, 5069.0, 5069.0, 5069.0, 5069.0, 5069.0, 5069.0, 5069.0, 5069.0, 5069.0, 5120.0, 5120.0, 5120.0, 5120.0, 5120.0, 5120.0, 5120.0, 5130.0, 5166.0, 6022.0], "objectives": [9216.0, 9216.0, 9190.0, 9719.0, 14974.0, 11972.0, 6283.0, 6884.0, 5982.0, 5795.0, 9051.0, 6169.0, 7183.0, 9653.0, 9483.0, 7042.0, 7643.0, 7392.0, 9562.0, 7022.0, 7444.0, 8983.0, 8371.0, 8697.0, 8474.0, 8639.0, 8986.0, 6207.0, 7160.0, 8069.0, 7910.0, 8926.0, 8289.0, 6553.0, 6249.0, 7633.0, 7924.0, 10635.0, 8603.0, 8693.0, 10972.0, 9098.0, 8733.0, 10124.0, 8727.0, 6967.0, 8511.0, 7855.0, 8426.0, 8180.0, 9168.0, 9066.0, 9203.0, 7006.0, 7314.0, 9586.0, 6291.0, 8640.0, 8247.0, 8464.0, 7320.0, 17568.0, 10693.0, 11228.0, 9019.0, 7991.0, 10247.0, 12090.0, 7403.0, 10357.0, 7408.0, 7335.0, 6723.0, 6831.0, 6712.0, 6537.0, 6429.0, 6217.0, 6362.0, 6349.0, 6174.0, 6297.0, 6302.0, 6297.0, 6217.0, 6174.0, 6212.0], "run_times": [0.0, 0.49, 0.17, 0.39, 0.49, 0.38, 0.62, 0.61, 0.28, 0.5, 0.59, 0.48, 0.96, 0.44, 0.89, 0.6, 0.55, 0.87, 0.41, 0.72, 0.85, 0.56, 16.65, 14.55, 2.6, 0.59, 0.44, 0.39, 0.47, 0.58, 0.43, 0.59, 0.53, 0.55, 10.37, 11.54, 12.19, 8.59, 11.74, 5.3, 1.9, 12.08, 8.51, 14.24, 4.04, 12.26, 4.14, 4.13, 15.09, 2.22, 17.7, 18.03, 18.19, 17.05, 16.3, 14.98, 13.98, 2.14, 3.23, 8.8, 7.2, 11.73, 0.68, 0.67, 0.3, 0.44, 0.53, 1.32, 0.51, 0.31, 0.43, 0.34, 1.53, 1.5, 9.79, 0.41, 0.29, 66.89, 5.58, 1.97, 0.18, 0.16, 25.62, 12.09, 49.87, 136.34, 605.2], "is_optimal": true}
