{"decisions": {"1 -> 2": -0.0, "1 -> 10": -0.0, "1 -> 8": -0.0, "1 -> 7": -0.0, "1 -> 4": 0.0, "1 -> 9": -0.0, "1 -> 5": -0.0, "1 -> 3": -0.0, "1 -> 6": -0.0, "2 -> 3": -0.0, "2 -> 4": -0.0, "2 -> 7": -0.0, "2 -> 9": -0.0, "2 -> 8": -0.0, "2 -> 10": -0.0, "2 -> 1": -0.0, "2 -> 5": -0.0, "2 -> 6": -0.0, "3 -> 4": -0.0, "3 -> 2": 0.9999999999999959, "3 -> 1": 1.0, "3 -> 7": 0.0, "3 -> 10": -0.0, "3 -> 9": 1.0, "3 -> 8": -0.0, "4 -> 5": 1.0, "4 -> 3": 0.9999999999999732, "4 -> 10": -0.0, "4 -> 8": -0.0, "4 -> 7": -0.0, "4 -> 2": -0.0, "4 -> 6": -0.0, "4 -> 1": -0.0, "4 -> 9": -0.0, "5 -> 6": 1.0, "5 -> 2": 0.0, "5 -> 8": -0.0, "5 -> 3": 0.9999999999999287, "5 -> 10": -0.0, "5 -> 1": -0.0, "6 -> 7": 1.0, "6 -> 10": 0.0, "6 -> 8": -0.0, "6 -> 1": 0.9999999999999999, "6 -> 3": 6.432650454249668e-14, "6 -> 5": -0.0, "6 -> 4": 0.9999999999999655, "7 -> 8": 1.0, "7 -> 1": -0.0, "7 -> 9": -0.0, "7 -> 2": 1.0, "7 -> 3": 7.996156085178285e-14, "7 -> 10": -0.0, "7 -> 5": -0.0, "7 -> 4": -0.0, "7 -> 6": -0.0, "8 -> 9": 1.0, "8 -> 3": -0.0, "8 -> 7": -0.0, "8 -> 2": -0.0, "8 -> 6": -0.0, "8 -> 4": -0.0, "8 -> 5": 1.0, "8 -> 1": 1.0, "8 -> 10": -0.0, "9 -> 10": -0.0, "9 -> 6": 1.0, "9 -> 2": -0.0, "9 -> 7": -0.0, "9 -> 3": 0.0, "9 -> 8": -0.0, "9 -> 5": -0.0, "9 -> 4": 1.0, "10 -> 1": -0.0, "10 -> 6": -0.0, "10 -> 4": -0.0, "10 -> 9": 0.9999999999999938, "10 -> 7": -0.0, "10 -> 5": -0.0, "10 -> 8": -0.0, "10 -> 2": -0.0, "10 -> 3": 1.0}, "decision_costs": {"1 -> 2": 3005.0, "1 -> 10": 1232.0, "1 -> 8": 1893.0, "1 -> 7": 1863.0, "1 -> 4": 1232.0, "1 -> 9": 2074.0, "1 -> 5": 2104.0, "1 -> 3": 2585.0, "1 -> 6": 391.0, "2 -> 3": 3005.0, "2 -> 4": 2224.0, "2 -> 7": 1713.0, "2 -> 9": 902.0, "2 -> 8": 1833.0, "2 -> 10": 2585.0, "2 -> 1": 2765.0, "2 -> 5": 2104.0, "2 -> 6": 782.0, "3 -> 4": 3005.0, "3 -> 2": 2795.0, "3 -> 1": 722.0, "3 -> 7": 1202.0, "3 -> 10": 2615.0, "3 -> 9": 361.0, "3 -> 8": 2014.0, "4 -> 5": 3005.0, "4 -> 3": 541.0, "4 -> 10": 1623.0, "4 -> 8": 1473.0, "4 -> 7": 2705.0, "4 -> 2": 2164.0, "4 -> 6": 2404.0, "4 -> 1": 1803.0, "4 -> 9": 2675.0, "5 -> 6": 3005.0, "5 -> 2": 631.0, "5 -> 8": 2705.0, "5 -> 3": 2645.0, "5 -> 10": 2915.0, "5 -> 1": 2554.0, "6 -> 7": 3005.0, "6 -> 10": 1533.0, "6 -> 8": 1984.0, "6 -> 1": 451.0, "6 -> 3": 872.0, "6 -> 5": 1833.0, "6 -> 4": 872.0, "7 -> 8": 3005.0, "7 -> 1": 1443.0, "7 -> 9": 2885.0, "7 -> 2": 451.0, "7 -> 3": 1803.0, "7 -> 10": 451.0, "7 -> 5": 421.0, "7 -> 4": 2494.0, "7 -> 6": 1353.0, "8 -> 9": 3005.0, "8 -> 3": 1713.0, "8 -> 7": 1803.0, "8 -> 2": 1293.0, "8 -> 6": 1713.0, "8 -> 4": 1142.0, "8 -> 5": 1443.0, "8 -> 1": 1232.0, "8 -> 10": 1563.0, "9 -> 10": 3005.0, "9 -> 6": 1503.0, "9 -> 2": 2464.0, "9 -> 7": 1082.0, "9 -> 3": 2044.0, "9 -> 8": 2104.0, "9 -> 5": 1773.0, "9 -> 4": 481.0, "10 -> 1": 3005.0, "10 -> 6": 1893.0, "10 -> 4": 2705.0, "10 -> 9": 992.0, "10 -> 7": 2104.0, "10 -> 5": 2164.0, "10 -> 8": 541.0, "10 -> 2": 2224.0, "10 -> 3": 1533.0}, "bounds": [-1e+100, 0.0, 11238.0, 11238.0, 15080.0, 15080.0, 16688.0, 19012.0, 20188.0, 20407.0, 20407.0, 20407.0, 21514.0, 21514.0, 21514.0, 21514.0, 21514.0, 21514.0, 21514.0, 21514.0, 21514.0, 21514.0, 21514.0, 21514.0, 21514.0, 21514.0, 21514.0, 21514.0, 21514.0, 21514.0, 21514.0, 22079.0, 22079.0, 22079.0, 22079.0, 22079.0, 22408.0, 22408.0, 22408.0, 24191.0, 25826.0, 26149.0, 26149.0, 26149.0, 26149.0, 26149.0, 26427.0, 27006.0, 27046.0, 29179.0, 29942.0, 30045.0], "objectives": [53406.0, 151234.0, 32637.0, 116010.0, 45892.0, 44269.0, 43638.0, 26300.0, 42859.0, 38952.0, 38438.0, 42108.0, 40575.0, 39884.0, 38528.0, 37992.0, 34385.0, 31376.0, 34500.0, 33573.0, 35886.0, 36425.0, 35615.0, 35431.0, 35252.0, 37296.0, 35251.0, 34800.0, 34590.0, 31283.0, 32455.0, 33874.0, 34504.0, 34473.0, 34139.0, 33057.0, 31768.0, 33030.0, 30746.0, 32215.0, 31734.0, 31465.0, 31407.0, 30386.0, 31403.0, 31317.0, 30869.0, 31259.0, 31349.0, 31047.0, 31019.0, 31017.0], "run_times": [0.0, 0.11, 0.13, 0.13, 0.06, 0.05, 0.06, 2.63, 4.31, 4.71, 3.52, 4.2, 4.4, 2.83, 4.4, 5.95, 4.04, 4.18, 5.23, 4.51, 3.61, 4.1, 4.28, 9.17, 4.38, 1.83, 1.98, 1.61, 1.41, 1.88, 2.82, 3.74, 3.74, 5.4, 4.72, 3.82, 4.31, 4.3, 17.1, 1.71, 19.65, 1.0, 1.55, 2.3, 1.97, 3.1, 12.12, 3.53, 19.36, 9.79, 8.74, 4.53], "is_optimal": true}
