{"decisions": {"1 -> 2": -0.0, "1 -> 10": 0.0, "1 -> 8": -0.0, "1 -> 7": -0.0, "1 -> 4": 0.0, "1 -> 9": -0.0, "1 -> 5": -0.0, "1 -> 3": -0.0, "1 -> 6": -0.0, "2 -> 3": -0.0, "2 -> 4": -0.0, "2 -> 7": -0.0, "2 -> 9": -0.0, "2 -> 8": -0.0, "2 -> 10": -0.0, "2 -> 1": -0.0, "2 -> 5": -0.0, "2 -> 6": -0.0, "3 -> 4": -0.0, "3 -> 2": 0.9999999999999969, "3 -> 1": 1.0, "3 -> 7": 2.7755575615628914e-17, "3 -> 10": -0.0, "3 -> 9": 1.0, "3 -> 8": -0.0, "4 -> 5": 1.0, "4 -> 3": 1.0, "4 -> 10": -0.0, "4 -> 8": -0.0, "4 -> 7": -0.0, "4 -> 2": -0.0, "4 -> 6": -0.0, "4 -> 1": -0.0, "4 -> 9": -0.0, "5 -> 6": 1.0, "5 -> 2": -0.0, "5 -> 8": -0.0, "5 -> 3": 1.0, "5 -> 10": -0.0, "5 -> 1": -0.0, "6 -> 7": 1.0, "6 -> 10": -0.0, "6 -> 8": -0.0, "6 -> 1": 1.0, "6 -> 3": -0.0, "6 -> 5": -0.0, "6 -> 4": 1.0000000000000004, "7 -> 8": 1.0, "7 -> 1": 0.0, "7 -> 9": -0.0, "7 -> 2": 1.0, "7 -> 3": -0.0, "7 -> 10": -0.0, "7 -> 5": -0.0, "7 -> 4": -0.0, "7 -> 6": -0.0, "8 -> 9": 1.0, "8 -> 3": 0.0, "8 -> 7": -0.0, "8 -> 2": 2.7755575615628914e-17, "8 -> 6": -0.0, "8 -> 4": -0.0, "8 -> 5": 1.0, "8 -> 1": 1.0, "8 -> 10": -0.0, "9 -> 10": -0.0, "9 -> 6": 1.0, "9 -> 2": -0.0, "9 -> 7": -0.0, "9 -> 3": -0.0, "9 -> 8": 0.0, "9 -> 5": -0.0, "9 -> 4": 1.0, "10 -> 1": -0.0, "10 -> 6": -0.0, "10 -> 4": -0.0, "10 -> 9": 1.0, "10 -> 7": -0.0, "10 -> 5": -0.0, "10 -> 8": -0.0, "10 -> 2": 0.0, "10 -> 3": 1.0}, "decision_costs": {"1 -> 2": 6010.0, "1 -> 10": 2464.0, "1 -> 8": 3786.0, "1 -> 7": 3726.0, "1 -> 4": 2464.0, "1 -> 9": 4147.0, "1 -> 5": 4207.0, "1 -> 3": 5169.0, "1 -> 6": 782.0, "2 -> 3": 6010.0, "2 -> 4": 4447.0, "2 -> 7": 3426.0, "2 -> 9": 1803.0, "2 -> 8": 3666.0, "2 -> 10": 5169.0, "2 -> 1": 5529.0, "2 -> 5": 4207.0, "2 -> 6": 1563.0, "3 -> 4": 6010.0, "3 -> 2": 5589.0, "3 -> 1": 1443.0, "3 -> 7": 2404.0, "3 -> 10": 5229.0, "3 -> 9": 722.0, "3 -> 8": 4027.0, "4 -> 5": 6010.0, "4 -> 3": 1082.0, "4 -> 10": 3246.0, "4 -> 8": 2945.0, "4 -> 7": 5409.0, "4 -> 2": 4327.0, "4 -> 6": 4808.0, "4 -> 1": 3606.0, "4 -> 9": 5349.0, "5 -> 6": 6010.0, "5 -> 2": 1262.0, "5 -> 8": 5409.0, "5 -> 3": 5289.0, "5 -> 10": 5830.0, "5 -> 1": 5108.0, "6 -> 7": 6010.0, "6 -> 10": 3065.0, "6 -> 8": 3967.0, "6 -> 1": 902.0, "6 -> 3": 1743.0, "6 -> 5": 3666.0, "6 -> 4": 1743.0, "7 -> 8": 6010.0, "7 -> 1": 2885.0, "7 -> 9": 5770.0, "7 -> 2": 902.0, "7 -> 3": 3606.0, "7 -> 10": 902.0, "7 -> 5": 842.0, "7 -> 4": 4988.0, "7 -> 6": 2705.0, "8 -> 9": 6010.0, "8 -> 3": 3426.0, "8 -> 7": 3606.0, "8 -> 2": 2585.0, "8 -> 6": 3426.0, "8 -> 4": 2284.0, "8 -> 5": 2885.0, "8 -> 1": 2464.0, "8 -> 10": 3125.0, "9 -> 10": 6010.0, "9 -> 6": 3005.0, "9 -> 2": 4928.0, "9 -> 7": 2164.0, "9 -> 3": 4087.0, "9 -> 8": 4207.0, "9 -> 5": 3546.0, "9 -> 4": 962.0, "10 -> 1": 6010.0, "10 -> 6": 3786.0, "10 -> 4": 5409.0, "10 -> 9": 1984.0, "10 -> 7": 4207.0, "10 -> 5": 4327.0, "10 -> 8": 1082.0, "10 -> 2": 4447.0, "10 -> 3": 3065.0}, "bounds": [-1e+100, 0.0, 23436.0, 23436.0, 30879.0, 30879.0, 33941.0, 38446.0, 38446.0, 44119.0, 44211.0, 44211.0, 44971.0, 44971.0, 45447.0, 45447.0, 45447.0, 45447.0, 45447.0, 45447.0, 45447.0, 45447.0, 45447.0, 45447.0, 45447.0, 45447.0, 45447.0, 45447.0, 45447.0, 45447.0, 45447.0, 45447.0, 45447.0, 45447.0, 45447.0, 45447.0, 45447.0, 51208.0, 53970.0, 53970.0, 55164.0, 55411.0, 55987.0, 57591.0, 58092.0, 58971.0, 59293.0, 59353.0, 59439.05, 59705.0, 60253.0, 60267.04], "objectives": [93999.0, 302432.0, 65272.0, 213481.0, 90816.0, 87570.0, 85526.0, 79337.0, 75730.0, 71824.0, 73748.0, 56619.0, 65150.0, 73689.0, 60405.0, 71705.0, 56138.0, 58661.0, 71705.0, 65332.0, 66055.0, 64131.0, 61487.0, 66295.0, 66173.0, 62808.0, 66594.0, 70740.0, 69058.0, 69840.0, 66533.0, 60100.0, 63589.0, 69059.0, 65872.0, 63709.0, 62927.0, 62749.0, 62748.0, 62147.0, 62509.0, 62749.0, 61967.0, 62389.0, 62628.0, 62087.0, 61666.0, 62027.0, 61668.0, 61727.0, 61968.0, 61726.0], "run_times": [0.0, 0.1, 0.07, 0.08, 0.05, 0.04, 0.04, 0.23, 0.06, 4.17, 1.82, 2.7, 2.2, 2.97, 13.18, 2.18, 1.81, 2.83, 11.5, 2.65, 3.2, 2.44, 2.83, 3.72, 3.48, 1.93, 2.89, 2.79, 0.69, 1.34, 0.66, 1.39, 1.24, 1.91, 2.08, 1.51, 0.77, 5.41, 5.15, 2.98, 4.96, 3.12, 3.82, 6.45, 3.15, 3.7, 2.63, 1.34, 2.02, 2.94, 2.7, 1.29], "is_optimal": true}
