{"decisions": {"1 -> 2": -0.0, "1 -> 10": -0.0, "1 -> 8": -0.0, "1 -> 7": -0.0, "1 -> 4": -0.0, "1 -> 9": -0.0, "1 -> 5": -0.0, "1 -> 3": -0.0, "1 -> 6": 0.0, "2 -> 3": -0.0, "2 -> 4": -0.0, "2 -> 7": -0.0, "2 -> 9": -0.0, "2 -> 8": -0.0, "2 -> 10": -0.0, "2 -> 1": -0.0, "2 -> 5": -0.0, "2 -> 6": 0.0, "3 -> 4": -0.0, "3 -> 2": 1.0, "3 -> 1": 1.0, "3 -> 7": 0.0, "3 -> 10": -0.0, "3 -> 9": 1.0, "3 -> 8": -0.0, "4 -> 5": 1.0, "4 -> 3": 1.0, "4 -> 10": -0.0, "4 -> 8": -0.0, "4 -> 7": -0.0, "4 -> 2": -0.0, "4 -> 6": -0.0, "4 -> 1": -0.0, "4 -> 9": -0.0, "5 -> 6": 1.0, "5 -> 2": 0.0, "5 -> 8": -0.0, "5 -> 3": 1.0, "5 -> 10": -0.0, "5 -> 1": -0.0, "6 -> 7": 1.0, "6 -> 10": -0.0, "6 -> 8": -0.0, "6 -> 1": 1.0, "6 -> 3": 0.0, "6 -> 5": -0.0, "6 -> 4": 1.0, "7 -> 8": 1.0, "7 -> 1": -0.0, "7 -> 9": -0.0, "7 -> 2": 1.0, "7 -> 3": -0.0, "7 -> 10": -0.0, "7 -> 5": -0.0, "7 -> 4": -0.0, "7 -> 6": -0.0, "8 -> 9": 1.0, "8 -> 3": 0.0, "8 -> 7": -0.0, "8 -> 2": -0.0, "8 -> 6": 0.0, "8 -> 4": -0.0, "8 -> 5": 1.0, "8 -> 1": 1.0, "8 -> 10": -0.0, "9 -> 10": -0.0, "9 -> 6": 1.0, "9 -> 2": -0.0, "9 -> 7": -1.3877787807814457e-17, "9 -> 3": -0.0, "9 -> 8": -0.0, "9 -> 5": -0.0, "9 -> 4": 1.0, "10 -> 1": -0.0, "10 -> 6": -0.0, "10 -> 4": -0.0, "10 -> 9": 1.0000000000000009, "10 -> 7": -0.0, "10 -> 5": -0.0, "10 -> 8": -0.0, "10 -> 2": -0.0, "10 -> 3": 1.0}, "decision_costs": {"1 -> 2": 6010.0, "1 -> 10": 2464.0, "1 -> 8": 3786.0, "1 -> 7": 3726.0, "1 -> 4": 2464.0, "1 -> 9": 4147.0, "1 -> 5": 4207.0, "1 -> 3": 5169.0, "1 -> 6": 782.0, "2 -> 3": 6010.0, "2 -> 4": 4447.0, "2 -> 7": 3426.0, "2 -> 9": 1803.0, "2 -> 8": 3666.0, "2 -> 10": 5169.0, "2 -> 1": 5529.0, "2 -> 5": 4207.0, "2 -> 6": 1563.0, "3 -> 4": 6010.0, "3 -> 2": 5589.0, "3 -> 1": 1443.0, "3 -> 7": 2404.0, "3 -> 10": 5229.0, "3 -> 9": 722.0, "3 -> 8": 4027.0, "4 -> 5": 6010.0, "4 -> 3": 1082.0, "4 -> 10": 3246.0, "4 -> 8": 2945.0, "4 -> 7": 5409.0, "4 -> 2": 4327.0, "4 -> 6": 4808.0, "4 -> 1": 3606.0, "4 -> 9": 5349.0, "5 -> 6": 6010.0, "5 -> 2": 1262.0, "5 -> 8": 5409.0, "5 -> 3": 5289.0, "5 -> 10": 5830.0, "5 -> 1": 5108.0, "6 -> 7": 6010.0, "6 -> 10": 3065.0, "6 -> 8": 3967.0, "6 -> 1": 902.0, "6 -> 3": 1743.0, "6 -> 5": 3666.0, "6 -> 4": 1743.0, "7 -> 8": 6010.0, "7 -> 1": 2885.0, "7 -> 9": 5770.0, "7 -> 2": 902.0, "7 -> 3": 3606.0, "7 -> 10": 902.0, "7 -> 5": 842.0, "7 -> 4": 4988.0, "7 -> 6": 2705.0, "8 -> 9": 6010.0, "8 -> 3": 3426.0, "8 -> 7": 3606.0, "8 -> 2": 2585.0, "8 -> 6": 3426.0, "8 -> 4": 2284.0, "8 -> 5": 2885.0, "8 -> 1": 2464.0, "8 -> 10": 3125.0, "9 -> 10": 6010.0, "9 -> 6": 3005.0, "9 -> 2": 4928.0, "9 -> 7": 2164.0, "9 -> 3": 4087.0, "9 -> 8": 4207.0, "9 -> 5": 3546.0, "9 -> 4": 962.0, "10 -> 1": 6010.0, "10 -> 6": 3786.0, "10 -> 4": 5409.0, "10 -> 9": 1984.0, "10 -> 7": 4207.0, "10 -> 5": 4327.0, "10 -> 8": 1082.0, "10 -> 2": 4447.0, "10 -> 3": 3065.0}, "bounds": [-1e+100, 0.0, 22475.0, 22475.0, 22475.0, 30273.0, 30273.0, 32922.0, 32922.0, 40025.0, 40904.0, 40904.0, 42027.04, 42331.0, 42336.0, 42568.0, 42568.0, 42568.0, 43447.0, 43447.0, 43447.0, 43447.0, 43447.0, 43447.0, 43447.0, 43447.0, 43447.0, 43447.0, 43447.0, 43447.0, 45162.0, 46462.0, 47569.0, 50888.0, 50888.0, 50888.0, 53739.0, 53739.0, 54509.0, 55853.0, 58248.0, 58248.0, 58286.01, 61225.0], "objectives": [106797.0, 302432.0, 65272.0, 230129.0, 234095.0, 98149.0, 97848.0, 95263.0, 94964.0, 90756.0, 90276.0, 78675.0, 54635.0, 85347.0, 80899.0, 70022.0, 80238.0, 77534.0, 71101.0, 68098.0, 65571.0, 61186.0, 63647.0, 66894.0, 64249.0, 62266.0, 62988.0, 63892.0, 63948.0, 62329.0, 62811.0, 63527.0, 62448.0, 64130.0, 62927.0, 61607.0, 62810.0, 62628.0, 61728.0, 61909.0, 61548.0, 61668.0, 62087.0, 61667.0], "run_times": [0.0, 0.15, 0.16, 0.15, 0.1, 0.06, 0.08, 0.09, 0.05, 3.37, 4.03, 4.17, 4.47, 5.75, 5.16, 5.43, 4.86, 5.28, 7.03, 3.2, 4.24, 13.0, 3.83, 4.07, 1.89, 1.72, 2.52, 7.33, 3.86, 5.24, 12.64, 29.35, 1.51, 23.07, 4.45, 4.44, 12.62, 5.3, 3.56, 17.4, 5.68, 4.61, 4.13, 11.69], "is_optimal": true}
