{"decisions": {"1 -> 7": -0.0, "1 -> 9": -0.0, "1 -> 3": -0.0, "1 -> 6": 0.9999999999999997, "1 -> 10": 1.0, "1 -> 8": -0.0, "2 -> 3": 1.0, "2 -> 1": -0.0, "2 -> 7": 1.0, "3 -> 5": 0.0, "3 -> 4": -0.0, "3 -> 6": -0.0, "3 -> 9": -0.0, "3 -> 1": -0.0, "3 -> 8": 1.0, "3 -> 7": -0.0, "3 -> 2": 1.0, "4 -> 7": -0.0, "4 -> 10": -0.0, "4 -> 3": 1.0, "4 -> 6": 1.0000000000000004, "4 -> 5": -0.0, "5 -> 1": 1.0, "5 -> 7": -0.0, "5 -> 9": 1.0, "5 -> 2": -0.0, "5 -> 6": -0.0, "6 -> 1": 1.0, "6 -> 8": -0.0, "6 -> 9": 0.0, "6 -> 10": 0.0, "6 -> 4": 1.0, "7 -> 10": 1.0000000000000007, "7 -> 1": 1.0, "7 -> 9": -0.0, "8 -> 5": 1.0, "8 -> 7": 1.0, "8 -> 4": 1.0, "8 -> 3": -0.0, "9 -> 1": -0.0, "9 -> 6": -0.0, "9 -> 7": -0.0, "9 -> 10": 0.0, "9 -> 3": 1.0, "10 -> 4": 0.0, "10 -> 6": -0.0, "10 -> 8": 1.0, "10 -> 9": -0.0, "10 -> 1": -0.0, "10 -> 2": -0.0}, "decision_costs": {"1 -> 7": 13158.0, "1 -> 9": 12878.0, "1 -> 3": 20437.0, "1 -> 6": 13718.0, "1 -> 10": 16238.0, "1 -> 8": 9239.0, "2 -> 3": 9519.0, "2 -> 1": 26036.0, "2 -> 7": 6999.0, "3 -> 5": 8399.0, "3 -> 4": 9519.0, "3 -> 6": 23517.0, "3 -> 9": 19317.0, "3 -> 1": 15958.0, "3 -> 8": 4480.0, "3 -> 7": 22677.0, "3 -> 2": 3080.0, "4 -> 7": 22397.0, "4 -> 10": 20437.0, "4 -> 3": 17078.0, "4 -> 6": 12599.0, "4 -> 5": 21557.0, "5 -> 1": 6439.0, "5 -> 7": 19038.0, "5 -> 9": 8679.0, "5 -> 2": 12878.0, "5 -> 6": 19877.0, "6 -> 1": 7839.0, "6 -> 8": 25477.0, "6 -> 9": 5320.0, "6 -> 10": 22957.0, "6 -> 4": 4200.0, "7 -> 10": 8119.0, "7 -> 1": 11759.0, "7 -> 9": 19317.0, "8 -> 5": 7559.0, "8 -> 7": 9519.0, "8 -> 4": 2800.0, "8 -> 3": 10359.0, "9 -> 1": 27156.0, "9 -> 6": 23237.0, "9 -> 7": 9239.0, "9 -> 10": 14278.0, "9 -> 3": 15118.0, "10 -> 4": 8959.0, "10 -> 6": 22117.0, "10 -> 8": 10079.0, "10 -> 9": 16238.0, "10 -> 1": 24917.0, "10 -> 2": 10639.0}, "bounds": [-1e+100, -1e+100, -1e+100, 0.0, 0.0, 0.0, 0.0, 0.0, 105356.0, 105356.0, 105356.0, 105356.0, 105356.0, 105356.0, 105356.0, 105356.0, 105356.0, 122225.0, 122225.0, 124914.0, 124914.0, 124914.0, 128851.0, 128851.0, 128851.0, 128851.0, 131926.0, 131926.0, 133721.04, 133721.04, 133721.04, 134219.0, 134219.0, 137519.0, 137519.0, 137519.0, 137519.0, 137519.0, 137519.0, 137519.0, 137519.0, 137519.0, 137519.0, 137519.0, 137519.0, 137519.0, 137519.0, 137519.0, 137519.0, 137519.0, 137519.0, 137519.0, 137519.0, 137519.0, 137519.0, 137519.0, 137519.0, 137519.0, 137519.0, 137519.0, 137519.0, 137519.0, 137519.0, 137519.0, 137519.0, 137519.0, 137519.0, 137519.0, 137519.0, 137519.0, 137519.0, 137519.0, 137519.0, 137519.0, 137519.0, 137519.0, 137519.0, 137519.0, 137519.0, 137519.0, 137519.0, 137519.0, 137519.0, 137519.0, 137519.0, 137519.0, 137519.0, 137519.0, 137519.0, 137519.0, 137519.0, 139817.0, 139817.0, 139817.0, 139817.0, 139817.0, 139817.0, 139817.0, 139817.0, 139817.0, 139817.0, 139817.0, 139817.0, 139817.0, 139817.0, 139817.0, 139817.0, 139817.0, 139817.0, 139817.0, 139817.0, 139817.0, 139817.0, 139817.0, 139817.0, 139817.0, 139817.0, 139817.0, 139817.0, 139817.0, 139817.0, 139817.0, 139817.0, 139817.0, 139817.0, 139817.0, 139817.0, 139817.0, 139817.0, 139817.0, 139817.0, 139817.0, 139817.0, 139817.0, 139817.0, 139817.0, 139817.0, 139817.0, 139817.0, 139817.0, 139817.0, 139817.0, 139817.0, 139817.0, 139817.0, 139817.0, 139817.0, 139817.0, 139817.0, 139817.0, 139817.0, 139817.0, 139817.0, 139817.0, 139817.0, 139817.0, 139817.0, 139817.0, 139817.0, 139817.0, 139817.0, 139817.0, 139817.0, 139817.0, 140918.0, 140918.0, 140918.0, 140918.0, 140918.0, 140918.0, 140918.0, 140918.0, 140918.0, 140918.0, 140918.0, 140918.0, 140918.0, 140918.0, 140918.0, 140918.0, 140918.0, 140918.0, 140918.0, 140918.0, 140918.0, 140918.0, 140918.0, 140918.0, 140918.0, 140918.0, 140918.0, 140918.0, 140918.0, 140918.0, 140918.0, 140918.0, 140918.0, 140918.0, 140918.0, 140918.0, 140918.0, 140918.0, 140918.0, 140918.0, 140918.0, 140918.0, 140918.0, 140918.0, 140918.0, 140918.0, 140918.0, 140918.0, 140918.0, 140918.0, 140918.0, 140918.0, 140918.0, 140918.0, 140918.0, 140918.0, 140918.0, 140918.0, 140918.0, 144473.0, 144501.0, 145112.0, 145112.0, 145112.0, 145112.0, 145112.0, 145112.0, 145112.0, 145112.0, 145112.0, 145112.0, 145112.0, 145112.0, 145112.0, 145112.0, 146030.0, 146030.0, 146030.0, 146030.0, 146030.0, 146030.0, 146030.0, 146030.0, 146030.0, 146030.0, 146030.0, 146030.0, 146030.0, 146030.0, 146030.0, 146030.0, 146030.0, 146030.0, 146030.0, 146030.0, 146030.0, 146030.0, 146030.0, 146030.0, 146030.0, 146706.0, 146706.0, 146706.0, 146706.0, 146706.0, 146706.0, 146706.0, 146706.0, 146706.0, 146706.0, 146706.0, 146982.09, 146982.09, 146982.09, 146982.09, 148318.0, 148318.0, 148318.0, 148318.0, 148318.0, 149173.0, 150553.0, 153870.0, 154277.13, 154277.13, 154277.13, 154277.13, 154277.13, 158939.0, 158939.0, 159957.0, 160235.0, 160235.0, 161767.0, 162871.0, 163399.0, 163685.0, 164062.0, 165027.0, 165100.0, 165100.0, 165100.0, 165100.0, 165146.0, 165146.0, 165146.0, 165146.0, 165974.04, 167313.0, 168433.1, 168492.0],