{"decisions": {"1 -> 7": -0.0, "1 -> 9": -0.0, "1 -> 3": -0.0, "1 -> 6": 1.0, "1 -> 10": 1.000000000000007, "1 -> 8": -0.0, "2 -> 3": 1.0, "2 -> 1": -0.0, "2 -> 7": 1.0, "3 -> 5": -0.0, "3 -> 4": -0.0, "3 -> 6": -0.0, "3 -> 9": 0.0, "3 -> 1": -0.0, "3 -> 8": 1.0, "3 -> 7": -0.0, "3 -> 2": -0.0, "4 -> 7": -0.0, "4 -> 10": -0.0, "4 -> 3": 0.0, "4 -> 6": 1.0, "4 -> 5": -0.0, "5 -> 1": 1.0, "5 -> 7": -0.0, "5 -> 9": 1.0, "5 -> 2": -0.0, "5 -> 6": -0.0, "6 -> 1": 1.0, "6 -> 8": -0.0, "6 -> 9": 1.0, "6 -> 10": -0.0, "6 -> 4": -0.0, "7 -> 10": 1.0, "7 -> 1": 1.0, "7 -> 9": -0.0, "8 -> 5": 1.0, "8 -> 7": -0.0, "8 -> 4": 1.0000000000000007, "8 -> 3": -0.0, "9 -> 1": -0.0, "9 -> 6": -0.0, "9 -> 7": 1.0, "9 -> 10": -0.0, "9 -> 3": 1.0, "10 -> 4": -0.0, "10 -> 6": -0.0, "10 -> 8": 1.0, "10 -> 9": -0.0, "10 -> 1": -0.0, "10 -> 2": 1.0}, "decision_costs": {"1 -> 7": 13158.0, "1 -> 9": 12878.0, "1 -> 3": 20437.0, "1 -> 6": 13718.0, "1 -> 10": 16238.0, "1 -> 8": 9239.0, "2 -> 3": 9519.0, "2 -> 1": 26036.0, "2 -> 7": 6999.0, "3 -> 5": 8399.0, "3 -> 4": 9519.0, "3 -> 6": 23517.0, "3 -> 9": 19317.0, "3 -> 1": 15958.0, "3 -> 8": 4480.0, "3 -> 7": 22677.0, "3 -> 2": 3080.0, "4 -> 7": 22397.0, "4 -> 10": 20437.0, "4 -> 3": 17078.0, "4 -> 6": 12599.0, "4 -> 5": 21557.0, "5 -> 1": 6439.0, "5 -> 7": 19038.0, "5 -> 9": 8679.0, "5 -> 2": 12878.0, "5 -> 6": 19877.0, "6 -> 1": 7839.0, "6 -> 8": 25477.0, "6 -> 9": 5320.0, "6 -> 10": 22957.0, "6 -> 4": 4200.0, "7 -> 10": 8119.0, "7 -> 1": 11759.0, "7 -> 9": 19317.0, "8 -> 5": 7559.0, "8 -> 7": 9519.0, "8 -> 4": 2800.0, "8 -> 3": 10359.0, "9 -> 1": 27156.0, "9 -> 6": 23237.0, "9 -> 7": 9239.0, "9 -> 10": 14278.0, "9 -> 3": 15118.0, "10 -> 4": 8959.0, "10 -> 6": 22117.0, "10 -> 8": 10079.0, "10 -> 9": 16238.0, "10 -> 1": 24917.0, "10 -> 2": 10639.0}, "bounds": [-1e+100, 75965.0, 75965.0, 117180.0, 124165.0, 124165.0, 124165.0, 124563.0, 125514.0, 126176.0, 126176.0, 126176.0, 126746.0, 126746.0, 126746.0, 126853.05, 126853.05, 126853.05, 126853.05, 126853.05, 126853.05, 126853.05, 126853.05, 126853.05, 126853.05, 126853.05, 126853.05, 126853.05, 126853.05, 126853.05, 126853.05, 126853.05, 126853.05, 126853.05, 126853.05, 126853.05, 126853.05, 126853.05, 126853.05, 126853.05, 126853.05, 126853.05, 126853.05, 126853.05, 126853.05, 126853.05, 126853.05, 126853.05, 126853.05, 126853.05, 126853.05, 126853.05, 126853.05, 126853.05, 126853.05, 126853.05, 126853.05, 126853.05, 126853.05, 126853.05, 126853.05, 126853.05, 126853.05, 126853.05, 126853.05, 126853.05, 126853.05, 126853.05, 126853.05, 126853.05, 126853.05, 126853.05, 126853.05, 126853.05, 126853.05, 126853.05, 126853.05, 126853.05, 126853.05, 126853.05, 126853.05, 126853.05, 126853.05, 126853.05, 126853.05, 127366.0, 127366.0, 127366.0, 127366.0, 127366.0, 127366.0, 127366.0, 131328.0, 131793.0, 132743.0, 132743.0, 132743.0, 132743.0, 132743.0, 135843.0, 136083.02, 136090.0, 136090.0, 136090.0, 137120.0, 137120.0, 137120.0, 137120.0, 137120.0, 137120.0, 137120.0, 137120.0, 137120.0, 137120.0, 137120.0, 137120.0, 137120.0, 137120.0, 137120.0, 137120.0, 137120.0, 137120.0, 137120.0, 137120.0, 137120.0, 137120.0, 137120.0, 137120.0, 137120.0, 137120.0, 137120.0, 137120.0, 137120.0, 137120.0, 137120.0, 137120.0, 137120.0, 137120.0, 137120.0, 137120.0, 137120.0, 137120.0, 137120.0, 137120.0, 137120.0, 137120.0, 137120.0, 137120.0, 137120.0, 137120.0, 137120.0, 137120.0, 137120.0, 137120.0, 137120.0, 137120.0, 137128.0, 139295.0, 140206.0], "objectives": [652876.0, 416029.0, 403151.0, 390273.0, 337920.0, 292846.0, 240213.0, 278567.0, 269889.0, 247491.0, 152303.0, 229574.0, 187018.0, 186457.0, 232934.0, 225375.0, 178621.0, 166022.0, 168541.0, 185059.0, 187018.0, 180578.0, 186738.0, 200456.0, 186738.0, 214177.0, 230413.0, 193178.0, 208576.0, 194577.0, 190938.0, 218095.0, 200456.0, 188418.0, 199897.0, 201297.0, 217535.0, 208576.0, 203536.0, 194299.0, 194019.0, 229573.0, 211376.0, 205776.0, 183100.0, 199056.0, 208016.0, 211374.0, 209415.0, 204098.0, 204097.0, 187580.0, 167981.0, 181700.0, 176661.0, 183939.0, 169942.0, 169661.0, 186459.0, 175261.0, 184217.0, 171902.0, 182259.0, 173021.0, 170222.0, 185899.0, 178899.0, 178061.0, 172460.0, 178899.0, 180860.0, 179459.0, 162101.0, 169382.0, 167141.0, 174702.0, 164903.0, 175541.0, 174421.0, 173861.0, 171622.0, 169942.0, 176659.0, 186460.0, 187019.0, 185340.0, 186739.0, 176099.0, 183379.0, 185898.0, 178341.0, 178901.0, 182541.0, 183660.0, 175541.0, 179739.0, 183379.0, 184778.0, 187298.0, 187019.0, 181980.0, 178061.0, 171621.0, 177501.0, 175540.0, 179460.0, 177221.0, 173580.0, 178901.0, 176660.0, 176381.0, 177781.0, 171341.0, 175540.0, 178060.0, 174701.0, 174982.0, 164621.0, 176379.0, 176940.0, 166862.0, 167142.0, 171062.0, 177500.0, 163503.0, 171062.0, 166303.0, 173860.0, 167142.0, 169382.0, 172462.0, 175541.0, 178060.0, 178900.0, 175541.0, 170501.0, 176661.0, 173580.0, 177501.0, 175540.0, 174422.0, 167421.0, 170222.0, 173021.0, 174142.0, 171902.0, 173302.0, 173022.0, 173861.0, 173581.0, 171061.0, 172181.0, 172740.0, 170222.0, 167982.0, 169102.0, 169661.0, 169941.0, 167142.0], "run_times": [0.0, 1.27, 1.02, 0.96, 0.92, 0.79, 0.85, 5.27, 17.0, 16.76, 16.14, 2.62, 5.24, 17.22, 3.61, 6.47, 25.17, 14.07, 2.75, 3.01, 2.47, 3.04, 3.11, 3.08, 2.98, 6.28, 16.39, 16.74, 14.98, 3.33, 3.29, 3.34, 3.47, 3.64, 2.97, 2.23, 2.75, 1.74, 2.3, 3.19, 3.37, 2.86, 7.31, 21.07, 18.7, 17.03, 4.55, 17.39, 3.31, 5.29, 16.17, 8.32, 14.12, 2.68, 2.07, 3.17, 3.41, 3.3, 3.29, 3.57, 2.97, 3.9, 3.41, 3.05, 3.59, 10.24, 15.44, 3.08, 14.26, 16.14, 3.14, 7.23, 20.17, 32.23, 9.84, 2.78, 2.5, 1.72, 2.11, 1.54, 2.35, 3.04, 2.33, 13.81, 15.67, 8.76, 31.29, 14.7, 14.72, 22.8, 36.33, 5.88, 12.6, 4.46, 19.86, 5.85, 5.2, 4.18, 6.25, 121.34, 5.89, 71.84, 2.25, 2.54, 2.18, 1.94, 3.39, 2.31, 2.71, 1.79, 2.81, 2.91, 2.49, 2.12, 2.34, 2.66, 3.26, 3.11, 2.69, 3.25, 673.06, 3.26, 3.36, 2.52, 1.89, 2.57, 2.89, 2.55, 3.17, 2.94, 2.72, 56.31, 4.28, 2.22, 2.52, 1.27, 2.86, 2.34, 2.75, 3.06, 3.08, 2.33, 77.72, 2.78, 2.33, 1.97, 2.84, 3.0, 2.4, 2.08, 1.92, 2.47, 2.63, 145.61, 2.26, 2.22, 223.27, 49.16, 80.5], "is_optimal": true}
