{"decisions": {"1 -> 2": -0.0, "1 -> 10": 0.0, "1 -> 8": -0.0, "1 -> 7": -0.0, "1 -> 4": -0.0, "1 -> 9": -0.0, "1 -> 5": -0.0, "1 -> 3": -0.0, "1 -> 6": -0.0, "2 -> 3": -0.0, "2 -> 4": -0.0, "2 -> 7": -0.0, "2 -> 9": -0.0, "2 -> 8": 0.0, "2 -> 10": -0.0, "2 -> 1": -0.0, "2 -> 5": -0.0, "2 -> 6": -0.0, "3 -> 4": 0.0, "3 -> 2": 1.0, "3 -> 1": 1.0, "3 -> 7": -0.0, "3 -> 10": -0.0, "3 -> 9": 1.0, "3 -> 8": 0.0, "4 -> 5": 1.0, "4 -> 3": 1.0, "4 -> 10": -0.0, "4 -> 8": -0.0, "4 -> 7": -0.0, "4 -> 2": -0.0, "4 -> 6": -0.0, "4 -> 1": -0.0, "4 -> 9": -0.0, "5 -> 6": 1.0, "5 -> 2": -0.0, "5 -> 8": -0.0, "5 -> 3": 1.0000000000000002, "5 -> 10": -0.0, "5 -> 1": -0.0, "6 -> 7": 1.0, "6 -> 10": -0.0, "6 -> 8": -0.0, "6 -> 1": 1.0, "6 -> 3": 0.0, "6 -> 5": -0.0, "6 -> 4": 1.0, "7 -> 8": 1.0, "7 -> 1": -0.0, "7 -> 9": -0.0, "7 -> 2": 1.0, "7 -> 3": -0.0, "7 -> 10": -0.0, "7 -> 5": -0.0, "7 -> 4": -0.0, "7 -> 6": -0.0, "8 -> 9": 1.0, "8 -> 3": 0.0, "8 -> 7": -0.0, "8 -> 2": 0.0, "8 -> 6": -0.0, "8 -> 4": -0.0, "8 -> 5": 1.0, "8 -> 1": 1.0, "8 -> 10": -0.0, "9 -> 10": 0.0, "9 -> 6": 1.0, "9 -> 2": -0.0, "9 -> 7": -0.0, "9 -> 3": -0.0, "9 -> 8": 0.0, "9 -> 5": -0.0, "9 -> 4": 1.0, "10 -> 1": -0.0, "10 -> 6": 0.0, "10 -> 4": -0.0, "10 -> 9": 1.0, "10 -> 7": -0.0, "10 -> 5": -0.0, "10 -> 8": -0.0, "10 -> 2": -0.0, "10 -> 3": 1.0000000000000027}, "decision_costs": {"1 -> 2": 6010.0, "1 -> 10": 2464.0, "1 -> 8": 3786.0, "1 -> 7": 3726.0, "1 -> 4": 2464.0, "1 -> 9": 4147.0, "1 -> 5": 4207.0, "1 -> 3": 5169.0, "1 -> 6": 782.0, "2 -> 3": 6010.0, "2 -> 4": 4447.0, "2 -> 7": 3426.0, "2 -> 9": 1803.0, "2 -> 8": 3666.0, "2 -> 10": 5169.0, "2 -> 1": 5529.0, "2 -> 5": 4207.0, "2 -> 6": 1563.0, "3 -> 4": 6010.0, "3 -> 2": 5589.0, "3 -> 1": 1443.0, "3 -> 7": 2404.0, "3 -> 10": 5229.0, "3 -> 9": 722.0, "3 -> 8": 4027.0, "4 -> 5": 6010.0, "4 -> 3": 1082.0, "4 -> 10": 3246.0, "4 -> 8": 2945.0, "4 -> 7": 5409.0, "4 -> 2": 4327.0, "4 -> 6": 4808.0, "4 -> 1": 3606.0, "4 -> 9": 5349.0, "5 -> 6": 6010.0, "5 -> 2": 1262.0, "5 -> 8": 5409.0, "5 -> 3": 5289.0, "5 -> 10": 5830.0, "5 -> 1": 5108.0, "6 -> 7": 6010.0, "6 -> 10": 3065.0, "6 -> 8": 3967.0, "6 -> 1": 902.0, "6 -> 3": 1743.0, "6 -> 5": 3666.0, "6 -> 4": 1743.0, "7 -> 8": 6010.0, "7 -> 1": 2885.0, "7 -> 9": 5770.0, "7 -> 2": 902.0, "7 -> 3": 3606.0, "7 -> 10": 902.0, "7 -> 5": 842.0, "7 -> 4": 4988.0, "7 -> 6": 2705.0, "8 -> 9": 6010.0, "8 -> 3": 3426.0, "8 -> 7": 3606.0, "8 -> 2": 2585.0, "8 -> 6": 3426.0, "8 -> 4": 2284.0, "8 -> 5": 2885.0, "8 -> 1": 2464.0, "8 -> 10": 3125.0, "9 -> 10": 6010.0, "9 -> 6": 3005.0, "9 -> 2": 4928.0, "9 -> 7": 2164.0, "9 -> 3": 4087.0, "9 -> 8": 4207.0, "9 -> 5": 3546.0, "9 -> 4": 962.0, "10 -> 1": 6010.0, "10 -> 6": 3786.0, "10 -> 4": 5409.0, "10 -> 9": 1984.0, "10 -> 7": 4207.0, "10 -> 5": 4327.0, "10 -> 8": 1082.0, "10 -> 2": 4447.0, "10 -> 3": 3065.0}, "bounds": [-1e+100, 0.0, 22475.0, 22475.0, 22475.0, 30274.0, 30274.0, 32911.0, 32911.0, 40982.0, 41886.0, 41886.0, 41886.0, 42501.0, 42931.0, 42931.0, 42931.0, 42931.0, 43123.02, 43180.0, 43261.0, 43261.0, 43261.0, 43550.0, 43550.0, 43550.0, 43550.0, 43550.0, 43550.0, 43550.0, 43550.0, 43550.0, 43550.0, 43550.0, 43550.0, 43550.0, 44648.0, 44648.0, 44648.0, 44648.0, 45105.03, 45105.03, 48362.0, 48362.0, 48362.0, 48362.0, 48362.0, 48362.0, 51717.0, 52547.0, 52547.0, 52554.0, 52554.0, 52554.0, 52554.0, 52554.0, 52554.0, 54736.0, 54736.0, 56102.0, 56102.0, 56102.0, 58093.0, 58093.0, 58093.0, 58093.0, 59847.0, 59847.0], "objectives": [106797.0, 302432.0, 65272.0, 230129.0, 234095.0, 98149.0, 96587.0, 87992.0, 96046.0, 86128.0, 94002.0, 83604.0, 91657.0, 92440.0, 76393.0, 94002.0, 87812.0, 90276.0, 85048.0, 79938.0, 78914.0, 77835.0, 59141.0, 61066.0, 69541.0, 70381.0, 61002.0, 67136.0, 72005.0, 78493.0, 72665.0, 66114.0, 66355.0, 71344.0, 67313.0, 67493.0, 65213.0, 64613.0, 66416.0, 67315.0, 65452.0, 67138.0, 63591.0, 67078.0, 63109.0, 67313.0, 66775.0, 61965.0, 66413.0, 66774.0, 66716.0, 66593.0, 62986.0, 62565.0, 66175.0, 63827.0, 62448.0, 63647.0, 63531.0, 63409.0, 63590.0, 62927.0, 62809.0, 61727.0, 62690.0, 62087.0, 61968.0, 61728.0], "run_times": [0.0, 0.16, 0.15, 0.17, 0.1, 0.07, 0.09, 0.1, 0.09, 4.14, 4.98, 4.08, 3.93, 4.36, 4.06, 4.41, 4.75, 3.3, 4.29, 4.62, 4.7, 19.52, 6.83, 6.38, 4.62, 3.7, 0.22, 0.15, 0.84, 5.54, 15.01, 3.61, 5.87, 7.29, 5.9, 7.55, 4.13, 6.85, 6.0, 8.3, 7.54, 6.52, 10.0, 3.96, 2.75, 20.5, 0.83, 1.14, 16.52, 6.07, 2.69, 3.4, 13.92, 2.63, 5.5, 20.2, 8.74, 13.38, 3.74, 6.63, 4.27, 6.28, 5.77, 3.76, 2.07, 4.83, 4.85, 3.88], "is_optimal": true}
