{"decisions": {"1 -> 2": -0.0, "1 -> 7": -0.0, "1 -> 4": -0.0, "1 -> 8": -0.0, "1 -> 3": -0.0, "1 -> 10": -0.0, "1 -> 9": -0.0, "2 -> 3": -0.0, "2 -> 8": -0.0, "2 -> 4": -0.0, "2 -> 5": 1.0, "2 -> 10": -0.0, "3 -> 4": -0.0, "3 -> 7": -0.0, "3 -> 1": 2.220446049250313e-16, "3 -> 10": -0.0, "3 -> 6": -0.0, "4 -> 5": -0.0, "4 -> 7": -0.0, "4 -> 2": 1.0, "4 -> 10": -0.0, "4 -> 6": -0.0, "4 -> 9": -0.0, "4 -> 3": -0.0, "4 -> 8": -0.0, "5 -> 6": -0.0, "5 -> 1": -0.0, "5 -> 4": -0.0, "5 -> 9": -0.0, "5 -> 7": -0.0, "6 -> 7": -0.0, "6 -> 5": -0.0, "6 -> 10": -0.0, "6 -> 1": -0.0, "6 -> 8": -0.0, "6 -> 9": -0.0, "7 -> 8": -0.0, "7 -> 10": -0.0, "7 -> 2": -0.0, "7 -> 6": -0.0, "7 -> 3": -0.0, "7 -> 4": -0.0, "8 -> 9": -0.0, "8 -> 5": 1.1102230246251565e-16, "8 -> 6": -0.0, "8 -> 7": -0.0, "8 -> 1": -0.0, "9 -> 10": -0.0, "9 -> 6": -0.0, "9 -> 7": -0.0, "9 -> 1": -0.0, "9 -> 2": -0.0, "9 -> 8": -0.0, "10 -> 1": -0.0, "10 -> 4": 1.0, "10 -> 9": -0.0, "10 -> 5": 1.0000000000000002, "10 -> 7": -0.0, "10 -> 8": -0.0, "10 -> 2": 1.0}, "decision_costs": {"1 -> 2": 14338.0, "1 -> 7": 13191.0, "1 -> 4": 10897.0, "1 -> 8": 11041.0, "1 -> 3": 5162.0, "1 -> 10": 13478.0, "1 -> 9": 10324.0, "2 -> 3": 14338.0, "2 -> 8": 2725.0, "2 -> 4": 13478.0, "2 -> 5": 12474.0, "2 -> 10": 9894.0, "3 -> 4": 14338.0, "3 -> 7": 5019.0, "3 -> 1": 1578.0, "3 -> 10": 3155.0, "3 -> 6": 12044.0, "4 -> 5": 14338.0, "4 -> 7": 10037.0, "4 -> 2": 1434.0, "4 -> 10": 5879.0, "4 -> 6": 6739.0, "4 -> 9": 12905.0, "4 -> 3": 14195.0, "4 -> 8": 10467.0, "5 -> 6": 14338.0, "5 -> 1": 12905.0, "5 -> 4": 7456.0, "5 -> 9": 3728.0, "5 -> 7": 9320.0, "6 -> 7": 14338.0, "6 -> 5": 9464.0, "6 -> 10": 6022.0, "6 -> 1": 4875.0, "6 -> 8": 5449.0, "6 -> 9": 10754.0, "7 -> 8": 14338.0, "7 -> 10": 4589.0, "7 -> 2": 5592.0, "7 -> 6": 10324.0, "7 -> 3": 3442.0, "7 -> 4": 11901.0, "8 -> 9": 14338.0, "8 -> 5": 8316.0, "8 -> 6": 2295.0, "8 -> 7": 10611.0, "8 -> 1": 10180.0, "9 -> 10": 14338.0, "9 -> 6": 7313.0, "9 -> 7": 10324.0, "9 -> 1": 1864.0, "9 -> 2": 6596.0, "9 -> 8": 11471.0, "10 -> 1": 14338.0, "10 -> 4": 4158.0, "10 -> 9": 1721.0, "10 -> 5": 4589.0, "10 -> 7": 4302.0, "10 -> 8": 5162.0, "10 -> 2": 8173.0}, "bounds": [-1e+100, -1e+100, -1e+100, 0.0, 16513.0, 16513.0, 16513.0, 16513.0, 16513.0, 18169.0, 18169.0, 18252.0, 18252.0, 18252.0, 18252.0, 18252.0, 18252.0, 18252.0, 20495.0, 24764.0, 24764.0, 25230.0, 25450.0, 25498.0, 25498.0, 25831.0, 25831.0, 25831.0, 25831.0, 25831.0, 26555.0, 28283.0, 29458.0], "objectives": [31115.0, 31115.0, 32118.0, 33265.0, 29252.0, 32262.0, 30686.0, 33410.0, 30255.0, 22514.0, 37425.0, 38714.0, 36563.0, 28247.0, 31974.0, 28964.0, 30398.0, 31547.0, 30111.0, 28677.0, 28533.0, 31544.0, 28820.0, 30255.0, 29680.0, 31547.0, 31689.0, 31544.0, 30399.0, 30401.0, 30973.0, 29827.0, 30828.0], "run_times": [0.0, 0.03, 0.02, 0.02, 0.02, 0.02, 0.03, 0.02, 0.02, 0.02, 0.02, 0.03, 0.02, 0.01, 0.02, 0.02, 0.02, 0.02, 1.79, 0.82, 0.77, 0.81, 0.6, 0.79, 1.03, 0.77, 0.6, 0.67, 0.64, 0.59, 0.81, 0.69, 0.81], "is_optimal": true}
