{"decisions": {"1 -> 2": -0.0, "1 -> 7": -0.0, "1 -> 8": -0.0, "1 -> 10": -0.0, "1 -> 6": -0.0, "1 -> 4": -0.0, "1 -> 9": -0.0, "1 -> 3": -0.0, "2 -> 3": -0.0, "2 -> 9": -0.0, "2 -> 7": -0.0, "2 -> 4": 1.0, "2 -> 10": -0.0, "2 -> 5": -0.0, "2 -> 6": -0.0, "2 -> 8": -0.0, "3 -> 4": -0.0, "3 -> 1": -0.0, "3 -> 5": -0.0, "3 -> 10": -0.0, "3 -> 7": -0.0, "3 -> 2": -0.0, "3 -> 9": -0.0, "3 -> 8": -0.0, "3 -> 6": -0.0, "4 -> 5": -0.0, "4 -> 7": -0.0, "4 -> 10": -0.0, "4 -> 3": -0.0, "4 -> 6": 1.0, "4 -> 8": -0.0, "4 -> 2": -0.0, "4 -> 9": -0.0, "4 -> 1": -0.0, "5 -> 6": -0.0, "5 -> 4": -0.0, "5 -> 7": -0.0, "5 -> 1": -0.0, "5 -> 8": -0.0, "5 -> 9": -0.0, "5 -> 2": 1.0, "5 -> 3": -0.0, "6 -> 7": -0.0, "6 -> 4": -0.0, "6 -> 2": -0.0, "6 -> 3": -0.0, "6 -> 9": -0.0, "6 -> 1": -0.0, "6 -> 5": -0.0, "6 -> 8": -0.0, "7 -> 8": -0.0, "7 -> 1": -0.0, "7 -> 5": -0.0, "7 -> 6": 1.3660947373317356e-17, "7 -> 9": -0.0, "7 -> 3": -0.0, "7 -> 2": -0.0, "7 -> 4": -0.0, "7 -> 10": -0.0, "8 -> 9": -0.0, "8 -> 7": -0.0, "8 -> 2": -0.0, "8 -> 4": -0.0, "8 -> 5": -0.0, "8 -> 10": -0.0, "8 -> 1": -0.0, "9 -> 10": -0.0, "9 -> 6": -0.0, "9 -> 4": -0.0, "9 -> 2": -0.0, "9 -> 3": -0.0, "9 -> 1": -0.0, "9 -> 5": -0.0, "9 -> 7": -0.0, "10 -> 1": 1.87040460159979e-15, "10 -> 6": 1.0, "10 -> 5": 1.0, "10 -> 9": -0.0, "10 -> 8": -0.0, "10 -> 3": -0.0, "10 -> 2": -0.0, "10 -> 4": -0.0, "10 -> 7": -0.0}, "decision_costs": {"1 -> 2": 25235.0, "1 -> 7": 11861.0, "1 -> 8": 17665.0, "1 -> 10": 20188.0, "1 -> 6": 12113.0, "1 -> 4": 24730.0, "1 -> 9": 15898.0, "1 -> 3": 20440.0, "2 -> 3": 25235.0, "2 -> 9": 3533.0, "2 -> 7": 21450.0, "2 -> 4": 8328.0, "2 -> 10": 9842.0, "2 -> 5": 19936.0, "2 -> 6": 14132.0, "2 -> 8": 22712.0, "3 -> 4": 25235.0, "3 -> 1": 13122.0, "3 -> 5": 20693.0, "3 -> 10": 19683.0, "3 -> 7": 12618.0, "3 -> 2": 13122.0, "3 -> 9": 23216.0, "3 -> 8": 13375.0, "3 -> 6": 18926.0, "4 -> 5": 25235.0, "4 -> 7": 20188.0, "4 -> 10": 22207.0, "4 -> 3": 12113.0, "4 -> 6": 5300.0, "4 -> 8": 15646.0, "4 -> 2": 23973.0, "4 -> 9": 5047.0, "4 -> 1": 5552.0, "5 -> 6": 25235.0, "5 -> 4": 7319.0, "5 -> 7": 9337.0, "5 -> 1": 13122.0, "5 -> 8": 5047.0, "5 -> 9": 9590.0, "5 -> 2": 9085.0, "5 -> 3": 24478.0, "6 -> 7": 25235.0, "6 -> 4": 5552.0, "6 -> 2": 4038.0, "6 -> 3": 24226.0, "6 -> 9": 21198.0, "6 -> 1": 10851.0, "6 -> 5": 2524.0, "6 -> 8": 20945.0, "7 -> 8": 25235.0, "7 -> 1": 24983.0, "7 -> 5": 13375.0, "7 -> 6": 11104.0, "7 -> 9": 12870.0, "7 -> 3": 4290.0, "7 -> 2": 17412.0, "7 -> 4": 22459.0, "7 -> 10": 23216.0, "8 -> 9": 25235.0, "8 -> 7": 16151.0, "8 -> 2": 10851.0, "8 -> 4": 21955.0, "8 -> 5": 15898.0, "8 -> 10": 13375.0, "8 -> 1": 13375.0, "9 -> 10": 25235.0, "9 -> 6": 11356.0, "9 -> 4": 5804.0, "9 -> 2": 20440.0, "9 -> 3": 4543.0, "9 -> 1": 16403.0, "9 -> 5": 9842.0, "9 -> 7": 6309.0, "10 -> 1": 25235.0, "10 -> 6": 16908.0, "10 -> 5": 13880.0, "10 -> 9": 24983.0, "10 -> 8": 4290.0, "10 -> 3": 23721.0, "10 -> 2": 18674.0, "10 -> 4": 14132.0, "10 -> 7": 14889.0}, "bounds": [-1e+100, 3076.0, 4966.0, 12565.0, 15861.0, 26692.0, 27333.0, 27333.0, 27493.0, 27493.0, 27629.0, 27823.0, 27823.0, 27823.0, 27823.0, 27823.0, 28124.0, 28124.0, 28124.0, 28376.0, 28445.0, 28445.0, 28445.0, 28445.0, 28645.0, 28645.0, 28645.0, 28645.0, 28673.0, 28673.0, 28673.0, 28673.0, 28673.0, 28675.0, 28675.0, 28675.0, 28987.0, 28987.0, 28987.0, 28987.0, 28987.0, 28987.0, 28987.0, 28987.0, 28987.0, 28987.0, 28987.0, 28987.0, 28987.0, 28987.0, 29000.0, 29000.0, 29000.0, 29000.0, 29000.0, 29000.0, 30360.0, 30360.0, 30360.0, 30360.0, 30360.0, 30360.0, 33473.0, 34095.0, 34095.0, 34100.0, 34100.0, 34100.0, 34100.0, 34100.0, 34100.0, 34100.0, 34100.0, 34100.0, 34100.0, 34609.0, 34609.0, 34609.0, 34648.0, 35320.0, 42387.0, 42387.0, 42986.0, 43705.0, 43706.0, 43707.02, 43708.0, 43711.0, 43711.0, 44130.0, 44807.0, 45856.0, 46283.0, 46496.0, 46939.0, 47046.0, 47062.0, 47452.0, 47852.0, 47898.0, 47950.0, 47950.0, 49058.0, 49217.0, 49371.0, 49637.0, 51775.05], "objectives": [56023.0, 55013.0, 43912.0, 39621.0, 54256.0, 41639.0, 54510.0, 48959.0, 55772.0, 49464.0, 44919.0, 50221.0, 43658.0, 49966.0, 48959.0, 43153.0, 51228.0, 43405.0, 48959.0, 50473.0, 53500.0, 54004.0, 52490.0, 52490.0, 55014.0, 54509.0, 52238.0, 54761.0, 53247.0, 52237.0, 54256.0, 55772.0, 55771.0, 52995.0, 51229.0, 53499.0, 52744.0, 55014.0, 52742.0, 50976.0, 55013.0, 53247.0, 44667.0, 47697.0, 55266.0, 52490.0, 52237.0, 47697.0, 44162.0, 53499.0, 55266.0, 55268.0, 54258.0, 55014.0, 51734.0, 53753.0, 54005.0, 53501.0, 52239.0, 53249.0, 52492.0, 52995.0, 53500.0, 53249.0, 47445.0, 47950.0, 48454.0, 53249.0, 48454.0, 53247.0, 49966.0, 51733.0, 52490.0, 49966.0, 50976.0, 53247.0, 51228.0, 52237.0, 50978.0, 51985.0, 51228.0, 53499.0, 51733.0, 51987.0, 52744.0, 52744.0, 52744.0, 52997.0, 51987.0, 52744.0, 51230.0, 51987.0, 52490.0, 52490.0, 52997.0, 52744.0, 52744.0, 51733.0, 52744.0, 52744.0, 52997.0, 52744.0, 53249.0, 53249.0, 50976.0, 51230.0, 52744.0], "run_times": [0.0, 0.53, 0.29, 1.82, 7.3, 5.48, 5.25, 5.11, 5.22, 5.5, 5.72, 5.22, 6.22, 5.5, 5.06, 4.83, 2.48, 0.19, 0.73, 5.53, 6.1, 6.24, 5.41, 5.03, 4.98, 4.82, 3.24, 0.17, 0.68, 4.95, 4.95, 5.15, 3.5, 7.26, 6.76, 5.05, 5.98, 6.15, 5.7, 5.02, 4.95, 5.7, 6.08, 5.19, 5.7, 4.89, 0.19, 0.21, 0.19, 0.75, 5.9, 4.91, 6.82, 6.09, 2.19, 6.5, 8.65, 5.88, 5.14, 7.86, 5.26, 4.99, 8.86, 6.81, 27.3, 1.21, 0.69, 0.3, 0.26, 0.16, 0.97, 5.69, 4.7, 5.98, 6.19, 8.64, 6.01, 4.89, 6.21, 5.4, 8.49, 5.02, 6.61, 8.17, 5.04, 7.05, 4.82, 4.88, 5.0, 4.51, 7.46, 10.08, 13.36, 7.09, 7.1, 5.09, 4.75, 4.59, 5.91, 5.01, 7.01, 4.74, 7.56, 4.94, 4.63, 4.99, 10.38], "is_optimal": true}
