{"decisions": {"1 -> 2": 0.0, "1 -> 10": -0.0, "1 -> 8": -0.0, "1 -> 7": -0.0, "1 -> 4": -0.0, "1 -> 9": -0.0, "1 -> 5": -0.0, "1 -> 3": -0.0, "1 -> 6": 0.0, "2 -> 3": 0.0, "2 -> 4": -0.0, "2 -> 7": -0.0, "2 -> 9": -0.0, "2 -> 8": -0.0, "2 -> 10": -0.0, "3 -> 4": 0.0, "3 -> 2": -0.0, "3 -> 1": -0.0, "3 -> 7": -0.0, "3 -> 10": -0.0, "3 -> 9": -0.0, "4 -> 5": -0.0, "4 -> 3": -0.0, "4 -> 10": -0.0, "4 -> 8": -0.0, "4 -> 7": -0.0, "4 -> 2": -0.0, "4 -> 6": 0.0, "5 -> 6": 0.0, "5 -> 2": -0.0, "5 -> 8": -0.0, "5 -> 3": -0.0, "5 -> 10": -0.0, "6 -> 7": -0.0, "6 -> 10": -0.0, "6 -> 8": -0.0, "6 -> 1": -0.0, "6 -> 3": -0.0, "7 -> 8": 0.0, "7 -> 1": -0.0, "7 -> 9": -0.0, "7 -> 2": -0.0, "7 -> 3": -0.0, "8 -> 9": -0.0, "8 -> 3": -0.0, "8 -> 7": -0.0, "8 -> 2": -0.0, "8 -> 6": 0.0, "8 -> 4": -0.0, "8 -> 5": -0.0, "8 -> 1": -0.0, "9 -> 10": -0.0, "9 -> 6": 0.9999999999999981, "9 -> 2": -0.0, "9 -> 7": -0.0, "9 -> 3": -0.0, "10 -> 1": 0.0, "10 -> 6": 1.000000000000001, "10 -> 4": -0.0, "10 -> 9": 1.0}, "decision_costs": {"1 -> 2": 6005.0, "1 -> 10": 2462.0, "1 -> 8": 3783.0, "1 -> 7": 3723.0, "1 -> 4": 2462.0, "1 -> 9": 4144.0, "1 -> 5": 4204.0, "1 -> 3": 5164.0, "1 -> 6": 781.0, "2 -> 3": 6005.0, "2 -> 4": 4444.0, "2 -> 7": 3423.0, "2 -> 9": 1802.0, "2 -> 8": 3663.0, "2 -> 10": 5164.0, "3 -> 4": 6005.0, "3 -> 2": 5585.0, "3 -> 1": 1442.0, "3 -> 7": 2402.0, "3 -> 10": 5225.0, "3 -> 9": 721.0, "4 -> 5": 6005.0, "4 -> 3": 1081.0, "4 -> 10": 3243.0, "4 -> 8": 2943.0, "4 -> 7": 5405.0, "4 -> 2": 4324.0, "4 -> 6": 4804.0, "5 -> 6": 6005.0, "5 -> 2": 1261.0, "5 -> 8": 5405.0, "5 -> 3": 5285.0, "5 -> 10": 5825.0, "6 -> 7": 6005.0, "6 -> 10": 3063.0, "6 -> 8": 3964.0, "6 -> 1": 901.0, "6 -> 3": 1742.0, "7 -> 8": 6005.0, "7 -> 1": 2883.0, "7 -> 9": 5765.0, "7 -> 2": 901.0, "7 -> 3": 3603.0, "8 -> 9": 6005.0, "8 -> 3": 3423.0, "8 -> 7": 3603.0, "8 -> 2": 2582.0, "8 -> 6": 3423.0, "8 -> 4": 2282.0, "8 -> 5": 2883.0, "8 -> 1": 2462.0, "9 -> 10": 6005.0, "9 -> 6": 3003.0, "9 -> 2": 4924.0, "9 -> 7": 2162.0, "9 -> 3": 4084.0, "10 -> 1": 6005.0, "10 -> 6": 3783.0, "10 -> 4": 5405.0, "10 -> 9": 1982.0}, "bounds": [-1e+100, 0.0, 4813.0, 4813.0, 6158.0, 6968.0, 6968.0, 6968.0, 7553.0, 7553.0, 7553.0, 8768.0], "objectives": [19997.0, 185444.0, 11771.0, 172652.0, 17776.0, 52665.0, 13572.0, 51464.0, 29727.0, 15915.0, 29006.0, 8768.0], "run_times": [0.0, 0.04, 0.03, 0.03, 0.06, 0.02, 0.02, 0.02, 0.03, 0.06, 0.02, 0.02], "is_optimal": true}
