{"decisions": {"1 -> 2": 1.0, "1 -> 10": -0.0, "1 -> 8": -0.0, "1 -> 7": -0.0, "1 -> 4": 0.0, "1 -> 9": -0.0, "1 -> 5": -0.0, "1 -> 3": -0.0, "1 -> 6": 3.275157922644212e-14, "2 -> 3": 1.0, "2 -> 4": -0.0, "2 -> 7": -0.0, "2 -> 9": 0.0, "2 -> 8": -0.0, "2 -> 10": -0.0, "3 -> 4": 1.0, "3 -> 2": -0.0, "3 -> 1": -0.0, "3 -> 7": -0.0, "3 -> 10": -0.0, "3 -> 9": -0.0, "4 -> 5": 1.0, "4 -> 3": -0.0, "4 -> 10": -0.0, "4 -> 8": -0.0, "4 -> 7": -0.0, "4 -> 2": -0.0, "4 -> 6": 0.0, "5 -> 6": 1.0, "5 -> 2": -0.0, "5 -> 8": -0.0, "5 -> 3": -0.0, "5 -> 10": -0.0, "6 -> 7": 1.0, "6 -> 10": -0.0, "6 -> 8": -0.0, "6 -> 1": 0.0, "6 -> 3": -0.0, "7 -> 8": 0.9999999999999998, "7 -> 1": 0.0, "7 -> 9": 0.0, "7 -> 2": -0.0, "7 -> 3": -0.0, "8 -> 9": 1.0, "8 -> 3": -0.0, "8 -> 7": -0.0, "8 -> 2": -0.0, "8 -> 6": -0.0, "8 -> 4": -0.0, "8 -> 5": -0.0, "8 -> 1": -0.0, "9 -> 10": 1.0, "9 -> 6": 1.0, "9 -> 2": -0.0, "9 -> 7": 1.0, "9 -> 3": -0.0, "10 -> 1": 1.0, "10 -> 6": -0.0, "10 -> 4": 0.0, "10 -> 9": -0.0}, "decision_costs": {"1 -> 2": 6005.0, "1 -> 10": 2462.0, "1 -> 8": 3783.0, "1 -> 7": 3723.0, "1 -> 4": 2462.0, "1 -> 9": 4144.0, "1 -> 5": 4204.0, "1 -> 3": 5164.0, "1 -> 6": 781.0, "2 -> 3": 6005.0, "2 -> 4": 4444.0, "2 -> 7": 3423.0, "2 -> 9": 1802.0, "2 -> 8": 3663.0, "2 -> 10": 5164.0, "3 -> 4": 6005.0, "3 -> 2": 5585.0, "3 -> 1": 1442.0, "3 -> 7": 2402.0, "3 -> 10": 5225.0, "3 -> 9": 721.0, "4 -> 5": 6005.0, "4 -> 3": 1081.0, "4 -> 10": 3243.0, "4 -> 8": 2943.0, "4 -> 7": 5405.0, "4 -> 2": 4324.0, "4 -> 6": 4804.0, "5 -> 6": 6005.0, "5 -> 2": 1261.0, "5 -> 8": 5405.0, "5 -> 3": 5285.0, "5 -> 10": 5825.0, "6 -> 7": 6005.0, "6 -> 10": 3063.0, "6 -> 8": 3964.0, "6 -> 1": 901.0, "6 -> 3": 1742.0, "7 -> 8": 6005.0, "7 -> 1": 2883.0, "7 -> 9": 5765.0, "7 -> 2": 901.0, "7 -> 3": 3603.0, "8 -> 9": 6005.0, "8 -> 3": 3423.0, "8 -> 7": 3603.0, "8 -> 2": 2582.0, "8 -> 6": 3423.0, "8 -> 4": 2282.0, "8 -> 5": 2883.0, "8 -> 1": 2462.0, "9 -> 10": 6005.0, "9 -> 6": 3003.0, "9 -> 2": 4924.0, "9 -> 7": 2162.0, "9 -> 3": 4084.0, "10 -> 1": 6005.0, "10 -> 6": 3783.0, "10 -> 4": 5405.0, "10 -> 9": 1982.0}, "bounds": [-1e+100, -1e+100, -1e+100, -1e+100, 0.0, 15772.0, 15772.0, 15772.0, 35946.0, 35946.0, 42453.0, 48039.0, 52492.0, 52492.0, 54168.0, 54168.0, 56169.0, 57895.0, 59115.0, 60225.0, 60489.0, 60489.0, 60788.0, 60843.0, 60843.0, 60843.0, 60843.0, 61438.0, 61438.0, 61438.0, 64332.01], "objectives": [0.0, 0.0, 0.0, 0.0, 0.0, 20538.0, 36994.0, 52788.0, 56329.0, 46841.0, 60051.0, 50923.0, 59211.0, 67979.0, 63895.0, 75427.0, 65397.0, 60050.0, 70200.0, 62933.0, 65936.0, 65635.0, 63715.0, 65935.0, 65635.0, 65635.0, 65095.0, 64736.0, 65515.0, 65215.0, 65095.0], "run_times": [0.0, 0.03, 0.02, 0.03, 0.02, 0.02, 0.02, 0.04, 0.03, 0.03, 0.04, 0.04, 0.04, 0.03, 0.03, 0.04, 0.06, 2.01, 1.39, 1.01, 1.09, 0.59, 0.65, 0.97, 0.87, 0.65, 0.5, 0.75, 0.81, 0.73, 0.69], "is_optimal": true}
