{"decisions": {"1 -> 2": 0.9999999999999992, "1 -> 7": -0.0, "1 -> 8": -0.0, "1 -> 10": -0.0, "1 -> 6": -0.0, "2 -> 3": 1.0, "2 -> 9": -0.0, "3 -> 4": 1.0, "3 -> 1": 0.0, "3 -> 5": -0.0, "3 -> 10": -0.0, "3 -> 7": -0.0, "3 -> 2": -0.0, "3 -> 9": -0.0, "3 -> 8": -0.0, "3 -> 6": -0.0, "4 -> 5": 1.0, "4 -> 7": -0.0, "4 -> 10": -0.0, "4 -> 3": -0.0, "4 -> 6": -0.0, "4 -> 8": -0.0, "5 -> 6": 1.0, "5 -> 4": -0.0, "5 -> 7": -0.0, "5 -> 1": -0.0, "5 -> 8": -0.0, "6 -> 7": 1.0, "6 -> 4": -0.0, "6 -> 2": -0.0, "6 -> 3": -0.0, "6 -> 9": -0.0, "6 -> 1": -0.0, "7 -> 8": 0.9999999999999971, "7 -> 1": -0.0, "7 -> 5": -0.0, "7 -> 6": -0.0, "7 -> 9": 1.3433698597964394e-14, "7 -> 3": -0.0, "7 -> 2": -0.0, "7 -> 4": -0.0, "8 -> 9": 0.9999999999999949, "8 -> 7": -0.0, "8 -> 2": -0.0, "8 -> 4": -0.0, "8 -> 5": -0.0, "8 -> 10": -0.0, "9 -> 10": 1.0, "9 -> 6": -0.0, "9 -> 4": -0.0, "9 -> 2": -0.0, "9 -> 3": -0.0, "10 -> 1": 1.0000000000000004, "10 -> 6": -0.0, "10 -> 5": -0.0, "10 -> 9": -0.0, "10 -> 8": -0.0, "10 -> 3": -0.0, "10 -> 2": -0.0, "10 -> 4": -0.0}, "decision_costs": {"1 -> 2": 2567.0, "1 -> 7": 1207.0, "1 -> 8": 1797.0, "1 -> 10": 2054.0, "1 -> 6": 1233.0, "2 -> 3": 2567.0, "2 -> 9": 360.0, "3 -> 4": 2567.0, "3 -> 1": 1335.0, "3 -> 5": 2105.0, "3 -> 10": 2003.0, "3 -> 7": 1284.0, "3 -> 2": 1335.0, "3 -> 9": 2362.0, "3 -> 8": 1361.0, "3 -> 6": 1926.0, "4 -> 5": 2567.0, "4 -> 7": 2054.0, "4 -> 10": 2259.0, "4 -> 3": 1233.0, "4 -> 6": 540.0, "4 -> 8": 1592.0, "5 -> 6": 2567.0, "5 -> 4": 745.0, "5 -> 7": 950.0, "5 -> 1": 1335.0, "5 -> 8": 514.0, "6 -> 7": 2567.0, "6 -> 4": 565.0, "6 -> 2": 411.0, "6 -> 3": 2465.0, "6 -> 9": 2157.0, "6 -> 1": 1104.0, "7 -> 8": 2567.0, "7 -> 1": 2542.0, "7 -> 5": 1361.0, "7 -> 6": 1130.0, "7 -> 9": 1310.0, "7 -> 3": 437.0, "7 -> 2": 1772.0, "7 -> 4": 2285.0, "8 -> 9": 2567.0, "8 -> 7": 1643.0, "8 -> 2": 1104.0, "8 -> 4": 2234.0, "8 -> 5": 1618.0, "8 -> 10": 1361.0, "9 -> 10": 2567.0, "9 -> 6": 1156.0, "9 -> 4": 591.0, "9 -> 2": 2080.0, "9 -> 3": 463.0, "10 -> 1": 2567.0, "10 -> 6": 1720.0, "10 -> 5": 1412.0, "10 -> 9": 2542.0, "10 -> 8": 437.0, "10 -> 3": 2413.0, "10 -> 2": 1900.0, "10 -> 4": 1438.0}, "bounds": [-1e+100, -1e+100, -1e+100, -1e+100, 0.0, 7458.0, 7458.0, 7458.0, 17420.0, 19335.0, 19335.0, 19536.0, 19536.0, 19536.0, 19536.0, 19600.0], "objectives": [0.0, 0.0, 0.0, 0.0, 0.0, 18771.0, 17796.0, 27399.0, 23157.0, 19665.0, 22232.0, 47297.0, 37534.0, 43597.0, 44007.0, 25670.0], "run_times": [0.0, 0.9, 0.82, 0.89, 0.74, 0.78, 1.03, 1.07, 1.22, 9.28, 19.96, 24.95, 19.87, 19.71, 20.16, 22.33], "is_optimal": true}
