{"decisions": {"1 -> 2": 1.0, "1 -> 7": -0.0, "1 -> 8": -0.0, "1 -> 10": -0.0, "1 -> 6": -0.0, "2 -> 3": 1.0, "2 -> 9": -0.0, "3 -> 4": 1.0, "3 -> 1": 0.0, "3 -> 5": -0.0, "3 -> 10": -0.0, "3 -> 7": -0.0, "3 -> 2": -0.0, "3 -> 9": -0.0, "3 -> 8": -0.0, "3 -> 6": -0.0, "4 -> 5": 1.0, "4 -> 7": -0.0, "4 -> 10": -0.0, "4 -> 3": -0.0, "4 -> 6": -0.0, "4 -> 8": -0.0, "5 -> 6": 1.0, "5 -> 4": -0.0, "5 -> 7": -0.0, "5 -> 1": -0.0, "5 -> 8": -0.0, "6 -> 7": 1.0, "6 -> 4": -0.0, "6 -> 2": -0.0, "6 -> 3": -0.0, "6 -> 9": 0.0, "6 -> 1": -0.0, "7 -> 8": 1.0000000000000004, "7 -> 1": -0.0, "7 -> 5": -0.0, "7 -> 6": -0.0, "7 -> 9": -0.0, "7 -> 3": -0.0, "7 -> 2": -0.0, "7 -> 4": -0.0, "8 -> 9": 1.0, "8 -> 7": -0.0, "8 -> 2": -0.0, "8 -> 4": -0.0, "8 -> 5": -0.0, "8 -> 10": 0.0, "9 -> 10": 1.0, "9 -> 6": -0.0, "9 -> 4": 0.0, "9 -> 2": -0.0, "9 -> 3": -0.0, "10 -> 1": 1.0000000000000016, "10 -> 6": -0.0, "10 -> 5": -0.0, "10 -> 9": -0.0, "10 -> 8": -0.0, "10 -> 3": -0.0, "10 -> 2": -0.0, "10 -> 4": -0.0}, "decision_costs": {"1 -> 2": 12834.0, "1 -> 7": 6032.0, "1 -> 8": 8984.0, "1 -> 10": 10267.0, "1 -> 6": 6161.0, "2 -> 3": 12834.0, "2 -> 9": 1797.0, "3 -> 4": 12834.0, "3 -> 1": 6674.0, "3 -> 5": 10524.0, "3 -> 10": 10011.0, "3 -> 7": 6417.0, "3 -> 2": 6674.0, "3 -> 9": 11807.0, "3 -> 8": 6802.0, "3 -> 6": 9626.0, "4 -> 5": 12834.0, "4 -> 7": 10267.0, "4 -> 10": 11294.0, "4 -> 3": 6161.0, "4 -> 6": 2696.0, "4 -> 8": 7957.0, "5 -> 6": 12834.0, "5 -> 4": 3722.0, "5 -> 7": 4749.0, "5 -> 1": 6674.0, "5 -> 8": 2567.0, "6 -> 7": 12834.0, "6 -> 4": 2824.0, "6 -> 2": 2054.0, "6 -> 3": 12321.0, "6 -> 9": 10781.0, "6 -> 1": 5519.0, "7 -> 8": 12834.0, "7 -> 1": 12705.0, "7 -> 5": 6802.0, "7 -> 6": 5647.0, "7 -> 9": 6545.0, "7 -> 3": 2182.0, "7 -> 2": 8856.0, "7 -> 4": 11422.0, "8 -> 9": 12834.0, "8 -> 7": 8214.0, "8 -> 2": 5519.0, "8 -> 4": 11166.0, "8 -> 5": 8085.0, "8 -> 10": 6802.0, "9 -> 10": 12834.0, "9 -> 6": 5776.0, "9 -> 4": 2952.0, "9 -> 2": 10396.0, "9 -> 3": 2311.0, "10 -> 1": 12834.0, "10 -> 6": 8599.0, "10 -> 5": 7059.0, "10 -> 9": 12705.0, "10 -> 8": 2182.0, "10 -> 3": 12064.0, "10 -> 2": 9497.0, "10 -> 4": 7187.0}, "bounds": [-1e+100, -1e+100, -1e+100, -1e+100, 0.0, 37270.0, 37270.0, 37270.0, 87082.0, 96224.01, 96913.0, 96913.0, 96913.0], "objectives": [0.0, 0.0, 0.0, 0.0, 0.0, 93821.0, 88945.0, 136945.0, 115765.0, 98310.0, 112170.0, 119101.0, 128340.0], "run_times": [0.0, 0.91, 0.79, 0.87, 0.77, 0.77, 1.03, 1.12, 1.26, 9.21, 19.91, 20.42, 18.8], "is_optimal": true}
