{"decisions": {"1 -> 2": -0.0, "1 -> 10": -0.0, "1 -> 8": -0.0, "1 -> 7": 0.0, "1 -> 4": 0.0, "1 -> 9": -0.0, "1 -> 5": -0.0, "1 -> 3": -0.0, "1 -> 6": -0.0, "2 -> 3": 0.0, "2 -> 4": -0.0, "2 -> 7": -0.0, "2 -> 9": 0.0, "2 -> 8": -0.0, "2 -> 10": -0.0, "2 -> 1": -0.0, "2 -> 5": -0.0, "2 -> 6": -0.0, "3 -> 4": -0.0, "3 -> 2": 1.0000000000000036, "3 -> 1": 1.000000000000033, "3 -> 7": -0.0, "3 -> 10": -0.0, "3 -> 9": 1.0, "3 -> 8": -0.0, "4 -> 5": 1.0, "4 -> 3": 1.0, "4 -> 10": -5.663512042439971e-14, "4 -> 8": -0.0, "4 -> 7": -0.0, "4 -> 2": -0.0, "4 -> 6": -0.0, "4 -> 1": -0.0, "4 -> 9": -0.0, "5 -> 6": 1.0, "5 -> 2": -1.0750422022352443e-13, "5 -> 8": -0.0, "5 -> 3": 1.0, "5 -> 10": -0.0, "5 -> 1": 5.006666036787278e-15, "6 -> 7": 1.0, "6 -> 10": -0.0, "6 -> 8": -0.0, "6 -> 1": 1.0, "6 -> 3": -0.0, "6 -> 5": -0.0, "6 -> 4": 1.0000000000000273, "7 -> 8": 1.0, "7 -> 1": -0.0, "7 -> 9": -0.0, "7 -> 2": 0.9999999999999938, "7 -> 3": -0.0, "7 -> 10": -0.0, "7 -> 5": -0.0, "7 -> 4": -0.0, "7 -> 6": -0.0, "8 -> 9": 1.0, "8 -> 3": -0.0, "8 -> 7": -0.0, "8 -> 2": -1.1186828264100236e-13, "8 -> 6": -0.0, "8 -> 4": -0.0, "8 -> 5": 1.0, "8 -> 1": 0.999999999999962, "8 -> 10": 1.1186828264100237e-13, "9 -> 10": -0.0, "9 -> 6": 1.0, "9 -> 2": 1.0912038940736888e-13, "9 -> 7": -0.0, "9 -> 3": 0.0, "9 -> 8": -0.0, "9 -> 5": -0.0, "9 -> 4": 1.0, "10 -> 1": -0.0, "10 -> 6": -0.0, "10 -> 4": -0.0, "10 -> 9": 1.0, "10 -> 7": 0.0, "10 -> 5": -0.0, "10 -> 8": -0.0, "10 -> 2": -0.0, "10 -> 3": 0.9999999999999942}, "decision_costs": {"1 -> 2": 601.0, "1 -> 10": 247.0, "1 -> 8": 379.0, "1 -> 7": 373.0, "1 -> 4": 247.0, "1 -> 9": 415.0, "1 -> 5": 421.0, "1 -> 3": 517.0, "1 -> 6": 79.0, "2 -> 3": 601.0, "2 -> 4": 445.0, "2 -> 7": 343.0, "2 -> 9": 181.0, "2 -> 8": 367.0, "2 -> 10": 517.0, "2 -> 1": 553.0, "2 -> 5": 421.0, "2 -> 6": 157.0, "3 -> 4": 601.0, "3 -> 2": 559.0, "3 -> 1": 145.0, "3 -> 7": 241.0, "3 -> 10": 523.0, "3 -> 9": 73.0, "3 -> 8": 403.0, "4 -> 5": 601.0, "4 -> 3": 109.0, "4 -> 10": 325.0, "4 -> 8": 295.0, "4 -> 7": 541.0, "4 -> 2": 433.0, "4 -> 6": 481.0, "4 -> 1": 361.0, "4 -> 9": 535.0, "5 -> 6": 601.0, "5 -> 2": 127.0, "5 -> 8": 541.0, "5 -> 3": 529.0, "5 -> 10": 583.0, "5 -> 1": 511.0, "6 -> 7": 601.0, "6 -> 10": 307.0, "6 -> 8": 397.0, "6 -> 1": 91.0, "6 -> 3": 175.0, "6 -> 5": 367.0, "6 -> 4": 175.0, "7 -> 8": 601.0, "7 -> 1": 289.0, "7 -> 9": 577.0, "7 -> 2": 91.0, "7 -> 3": 361.0, "7 -> 10": 91.0, "7 -> 5": 85.0, "7 -> 4": 499.0, "7 -> 6": 271.0, "8 -> 9": 601.0, "8 -> 3": 343.0, "8 -> 7": 361.0, "8 -> 2": 259.0, "8 -> 6": 343.0, "8 -> 4": 229.0, "8 -> 5": 289.0, "8 -> 1": 247.0, "8 -> 10": 313.0, "9 -> 10": 601.0, "9 -> 6": 301.0, "9 -> 2": 493.0, "9 -> 7": 217.0, "9 -> 3": 409.0, "9 -> 8": 421.0, "9 -> 5": 355.0, "9 -> 4": 97.0, "10 -> 1": 601.0, "10 -> 6": 379.0, "10 -> 4": 541.0, "10 -> 9": 199.0, "10 -> 7": 421.0, "10 -> 5": 433.0, "10 -> 8": 109.0, "10 -> 2": 445.0, "10 -> 3": 307.0}, "bounds": [-1e+100, -1e+100, -1e+100, -1e+100, 0.0, 1660.0, 1660.0, 1660.0, 3002.0, 3002.0, 3598.0, 3834.0, 3913.0, 3913.0, 4215.0, 4231.0, 4231.0, 4231.0, 4231.0, 4231.0, 4231.0, 4231.0, 4231.0, 4231.0, 4231.0, 4275.0, 4300.0, 4300.0, 4300.0, 4300.0, 4300.0, 4300.0, 4300.0, 4300.0, 4300.0, 4300.0, 4300.0, 4300.0, 4300.0, 4300.0, 4300.0, 4300.0, 4300.0, 4300.0, 4300.0, 4300.0, 4300.0, 4300.0, 4300.0, 4300.0, 4300.0, 4300.0, 4300.0, 4300.0, 4300.0, 4300.0, 4300.0, 4300.0, 4300.0, 4409.0, 4642.0, 4642.0, 4642.0, 4642.0, 4767.0, 4767.0, 4767.0, 4767.0, 4830.0, 4830.0, 4830.0, 4830.0, 4830.0, 4830.0, 4830.0, 4830.0, 4830.0, 4830.0, 4830.0, 4887.0, 4928.0, 4968.0, 4989.0, 4989.0, 4989.0, 4989.0, 4989.0, 5020.0, 5039.0, 5039.0, 5039.0, 5039.0, 5039.0, 5104.0, 5167.0, 5170.0, 5170.0, 5259.0, 5325.0, 5406.0, 5406.0, 5471.0, 5471.0, 5471.0], "objectives": [0.0, 0.0, 0.0, 0.0, 0.0, 3046.0, 3337.0, 4644.0, 4283.0, 4374.0, 4912.0, 6260.0, 4610.0, 7062.0, 4403.0, 5010.0, 4510.0, 4908.0, 5499.0, 5819.0, 5850.0, 7042.0, 6164.0, 6415.0, 6660.0, 8017.0, 6614.0, 7849.0, 7280.0, 6537.0, 7928.0, 7253.0, 6953.0, 8049.0, 9080.0, 6502.0, 7033.0, 6298.0, 8578.0, 10711.0, 7307.0, 6677.0, 9523.0, 6428.0, 9226.0, 7204.0, 7782.0, 14047.0, 7900.0, 18740.0, 9476.0, 12078.0, 8483.0, 6649.0, 8023.0, 9676.0, 10205.0, 11775.0, 18223.0, 6946.0, 10441.0, 8840.0, 7038.0, 17850.0, 8849.0, 9864.0, 7151.0, 10495.0, 8057.0, 7432.0, 7450.0, 7541.0, 7722.0, 8447.0, 8496.0, 8574.0, 8826.0, 8862.0, 8771.0, 7455.0, 8158.0, 7069.0, 7234.0, 7415.0, 7234.0, 7378.0, 7450.0, 7102.0, 7182.0, 6949.0, 7303.0, 7051.0, 6877.0, 7394.0, 7221.0, 7021.0, 7213.0, 6297.0, 6262.0, 6217.0, 6210.0, 6206.0, 6144.0, 6212.0], "run_times": [0.0, 0.02, 0.02, 0.02, 0.02, 0.07, 0.04, 0.04, 0.04, 0.04, 0.04, 0.05, 0.07, 0.06, 2.12, 2.31, 2.32, 2.05, 1.81, 1.59, 1.65, 2.03, 2.31, 2.27, 2.16, 2.41, 1.78, 2.1, 1.77, 2.18, 1.97, 2.02, 1.43, 1.92, 1.95, 1.79, 1.58, 1.77, 1.98, 1.89, 2.26, 2.01, 1.78, 1.55, 1.5, 2.13, 1.96, 6.66, 0.28, 0.05, 0.04, 0.08, 0.03, 0.05, 0.06, 0.06, 0.06, 0.04, 0.04, 0.13, 0.18, 0.04, 0.05, 0.06, 0.19, 0.04, 0.04, 0.03, 0.19, 0.05, 0.04, 0.03, 0.02, 0.02, 0.04, 0.03, 0.02, 0.03, 0.02, 0.17, 0.19, 0.19, 0.18, 0.04, 0.04, 0.08, 0.08, 0.17, 0.49, 0.06, 0.06, 0.04, 0.03, 5.03, 0.68, 1.68, 0.9, 0.55, 2.62, 1.57, 1.14, 3.05, 1.67, 1.62], "is_optimal": true}
