{"decisions": {"1 -> 2": -0.0, "1 -> 10": 0.0, "1 -> 8": -0.0, "1 -> 7": -0.0, "1 -> 4": -0.0, "1 -> 9": -0.0, "1 -> 5": -0.0, "1 -> 3": -0.0, "1 -> 6": 4.218847493575595e-15, "2 -> 3": -0.0, "2 -> 4": -0.0, "2 -> 7": -0.0, "2 -> 9": -0.0, "2 -> 8": -0.0, "2 -> 10": -0.0, "2 -> 1": -0.0, "2 -> 5": -0.0, "2 -> 6": -0.0, "3 -> 4": -0.0, "3 -> 2": 1.0, "3 -> 1": 0.9999999999999997, "3 -> 7": 0.0, "3 -> 10": -0.0, "3 -> 9": 1.0, "3 -> 8": -0.0, "4 -> 5": 1.0, "4 -> 3": 1.0, "4 -> 10": 0.0, "4 -> 8": -0.0, "4 -> 7": -0.0, "4 -> 2": -0.0, "4 -> 6": -0.0, "4 -> 1": 0.0, "4 -> 9": -0.0, "5 -> 6": 1.0, "5 -> 2": -0.0, "5 -> 8": -0.0, "5 -> 3": 1.0, "5 -> 10": 0.0, "5 -> 1": -0.0, "6 -> 7": 1.0, "6 -> 10": 0.0, "6 -> 8": -0.0, "6 -> 1": 1.0, "6 -> 3": -0.0, "6 -> 5": -0.0, "6 -> 4": 1.0, "7 -> 8": 1.0, "7 -> 1": 0.0, "7 -> 9": -0.0, "7 -> 2": 1.000000000000014, "7 -> 3": -0.0, "7 -> 10": -0.0, "7 -> 5": -0.0, "7 -> 4": -0.0, "7 -> 6": -0.0, "8 -> 9": 1.0, "8 -> 3": 3.0531133177191805e-15, "8 -> 7": -0.0, "8 -> 2": -0.0, "8 -> 6": -0.0, "8 -> 4": -7.216449660063518e-15, "8 -> 5": 1.0, "8 -> 1": 1.0, "8 -> 10": -0.0, "9 -> 10": -0.0, "9 -> 6": 1.0, "9 -> 2": 0.0, "9 -> 7": -0.0, "9 -> 3": 0.0, "9 -> 8": -0.0, "9 -> 5": -0.0, "9 -> 4": 1.0000000000000073, "10 -> 1": -0.0, "10 -> 6": -0.0, "10 -> 4": -0.0, "10 -> 9": 1.0, "10 -> 7": -0.0, "10 -> 5": -0.0, "10 -> 8": 0.0, "10 -> 2": -0.0, "10 -> 3": 1.0}, "decision_costs": {"1 -> 2": 601.0, "1 -> 10": 247.0, "1 -> 8": 379.0, "1 -> 7": 373.0, "1 -> 4": 247.0, "1 -> 9": 415.0, "1 -> 5": 421.0, "1 -> 3": 517.0, "1 -> 6": 79.0, "2 -> 3": 601.0, "2 -> 4": 445.0, "2 -> 7": 343.0, "2 -> 9": 181.0, "2 -> 8": 367.0, "2 -> 10": 517.0, "2 -> 1": 553.0, "2 -> 5": 421.0, "2 -> 6": 157.0, "3 -> 4": 601.0, "3 -> 2": 559.0, "3 -> 1": 145.0, "3 -> 7": 241.0, "3 -> 10": 523.0, "3 -> 9": 73.0, "3 -> 8": 403.0, "4 -> 5": 601.0, "4 -> 3": 109.0, "4 -> 10": 325.0, "4 -> 8": 295.0, "4 -> 7": 541.0, "4 -> 2": 433.0, "4 -> 6": 481.0, "4 -> 1": 361.0, "4 -> 9": 535.0, "5 -> 6": 601.0, "5 -> 2": 127.0, "5 -> 8": 541.0, "5 -> 3": 529.0, "5 -> 10": 583.0, "5 -> 1": 511.0, "6 -> 7": 601.0, "6 -> 10": 307.0, "6 -> 8": 397.0, "6 -> 1": 91.0, "6 -> 3": 175.0, "6 -> 5": 367.0, "6 -> 4": 175.0, "7 -> 8": 601.0, "7 -> 1": 289.0, "7 -> 9": 577.0, "7 -> 2": 91.0, "7 -> 3": 361.0, "7 -> 10": 91.0, "7 -> 5": 85.0, "7 -> 4": 499.0, "7 -> 6": 271.0, "8 -> 9": 601.0, "8 -> 3": 343.0, "8 -> 7": 361.0, "8 -> 2": 259.0, "8 -> 6": 343.0, "8 -> 4": 229.0, "8 -> 5": 289.0, "8 -> 1": 247.0, "8 -> 10": 313.0, "9 -> 10": 601.0, "9 -> 6": 301.0, "9 -> 2": 493.0, "9 -> 7": 217.0, "9 -> 3": 409.0, "9 -> 8": 421.0, "9 -> 5": 355.0, "9 -> 4": 97.0, "10 -> 1": 601.0, "10 -> 6": 379.0, "10 -> 4": 541.0, "10 -> 9": 199.0, "10 -> 7": 421.0, "10 -> 5": 433.0, "10 -> 8": 109.0, "10 -> 2": 445.0, "10 -> 3": 307.0}, "bounds": [-1e+100, -1e+100, -1e+100, -1e+100, 0.0, 1658.0, 1658.0, 1658.0, 1658.0, 3159.0, 3778.0, 3878.0, 3878.0, 3878.0, 4210.0, 4210.0, 4210.0, 4210.0, 4210.0, 4210.0, 4210.0, 4210.0, 4210.0, 4210.0, 4210.0, 4253.0, 4301.0, 4301.0, 4301.0, 4301.0, 4301.0, 4301.0, 4301.0, 4301.0, 4301.0, 4301.0, 4301.0, 4301.0, 4301.0, 4301.0, 4301.0, 4301.0, 4301.0, 4301.0, 4301.0, 4301.0, 4310.0, 4310.0, 4806.0, 4895.0, 4895.0, 4895.0, 4895.0, 4895.0, 4895.0, 4895.0, 5030.0, 5030.0, 5030.0, 5030.0, 5030.0, 5030.0, 5030.0, 5030.0, 5030.0, 5030.0, 5030.0, 5030.0, 5128.0, 5339.0, 5454.0, 5454.0, 5454.0, 5949.0], "objectives": [0.0, 0.0, 0.0, 0.0, 0.0, 3517.0, 3363.0, 4795.0, 5465.0, 4398.0, 5081.0, 4579.0, 6510.0, 6806.0, 4985.0, 5192.0, 5293.0, 6012.0, 6483.0, 6636.0, 7019.0, 6809.0, 7500.0, 6991.0, 7603.0, 10443.0, 8958.0, 8221.0, 7996.0, 6564.0, 8187.0, 5559.0, 8128.0, 6862.0, 8157.0, 8686.0, 7305.0, 6379.0, 6711.0, 5753.0, 6010.0, 17498.0, 7411.0, 7136.0, 6887.0, 6283.0, 6446.0, 6591.0, 6277.0, 6520.0, 6410.0, 6482.0, 6494.0, 6476.0, 6448.0, 6392.0, 6356.0, 6170.0, 6200.0, 6283.0, 6258.0, 6349.0, 6256.0, 6347.0, 6177.0, 6217.0, 6313.0, 6184.0, 6331.0, 6296.0, 6291.0, 6212.0, 6217.0, 6189.0], "run_times": [0.0, 0.06, 0.05, 0.05, 0.05, 0.05, 0.08, 0.09, 0.09, 0.11, 0.16, 0.24, 0.25, 0.12, 3.67, 4.59, 3.51, 4.24, 4.23, 5.25, 5.06, 3.93, 5.04, 4.11, 4.28, 4.47, 4.6, 4.63, 3.98, 3.43, 4.37, 4.31, 4.36, 4.13, 3.99, 4.83, 3.5, 4.89, 4.03, 3.7, 3.4, 13.07, 0.31, 0.11, 0.11, 0.05, 0.22, 0.05, 2.1, 10.41, 3.08, 2.09, 1.62, 1.33, 1.21, 1.71, 5.42, 3.61, 4.51, 46.17, 0.59, 0.19, 0.17, 0.38, 2.09, 5.51, 4.52, 5.91, 8.11, 5.82, 3.63, 2.18, 2.19, 18.99], "is_optimal": true}
