{"decisions": {"1 -> 2": -0.0, "1 -> 10": -0.0, "1 -> 8": -0.0, "1 -> 7": -0.0, "1 -> 4": -0.0, "1 -> 9": 0.0, "1 -> 5": -0.0, "1 -> 3": -0.0, "1 -> 6": -0.0, "2 -> 3": -0.0, "2 -> 4": -0.0, "2 -> 7": -0.0, "2 -> 9": -0.0, "2 -> 8": -0.0, "2 -> 10": -0.0, "2 -> 1": -0.0, "2 -> 5": -0.0, "2 -> 6": -0.0, "3 -> 4": -0.0, "3 -> 2": 1.0, "3 -> 1": 1.0000000000000002, "3 -> 7": 0.0, "3 -> 10": -0.0, "3 -> 9": 1.0000000000000004, "3 -> 8": -0.0, "4 -> 5": 1.0, "4 -> 3": 1.0, "4 -> 10": -0.0, "4 -> 8": -0.0, "4 -> 7": -0.0, "4 -> 2": -0.0, "4 -> 6": -0.0, "4 -> 1": -0.0, "4 -> 9": -0.0, "5 -> 6": 1.0, "5 -> 2": -0.0, "5 -> 8": 0.0, "5 -> 3": 1.0, "5 -> 10": -0.0, "5 -> 1": 0.0, "6 -> 7": 1.0, "6 -> 10": -0.0, "6 -> 8": -0.0, "6 -> 1": 1.0, "6 -> 3": 0.0, "6 -> 5": -0.0, "6 -> 4": 1.0, "7 -> 8": 1.0, "7 -> 1": -0.0, "7 -> 9": -0.0, "7 -> 2": 1.0, "7 -> 3": 0.0, "7 -> 10": -0.0, "7 -> 5": -0.0, "7 -> 4": -0.0, "7 -> 6": -0.0, "8 -> 9": 1.0, "8 -> 3": 0.0, "8 -> 7": -0.0, "8 -> 2": 0.0, "8 -> 6": -0.0, "8 -> 4": -0.0, "8 -> 5": 1.0, "8 -> 1": 0.9999999999999998, "8 -> 10": -0.0, "9 -> 10": -0.0, "9 -> 6": 1.0000000000000002, "9 -> 2": -0.0, "9 -> 7": -0.0, "9 -> 3": -0.0, "9 -> 8": -0.0, "9 -> 5": -0.0, "9 -> 4": 1.0, "10 -> 1": -0.0, "10 -> 6": 0.0, "10 -> 4": -0.0, "10 -> 9": 1.0, "10 -> 7": -0.0, "10 -> 5": -0.0, "10 -> 8": 0.0, "10 -> 2": -0.0, "10 -> 3": 1.0}, "decision_costs": {"1 -> 2": 3005.0, "1 -> 10": 1232.0, "1 -> 8": 1893.0, "1 -> 7": 1863.0, "1 -> 4": 1232.0, "1 -> 9": 2074.0, "1 -> 5": 2104.0, "1 -> 3": 2585.0, "1 -> 6": 391.0, "2 -> 3": 3005.0, "2 -> 4": 2224.0, "2 -> 7": 1713.0, "2 -> 9": 902.0, "2 -> 8": 1833.0, "2 -> 10": 2585.0, "2 -> 1": 2765.0, "2 -> 5": 2104.0, "2 -> 6": 782.0, "3 -> 4": 3005.0, "3 -> 2": 2795.0, "3 -> 1": 722.0, "3 -> 7": 1202.0, "3 -> 10": 2615.0, "3 -> 9": 361.0, "3 -> 8": 2014.0, "4 -> 5": 3005.0, "4 -> 3": 541.0, "4 -> 10": 1623.0, "4 -> 8": 1473.0, "4 -> 7": 2705.0, "4 -> 2": 2164.0, "4 -> 6": 2404.0, "4 -> 1": 1803.0, "4 -> 9": 2675.0, "5 -> 6": 3005.0, "5 -> 2": 631.0, "5 -> 8": 2705.0, "5 -> 3": 2645.0, "5 -> 10": 2915.0, "5 -> 1": 2554.0, "6 -> 7": 3005.0, "6 -> 10": 1533.0, "6 -> 8": 1984.0, "6 -> 1": 451.0, "6 -> 3": 872.0, "6 -> 5": 1833.0, "6 -> 4": 872.0, "7 -> 8": 3005.0, "7 -> 1": 1443.0, "7 -> 9": 2885.0, "7 -> 2": 451.0, "7 -> 3": 1803.0, "7 -> 10": 451.0, "7 -> 5": 421.0, "7 -> 4": 2494.0, "7 -> 6": 1353.0, "8 -> 9": 3005.0, "8 -> 3": 1713.0, "8 -> 7": 1803.0, "8 -> 2": 1293.0, "8 -> 6": 1713.0, "8 -> 4": 1142.0, "8 -> 5": 1443.0, "8 -> 1": 1232.0, "8 -> 10": 1563.0, "9 -> 10": 3005.0, "9 -> 6": 1503.0, "9 -> 2": 2464.0, "9 -> 7": 1082.0, "9 -> 3": 2044.0, "9 -> 8": 2104.0, "9 -> 5": 1773.0, "9 -> 4": 481.0, "10 -> 1": 3005.0, "10 -> 6": 1893.0, "10 -> 4": 2705.0, "10 -> 9": 992.0, "10 -> 7": 2104.0, "10 -> 5": 2164.0, "10 -> 8": 541.0, "10 -> 2": 2224.0, "10 -> 3": 1533.0}, "bounds": [-1e+100, -1e+100, -1e+100, -1e+100, 0.0, 8258.0, 8258.0, 8258.0, 8258.0, 15753.0, 18683.0, 18683.0, 18683.0, 20275.0, 20924.0, 20924.0, 20924.0, 20924.0, 20924.0, 20924.0, 20924.0, 20924.0, 20924.0, 20924.0, 20924.0, 20924.0, 20924.0, 20924.0, 20924.0, 20924.0, 20924.0, 20924.0, 20924.0, 20924.0, 20924.0, 20924.0, 20924.0, 20924.0, 20924.0, 20924.0, 20924.0, 20924.0, 20924.0, 20924.0, 21183.0, 21246.0, 21543.0, 21543.0, 21543.0, 21543.0, 21543.0, 21543.0, 21543.0, 21543.0, 21543.0, 21543.0, 21543.0, 21543.0, 21543.0, 21543.0, 21543.0, 21543.0, 21932.0, 21932.0, 23316.0, 23316.0, 23820.0, 24154.0, 24154.0, 24288.0, 24288.0, 24288.0, 24357.0, 24466.0, 25325.0, 25325.0, 25326.0, 25890.0, 25890.0, 25890.0, 25890.0, 25890.0, 25890.0, 25890.0, 25890.0], "objectives": [0.0, 0.0, 0.0, 0.0, 0.0, 17552.0, 16773.0, 23925.0, 27262.0, 21941.0, 37089.0, 30295.0, 43280.0, 21035.0, 24013.0, 25066.0, 25938.0, 27889.0, 35856.0, 32310.0, 35496.0, 33510.0, 39644.0, 37932.0, 40905.0, 37748.0, 40095.0, 38864.0, 44661.0, 41143.0, 39103.0, 29241.0, 40304.0, 44033.0, 40965.0, 44481.0, 46917.0, 28008.0, 33992.0, 31194.0, 32880.0, 48690.0, 41236.0, 49623.0, 51695.0, 40874.0, 32850.0, 42646.0, 33090.0, 35555.0, 51844.0, 33451.0, 54821.0, 37029.0, 78201.0, 51179.0, 30050.0, 33898.0, 49321.0, 43699.0, 32247.0, 33627.0, 47427.0, 38078.0, 46794.0, 38979.0, 35673.0, 50071.0, 39070.0, 50943.0, 39851.0, 35253.0, 40813.0, 35102.0, 33627.0, 33690.0, 34231.0, 32396.0, 32126.0, 31465.0, 31437.0, 31283.0, 31313.0, 31409.0, 31047.0], "run_times": [0.0, 0.07, 0.04, 0.04, 0.05, 0.05, 0.06, 0.08, 0.08, 0.1, 0.14, 0.12, 0.1, 2.69, 3.26, 3.53, 3.25, 3.2, 3.46, 4.25, 4.09, 3.6, 4.51, 3.95, 3.87, 4.53, 3.91, 4.01, 4.36, 4.19, 3.68, 1.46, 0.12, 0.11, 0.12, 0.48, 3.84, 3.29, 4.47, 3.06, 3.66, 2.84, 3.6, 3.54, 1.84, 3.11, 4.19, 2.7, 2.55, 2.36, 2.41, 0.11, 0.11, 0.1, 8.51, 0.18, 0.06, 0.16, 0.04, 0.09, 0.1, 0.13, 0.27, 0.13, 0.35, 0.06, 0.32, 0.36, 0.09, 0.36, 0.07, 0.08, 0.32, 0.65, 8.59, 4.96, 1.93, 1.37, 6.38, 1.11, 1.34, 42.62, 0.26, 4.91, 3.73], "is_optimal": true}
