{"decisions": {"1 -> 2": -0.0, "1 -> 10": -0.0, "1 -> 8": -0.0, "1 -> 7": -0.0, "1 -> 4": 0.0, "1 -> 9": -0.0, "1 -> 5": -0.0, "1 -> 3": -0.0, "1 -> 6": 0.0, "2 -> 3": -0.0, "2 -> 4": -0.0, "2 -> 7": -0.0, "2 -> 9": -0.0, "2 -> 8": -0.0, "2 -> 10": -0.0, "2 -> 1": -0.0, "2 -> 5": -0.0, "2 -> 6": -0.0, "3 -> 4": -0.0, "3 -> 2": 1.0000000000000322, "3 -> 1": 0.9999999999999998, "3 -> 7": -3.2223876642018105e-14, "3 -> 10": -0.0, "3 -> 9": 1.0, "3 -> 8": -0.0, "4 -> 5": 1.0, "4 -> 3": 1.0, "4 -> 10": -0.0, "4 -> 8": -0.0, "4 -> 7": -0.0, "4 -> 2": -0.0, "4 -> 6": -0.0, "4 -> 1": 0.0, "4 -> 9": -0.0, "5 -> 6": 1.0, "5 -> 2": -0.0, "5 -> 8": -0.0, "5 -> 3": 1.0, "5 -> 10": -0.0, "5 -> 1": -0.0, "6 -> 7": 1.0, "6 -> 10": -0.0, "6 -> 8": -0.0, "6 -> 1": 1.0, "6 -> 3": -0.0, "6 -> 5": -0.0, "6 -> 4": 1.0, "7 -> 8": 1.0, "7 -> 1": 0.0, "7 -> 9": -0.0, "7 -> 2": 1.0, "7 -> 3": -0.0, "7 -> 10": 0.0, "7 -> 5": -0.0, "7 -> 4": -0.0, "7 -> 6": -0.0, "8 -> 9": 1.0, "8 -> 3": -0.0, "8 -> 7": -0.0, "8 -> 2": -3.5692379284693405e-14, "8 -> 6": -0.0, "8 -> 4": -0.0, "8 -> 5": 1.0, "8 -> 1": 1.0, "8 -> 10": -0.0, "9 -> 10": -0.0, "9 -> 6": 1.0, "9 -> 2": -0.0, "9 -> 7": -0.0, "9 -> 3": -0.0, "9 -> 8": -0.0, "9 -> 5": -0.0, "9 -> 4": 1.0, "10 -> 1": -0.0, "10 -> 6": -0.0, "10 -> 4": -0.0, "10 -> 9": 1.0, "10 -> 7": -0.0, "10 -> 5": -0.0, "10 -> 8": 0.0, "10 -> 2": -0.0, "10 -> 3": 1.0}, "decision_costs": {"1 -> 2": 6010.0, "1 -> 10": 2464.0, "1 -> 8": 3786.0, "1 -> 7": 3726.0, "1 -> 4": 2464.0, "1 -> 9": 4147.0, "1 -> 5": 4207.0, "1 -> 3": 5169.0, "1 -> 6": 782.0, "2 -> 3": 6010.0, "2 -> 4": 4447.0, "2 -> 7": 3426.0, "2 -> 9": 1803.0, "2 -> 8": 3666.0, "2 -> 10": 5169.0, "2 -> 1": 5529.0, "2 -> 5": 4207.0, "2 -> 6": 1563.0, "3 -> 4": 6010.0, "3 -> 2": 5589.0, "3 -> 1": 1443.0, "3 -> 7": 2404.0, "3 -> 10": 5229.0, "3 -> 9": 722.0, "3 -> 8": 4027.0, "4 -> 5": 6010.0, "4 -> 3": 1082.0, "4 -> 10": 3246.0, "4 -> 8": 2945.0, "4 -> 7": 5409.0, "4 -> 2": 4327.0, "4 -> 6": 4808.0, "4 -> 1": 3606.0, "4 -> 9": 5349.0, "5 -> 6": 6010.0, "5 -> 2": 1262.0, "5 -> 8": 5409.0, "5 -> 3": 5289.0, "5 -> 10": 5830.0, "5 -> 1": 5108.0, "6 -> 7": 6010.0, "6 -> 10": 3065.0, "6 -> 8": 3967.0, "6 -> 1": 902.0, "6 -> 3": 1743.0, "6 -> 5": 3666.0, "6 -> 4": 1743.0, "7 -> 8": 6010.0, "7 -> 1": 2885.0, "7 -> 9": 5770.0, "7 -> 2": 902.0, "7 -> 3": 3606.0, "7 -> 10": 902.0, "7 -> 5": 842.0, "7 -> 4": 4988.0, "7 -> 6": 2705.0, "8 -> 9": 6010.0, "8 -> 3": 3426.0, "8 -> 7": 3606.0, "8 -> 2": 2585.0, "8 -> 6": 3426.0, "8 -> 4": 2284.0, "8 -> 5": 2885.0, "8 -> 1": 2464.0, "8 -> 10": 3125.0, "9 -> 10": 6010.0, "9 -> 6": 3005.0, "9 -> 2": 4928.0, "9 -> 7": 2164.0, "9 -> 3": 4087.0, "9 -> 8": 4207.0, "9 -> 5": 3546.0, "9 -> 4": 962.0, "10 -> 1": 6010.0, "10 -> 6": 3786.0, "10 -> 4": 5409.0, "10 -> 9": 1984.0, "10 -> 7": 4207.0, "10 -> 5": 4327.0, "10 -> 8": 1082.0, "10 -> 2": 4447.0, "10 -> 3": 3065.0}, "bounds": [-1e+100, -1e+100, -1e+100, -1e+100, 0.0, 16512.0, 16512.0, 16512.0, 16512.0, 31503.0, 37848.0, 38762.0, 42020.0, 42020.0, 42020.0, 42020.0, 42020.0, 42020.0, 42020.0, 42020.0, 42020.0, 42020.0, 42310.0, 42310.0, 42310.0, 42310.0, 42310.0, 42310.0, 42310.0, 42310.0, 42310.0, 42310.0, 42310.0, 42310.0, 42310.0, 42310.0, 42310.0, 42310.0, 42310.0, 42310.0, 42310.0, 42310.0, 42310.0, 42310.0, 42310.0, 42310.0, 42310.0, 44958.0, 47704.0, 47704.0, 47708.0, 47708.0, 47708.0, 47708.0, 47708.0, 49740.0, 49740.0, 49899.0, 49899.0, 49899.0, 49899.0, 49899.0, 49899.0, 49899.0, 51168.0, 51168.0, 51168.0, 54387.0, 55841.03, 58663.0, 58832.0], "objectives": [0.0, 0.0, 0.0, 0.0, 0.0, 35101.0, 33540.0, 47844.0, 54516.0, 43878.0, 49288.0, 43934.0, 48265.02, 47482.0, 51811.0, 56499.0, 58542.0, 64312.0, 66896.0, 64190.0, 69302.0, 68339.0, 81079.0, 82821.0, 88110.0, 79757.0, 76393.0, 98931.0, 72484.0, 80539.0, 76213.0, 86729.0, 103137.0, 71404.0, 97849.0, 90637.0, 57278.0, 60403.0, 87029.0, 84626.0, 133066.0, 65689.0, 66833.0, 88292.0, 94243.0, 69119.0, 67135.0, 66953.0, 61367.0, 63290.0, 66233.0, 60222.0, 62626.0, 63467.0, 63888.0, 62806.0, 63467.0, 63351.0, 62808.0, 62565.0, 62987.0, 60825.0, 62927.0, 62569.0, 62748.0, 62448.0, 61968.0, 62869.0, 62750.0, 62809.0, 62087.0], "run_times": [0.0, 0.06, 0.04, 0.06, 0.06, 0.05, 0.08, 0.08, 0.08, 0.1, 0.13, 0.15, 3.07, 3.82, 3.68, 4.12, 4.48, 4.61, 5.11, 4.81, 4.05, 4.39, 5.38, 4.43, 5.92, 4.54, 3.67, 4.57, 4.12, 4.19, 4.25, 0.74, 0.15, 0.83, 4.96, 5.38, 3.77, 4.89, 4.4, 4.65, 15.33, 0.31, 0.16, 0.04, 0.08, 0.14, 0.28, 0.23, 1.39, 0.29, 0.26, 0.17, 0.24, 0.24, 0.15, 18.82, 1.39, 6.66, 3.94, 41.68, 0.5, 0.33, 0.54, 47.12, 8.5, 4.97, 2.85, 5.81, 4.95, 11.39, 2.91], "is_optimal": true}
