{"decisions": {"1 -> 2": -0.0, "1 -> 10": -0.0, "1 -> 8": -0.0, "1 -> 7": 0.0, "1 -> 4": 0.0, "1 -> 9": 0.0, "1 -> 5": -0.0, "1 -> 3": -0.0, "1 -> 6": 0.0, "2 -> 3": -0.0, "2 -> 4": -0.0, "2 -> 7": -0.0, "2 -> 9": -0.0, "2 -> 8": -0.0, "2 -> 10": -0.0, "2 -> 1": -0.0, "2 -> 5": -0.0, "2 -> 6": -0.0, "3 -> 4": -0.0, "3 -> 2": 1.0, "3 -> 1": 1.0000000000000002, "3 -> 7": 0.0, "3 -> 10": -0.0, "3 -> 9": 1.0, "3 -> 8": -0.0, "4 -> 5": 1.0, "4 -> 3": 1.0, "4 -> 10": -0.0, "4 -> 8": -0.0, "4 -> 7": -0.0, "4 -> 2": -0.0, "4 -> 6": -0.0, "4 -> 1": -0.0, "4 -> 9": -0.0, "5 -> 6": 1.0, "5 -> 2": 0.0, "5 -> 8": -0.0, "5 -> 3": 1.000000000000002, "5 -> 10": -0.0, "5 -> 1": -0.0, "6 -> 7": 1.0, "6 -> 10": -0.0, "6 -> 8": -0.0, "6 -> 1": 1.0, "6 -> 3": 0.0, "6 -> 5": -0.0, "6 -> 4": 1.0000000000000007, "7 -> 8": 1.0, "7 -> 1": 0.0, "7 -> 9": -0.0, "7 -> 2": 1.0, "7 -> 3": -1.9530619240451808e-15, "7 -> 10": -0.0, "7 -> 5": -0.0, "7 -> 4": -0.0, "7 -> 6": -0.0, "8 -> 9": 1.0, "8 -> 3": -0.0, "8 -> 7": -0.0, "8 -> 2": 0.0, "8 -> 6": -0.0, "8 -> 4": -0.0, "8 -> 5": 1.0, "8 -> 1": 1.0, "8 -> 10": -0.0, "9 -> 10": -0.0, "9 -> 6": 1.0, "9 -> 2": -0.0, "9 -> 7": -0.0, "9 -> 3": -0.0, "9 -> 8": -0.0, "9 -> 5": -0.0, "9 -> 4": 1.0, "10 -> 1": -0.0, "10 -> 6": -0.0, "10 -> 4": -0.0, "10 -> 9": 1.0, "10 -> 7": 0.0, "10 -> 5": -0.0, "10 -> 8": 0.0, "10 -> 2": -0.0, "10 -> 3": 1.0}, "decision_costs": {"1 -> 2": 3005.0, "1 -> 10": 1232.0, "1 -> 8": 1893.0, "1 -> 7": 1863.0, "1 -> 4": 1232.0, "1 -> 9": 2074.0, "1 -> 5": 2104.0, "1 -> 3": 2585.0, "1 -> 6": 391.0, "2 -> 3": 3005.0, "2 -> 4": 2224.0, "2 -> 7": 1713.0, "2 -> 9": 902.0, "2 -> 8": 1833.0, "2 -> 10": 2585.0, "2 -> 1": 2765.0, "2 -> 5": 2104.0, "2 -> 6": 782.0, "3 -> 4": 3005.0, "3 -> 2": 2795.0, "3 -> 1": 722.0, "3 -> 7": 1202.0, "3 -> 10": 2615.0, "3 -> 9": 361.0, "3 -> 8": 2014.0, "4 -> 5": 3005.0, "4 -> 3": 541.0, "4 -> 10": 1623.0, "4 -> 8": 1473.0, "4 -> 7": 2705.0, "4 -> 2": 2164.0, "4 -> 6": 2404.0, "4 -> 1": 1803.0, "4 -> 9": 2675.0, "5 -> 6": 3005.0, "5 -> 2": 631.0, "5 -> 8": 2705.0, "5 -> 3": 2645.0, "5 -> 10": 2915.0, "5 -> 1": 2554.0, "6 -> 7": 3005.0, "6 -> 10": 1533.0, "6 -> 8": 1984.0, "6 -> 1": 451.0, "6 -> 3": 872.0, "6 -> 5": 1833.0, "6 -> 4": 872.0, "7 -> 8": 3005.0, "7 -> 1": 1443.0, "7 -> 9": 2885.0, "7 -> 2": 451.0, "7 -> 3": 1803.0, "7 -> 10": 451.0, "7 -> 5": 421.0, "7 -> 4": 2494.0, "7 -> 6": 1353.0, "8 -> 9": 3005.0, "8 -> 3": 1713.0, "8 -> 7": 1803.0, "8 -> 2": 1293.0, "8 -> 6": 1713.0, "8 -> 4": 1142.0, "8 -> 5": 1443.0, "8 -> 1": 1232.0, "8 -> 10": 1563.0, "9 -> 10": 3005.0, "9 -> 6": 1503.0, "9 -> 2": 2464.0, "9 -> 7": 1082.0, "9 -> 3": 2044.0, "9 -> 8": 2104.0, "9 -> 5": 1773.0, "9 -> 4": 481.0, "10 -> 1": 3005.0, "10 -> 6": 1893.0, "10 -> 4": 2705.0, "10 -> 9": 992.0, "10 -> 7": 2104.0, "10 -> 5": 2164.0, "10 -> 8": 541.0, "10 -> 2": 2224.0, "10 -> 3": 1533.0}, "bounds": [-1e+100, -1e+100, -1e+100, -1e+100, 0.0, 8275.0, 8275.0, 8275.0, 8275.0, 15372.0, 17453.0, 18435.0, 19086.0, 19086.0, 19789.0, 20340.0, 20340.0, 22317.02, 22317.02, 22317.02, 22317.02, 22317.02, 22317.02, 22317.02, 22317.02, 22317.02, 22317.02, 22913.0, 22913.0, 22913.0, 22913.0, 22913.0, 22913.0, 22913.0, 22913.0, 22913.0, 22913.0, 22913.0, 22913.0, 22913.0, 22913.0, 22913.0, 22913.0, 22913.0, 22913.0, 22913.0, 22913.0, 22913.0, 22913.0, 22913.0, 22913.0, 22913.0, 22913.0, 22913.0, 22913.0, 22913.0, 22913.0, 25020.0, 25562.0, 25562.0, 27039.0, 27258.0, 27258.0, 27258.0, 27258.0, 27258.0, 28451.0, 30128.0], "objectives": [0.0, 0.0, 0.0, 0.0, 0.0, 14697.0, 17942.0, 21010.0, 23535.0, 27501.0, 25367.0, 28163.0, 39224.0, 28701.0, 25427.0, 26326.0, 34052.0, 25907.0, 27226.0, 27859.0, 29094.0, 29632.0, 30025.0, 31377.0, 31258.0, 32038.0, 35586.0, 33871.0, 31497.0, 43849.0, 36668.0, 38441.0, 40004.0, 35945.0, 28849.0, 41625.0, 42856.0, 47637.0, 31410.0, 46944.0, 45802.0, 31134.0, 33089.0, 36517.0, 35106.0, 38743.0, 32518.0, 44874.0, 38201.0, 42169.0, 38321.0, 38110.0, 34984.0, 34500.0, 36603.0, 33417.0, 31465.0, 31343.0, 30474.0, 31105.0, 30866.0, 31313.0, 31287.0, 30866.0, 31438.0, 31047.0, 30807.0, 30836.0], "run_times": [0.0, 0.04, 0.02, 0.03, 0.02, 0.02, 0.03, 0.05, 0.04, 0.05, 0.06, 0.06, 0.06, 0.07, 0.08, 0.06, 0.05, 2.72, 1.86, 1.92, 1.53, 1.89, 1.89, 2.34, 2.04, 2.31, 2.09, 2.26, 2.26, 2.22, 1.75, 1.37, 2.02, 1.87, 1.88, 1.76, 1.38, 1.62, 1.5, 1.93, 1.5, 0.62, 1.43, 1.89, 2.03, 1.64, 1.99, 2.07, 1.7, 1.8, 1.61, 1.58, 1.61, 1.48, 0.2, 7.36, 0.26, 0.62, 0.88, 0.1, 10.88, 1.66, 1.8, 2.03, 1.1, 0.53, 2.02, 1.66], "is_optimal": true}
