{"decisions": {"1 -> 2": -0.0, "1 -> 10": -0.0, "1 -> 8": -0.0, "1 -> 7": 4.440892098500626e-16, "1 -> 4": -1.3877787807814457e-16, "1 -> 9": -0.0, "1 -> 5": -0.0, "1 -> 3": -0.0, "1 -> 6": -0.0, "2 -> 3": -0.0, "2 -> 4": -0.0, "2 -> 7": -0.0, "2 -> 9": -0.0, "2 -> 8": -0.0, "2 -> 10": -0.0, "2 -> 1": -0.0, "2 -> 5": -0.0, "2 -> 6": -0.0, "3 -> 4": -0.0, "3 -> 2": 0.9999999999999997, "3 -> 1": 1.0, "3 -> 7": 3.0531133177191805e-16, "3 -> 10": -0.0, "3 -> 9": 1.0, "3 -> 8": -0.0, "4 -> 5": 1.0, "4 -> 3": 1.0, "4 -> 10": -0.0, "4 -> 8": -0.0, "4 -> 7": -0.0, "4 -> 2": -0.0, "4 -> 6": -0.0, "4 -> 1": -0.0, "4 -> 9": -0.0, "5 -> 6": 1.0, "5 -> 2": -0.0, "5 -> 8": 4.440892098500626e-16, "5 -> 3": 1.0, "5 -> 10": -4.440892098500626e-16, "5 -> 1": -0.0, "6 -> 7": 1.0, "6 -> 10": 0.0, "6 -> 8": -0.0, "6 -> 1": 1.0000000000000004, "6 -> 3": -0.0, "6 -> 5": -0.0, "6 -> 4": 1.0, "7 -> 8": 1.0, "7 -> 1": -0.0, "7 -> 9": -0.0, "7 -> 2": 0.9999999999999998, "7 -> 3": -0.0, "7 -> 10": 0.0, "7 -> 5": -0.0, "7 -> 4": -0.0, "7 -> 6": -0.0, "8 -> 9": 1.0, "8 -> 3": -0.0, "8 -> 7": -0.0, "8 -> 2": -0.0, "8 -> 6": -0.0, "8 -> 4": -4.6074255521944e-15, "8 -> 5": 1.0, "8 -> 1": 1.0, "8 -> 10": -0.0, "9 -> 10": -0.0, "9 -> 6": 1.0, "9 -> 2": -0.0, "9 -> 7": -0.0, "9 -> 3": 0.0, "9 -> 8": -0.0, "9 -> 5": -0.0, "9 -> 4": 1.0000000000000009, "10 -> 1": -0.0, "10 -> 6": -0.0, "10 -> 4": -0.0, "10 -> 9": 1.0, "10 -> 7": -0.0, "10 -> 5": -0.0, "10 -> 8": 0.0, "10 -> 2": 5.551115123125783e-16, "10 -> 3": 1.0}, "decision_costs": {"1 -> 2": 6010.0, "1 -> 10": 2464.0, "1 -> 8": 3786.0, "1 -> 7": 3726.0, "1 -> 4": 2464.0, "1 -> 9": 4147.0, "1 -> 5": 4207.0, "1 -> 3": 5169.0, "1 -> 6": 782.0, "2 -> 3": 6010.0, "2 -> 4": 4447.0, "2 -> 7": 3426.0, "2 -> 9": 1803.0, "2 -> 8": 3666.0, "2 -> 10": 5169.0, "2 -> 1": 5529.0, "2 -> 5": 4207.0, "2 -> 6": 1563.0, "3 -> 4": 6010.0, "3 -> 2": 5589.0, "3 -> 1": 1443.0, "3 -> 7": 2404.0, "3 -> 10": 5229.0, "3 -> 9": 722.0, "3 -> 8": 4027.0, "4 -> 5": 6010.0, "4 -> 3": 1082.0, "4 -> 10": 3246.0, "4 -> 8": 2945.0, "4 -> 7": 5409.0, "4 -> 2": 4327.0, "4 -> 6": 4808.0, "4 -> 1": 3606.0, "4 -> 9": 5349.0, "5 -> 6": 6010.0, "5 -> 2": 1262.0, "5 -> 8": 5409.0, "5 -> 3": 5289.0, "5 -> 10": 5830.0, "5 -> 1": 5108.0, "6 -> 7": 6010.0, "6 -> 10": 3065.0, "6 -> 8": 3967.0, "6 -> 1": 902.0, "6 -> 3": 1743.0, "6 -> 5": 3666.0, "6 -> 4": 1743.0, "7 -> 8": 6010.0, "7 -> 1": 2885.0, "7 -> 9": 5770.0, "7 -> 2": 902.0, "7 -> 3": 3606.0, "7 -> 10": 902.0, "7 -> 5": 842.0, "7 -> 4": 4988.0, "7 -> 6": 2705.0, "8 -> 9": 6010.0, "8 -> 3": 3426.0, "8 -> 7": 3606.0, "8 -> 2": 2585.0, "8 -> 6": 3426.0, "8 -> 4": 2284.0, "8 -> 5": 2885.0, "8 -> 1": 2464.0, "8 -> 10": 3125.0, "9 -> 10": 6010.0, "9 -> 6": 3005.0, "9 -> 2": 4928.0, "9 -> 7": 2164.0, "9 -> 3": 4087.0, "9 -> 8": 4207.0, "9 -> 5": 3546.0, "9 -> 4": 962.0, "10 -> 1": 6010.0, "10 -> 6": 3786.0, "10 -> 4": 5409.0, "10 -> 9": 1984.0, "10 -> 7": 4207.0, "10 -> 5": 4327.0, "10 -> 8": 1082.0, "10 -> 2": 4447.0, "10 -> 3": 3065.0}, "bounds": [-1e+100, -1e+100, -1e+100, -1e+100, 0.0, 16855.0, 16855.0, 16855.0, 25994.0, 31357.0, 31357.0, 31357.0, 31555.02, 31555.02, 31555.02, 31555.02, 31555.02, 31555.02, 31555.02, 31555.02, 31555.02, 31555.02, 31555.02, 31555.02, 31555.02, 31555.02, 31555.02, 31555.02, 31555.02, 31555.02, 31555.02, 33383.0, 33383.0, 33383.0, 38740.0, 38740.0, 38740.0, 43379.0, 43379.0, 45354.0, 45354.0, 45354.0, 45354.0, 46044.0, 46526.0, 46526.0, 46526.0, 46526.0, 47087.0, 47190.0, 47254.0, 47254.0, 47254.0, 47254.0, 47254.0, 47254.0, 47254.0, 47254.0, 48923.0, 48923.0, 48923.0, 48923.0, 48923.0, 48923.0, 48923.0, 48923.0, 48923.0, 48923.0, 48923.0, 48923.0, 48923.0, 48923.0, 48923.0, 48923.0, 48923.0, 55602.0, 55602.0, 55602.0, 55602.0, 57608.0, 58066.0, 59014.0, 59365.0, 60215.0], "objectives": [0.0, 0.0, 0.0, 0.0, 0.0, 34380.0, 33540.0, 54395.0, 39430.0, 38889.0, 51931.0, 62509.0, 59143.0, 75909.0, 110291.0, 77773.0, 96586.0, 91357.0, 115999.0, 79758.0, 78435.0, 94303.0, 109505.0, 99472.0, 103257.0, 113234.0, 151458.0, 54090.0, 165878.0, 213723.0, 202061.0, 126395.0, 82822.0, 60345.0, 91959.0, 75249.0, 89734.0, 104638.0, 78254.0, 102354.0, 78255.0, 97908.0, 104339.0, 85528.0, 70562.0, 74589.0, 77894.0, 77172.0, 75008.0, 76633.0, 65694.0, 70741.0, 67555.0, 68998.0, 69298.0, 62087.0, 65332.0, 67375.0, 66291.0, 65151.0, 64370.0, 64250.0, 64669.0, 65994.0, 61183.0, 60100.0, 64909.0, 65573.0, 66053.0, 67315.0, 62927.0, 62626.0, 62565.0, 62206.0, 62626.0, 62565.0, 61727.0, 61724.0, 62087.0, 62087.0, 62087.0, 61908.0, 62028.0, 61727.0], "run_times": [0.0, 0.27, 0.24, 0.2, 0.19, 0.19, 0.31, 0.38, 0.41, 5.3, 12.38, 11.86, 15.95, 17.36, 4.3, 19.14, 1.39, 0.57, 1.29, 15.94, 4.56, 0.54, 0.65, 1.29, 15.25, 5.14, 16.96, 0.79, 0.48, 0.36, 0.25, 0.5, 0.35, 0.56, 1.19, 0.51, 0.49, 1.3, 0.45, 1.19, 0.41, 0.34, 0.38, 1.03, 1.36, 0.4, 0.22, 0.19, 1.41, 0.42, 0.67, 0.5, 0.31, 0.26, 0.19, 0.77, 1.23, 1.37, 26.06, 74.4, 1.08, 0.78, 0.48, 0.34, 0.5, 0.46, 0.48, 0.22, 0.3, 7.3, 18.92, 17.83, 110.76, 0.39, 0.69, 327.25, 0.67, 0.89, 0.47, 265.26, 124.15, 396.71, 243.07, 928.49], "is_optimal": true}
