{"decisions": {"1 -> 2": 1.0, "1 -> 7": -0.0, "1 -> 8": -0.0, "1 -> 10": -0.0, "1 -> 6": -0.0, "1 -> 4": -0.0, "1 -> 9": -0.0, "1 -> 3": -0.0, "2 -> 3": 1.0, "2 -> 9": -0.0, "2 -> 7": -0.0, "2 -> 4": -0.0, "2 -> 10": -0.0, "2 -> 5": -0.0, "2 -> 6": -0.0, "2 -> 8": -0.0, "3 -> 4": 1.0000000000000047, "3 -> 1": 0.0, "3 -> 5": -0.0, "3 -> 10": -0.0, "3 -> 7": -0.0, "3 -> 2": 0.0, "3 -> 9": -0.0, "3 -> 8": -0.0, "3 -> 6": -0.0, "4 -> 5": 1.0, "4 -> 7": -0.0, "4 -> 10": -0.0, "4 -> 3": -0.0, "4 -> 6": 0.0, "4 -> 8": -0.0, "4 -> 2": -0.0, "4 -> 9": 0.0, "4 -> 1": -0.0, "5 -> 6": 1.0000000000000016, "5 -> 4": -0.0, "5 -> 7": -0.0, "5 -> 1": -0.0, "5 -> 8": -0.0, "5 -> 9": -0.0, "5 -> 2": -0.0, "5 -> 3": -0.0, "6 -> 7": 1.0, "6 -> 4": -0.0, "6 -> 2": -0.0, "6 -> 3": 0.0, "6 -> 9": -0.0, "6 -> 1": -0.0, "6 -> 5": 0.0, "6 -> 8": -0.0, "7 -> 8": 1.0, "7 -> 1": -0.0, "7 -> 5": 0.0, "7 -> 6": -0.0, "7 -> 9": -0.0, "7 -> 3": 0.0, "7 -> 2": -0.0, "7 -> 4": -0.0, "7 -> 10": -0.0, "8 -> 9": 0.9999999999999977, "8 -> 7": 0.0, "8 -> 2": -0.0, "8 -> 4": -0.0, "8 -> 5": -0.0, "8 -> 10": -0.0, "8 -> 1": -0.0, "9 -> 10": 1.0, "9 -> 6": -0.0, "9 -> 4": -0.0, "9 -> 2": -0.0, "9 -> 3": -0.0, "9 -> 1": -0.0, "9 -> 5": -0.0, "9 -> 7": 0.0, "10 -> 1": 1.0, "10 -> 6": -0.0, "10 -> 5": -0.0, "10 -> 9": -0.0, "10 -> 8": -0.0, "10 -> 3": -0.0, "10 -> 2": -0.0, "10 -> 4": -0.0, "10 -> 7": -0.0}, "decision_costs": {"1 -> 2": 12618.0, "1 -> 7": 5931.0, "1 -> 8": 8833.0, "1 -> 10": 10094.0, "1 -> 6": 6057.0, "1 -> 4": 12365.0, "1 -> 9": 7949.0, "1 -> 3": 10220.0, "2 -> 3": 12618.0, "2 -> 9": 1767.0, "2 -> 7": 10725.0, "2 -> 4": 4164.0, "2 -> 10": 4921.0, "2 -> 5": 9968.0, "2 -> 6": 7066.0, "2 -> 8": 11356.0, "3 -> 4": 12618.0, "3 -> 1": 6561.0, "3 -> 5": 10347.0, "3 -> 10": 9842.0, "3 -> 7": 6309.0, "3 -> 2": 6561.0, "3 -> 9": 11608.0, "3 -> 8": 6688.0, "3 -> 6": 9463.0, "4 -> 5": 12618.0, "4 -> 7": 10094.0, "4 -> 10": 11104.0, "4 -> 3": 6057.0, "4 -> 6": 2650.0, "4 -> 8": 7823.0, "4 -> 2": 11987.0, "4 -> 9": 2524.0, "4 -> 1": 2776.0, "5 -> 6": 12618.0, "5 -> 4": 3660.0, "5 -> 7": 4669.0, "5 -> 1": 6561.0, "5 -> 8": 2524.0, "5 -> 9": 4795.0, "5 -> 2": 4543.0, "5 -> 3": 12239.0, "6 -> 7": 12618.0, "6 -> 4": 2776.0, "6 -> 2": 2019.0, "6 -> 3": 12113.0, "6 -> 9": 10599.0, "6 -> 1": 5426.0, "6 -> 5": 1262.0, "6 -> 8": 10473.0, "7 -> 8": 12618.0, "7 -> 1": 12492.0, "7 -> 5": 6688.0, "7 -> 6": 5552.0, "7 -> 9": 6435.0, "7 -> 3": 2145.0, "7 -> 2": 8706.0, "7 -> 4": 11230.0, "7 -> 10": 11608.0, "8 -> 9": 12618.0, "8 -> 7": 8076.0, "8 -> 2": 5426.0, "8 -> 4": 10978.0, "8 -> 5": 7949.0, "8 -> 10": 6688.0, "8 -> 1": 6688.0, "9 -> 10": 12618.0, "9 -> 6": 5678.0, "9 -> 4": 2902.0, "9 -> 2": 10220.0, "9 -> 3": 2272.0, "9 -> 1": 8202.0, "9 -> 5": 4921.0, "9 -> 7": 3155.0, "10 -> 1": 12618.0, "10 -> 6": 8454.0, "10 -> 5": 6940.0, "10 -> 9": 12492.0, "10 -> 8": 2145.0, "10 -> 3": 11861.0, "10 -> 2": 9337.0, "10 -> 4": 7066.0, "10 -> 7": 7445.0}, "bounds": [-1e+100, -1e+100, -1e+100, -1e+100, 0.0, 28030.0, 28030.0, 28030.0, 71066.0, 79933.0, 84790.0, 87977.0, 87977.0, 94978.0, 106020.0, 106020.0, 113197.0, 113197.0, 113197.0, 113197.0, 113197.0, 113197.0, 113197.0], "objectives": [0.0, 0.0, 0.0, 0.0, 0.0, 46436.0, 72680.0, 97414.0, 85553.0, 130849.0, 187379.0, 121260.0, 109905.0, 142962.0, 129968.0, 216779.0, 125424.0, 130850.0, 129588.0, 142586.0, 187129.0, 170723.0, 126180.0], "run_times": [0.0, 0.09, 0.05, 0.05, 0.05, 0.05, 0.08, 0.06, 0.09, 0.13, 0.14, 0.18, 0.13, 0.19, 0.26, 0.23, 2.66, 9.06, 10.51, 6.78, 9.38, 11.99, 9.89], "is_optimal": true}
