{"decisions": {"1 -> 2": 1.0, "1 -> 7": -0.0, "1 -> 8": -0.0, "1 -> 10": -0.0, "1 -> 6": -0.0, "1 -> 4": -0.0, "1 -> 9": -0.0, "1 -> 3": -0.0, "2 -> 3": 0.9999999999999927, "2 -> 9": -0.0, "2 -> 7": -0.0, "2 -> 4": -7.112366251504909e-16, "2 -> 10": 7.396860901565105e-15, "2 -> 5": -0.0, "2 -> 6": -0.0, "2 -> 8": -0.0, "3 -> 4": 0.9999999999999968, "3 -> 1": -0.0, "3 -> 5": -0.0, "3 -> 10": -0.0, "3 -> 7": 2.965336309834754e-14, "3 -> 2": -0.0, "3 -> 9": -0.0, "3 -> 8": -0.0, "3 -> 6": -0.0, "4 -> 5": 1.0, "4 -> 7": -0.0, "4 -> 10": -0.0, "4 -> 3": 0.0, "4 -> 6": -5.440092820663267e-15, "4 -> 8": -0.0, "4 -> 2": -0.0, "4 -> 9": -8.382183835919932e-15, "4 -> 1": -0.0, "5 -> 6": 1.0000000000000013, "5 -> 4": -0.0, "5 -> 7": -0.0, "5 -> 1": -0.0, "5 -> 8": -0.0, "5 -> 9": -0.0, "5 -> 2": -2.498001805406602e-16, "5 -> 3": -0.0, "6 -> 7": 1.0000000000000004, "6 -> 4": -0.0, "6 -> 2": -0.0, "6 -> 3": 7.1002231871730714e-15, "6 -> 9": -0.0, "6 -> 1": -0.0, "6 -> 5": -9.631184738623233e-15, "6 -> 8": -0.0, "7 -> 8": 1.0, "7 -> 1": -0.0, "7 -> 5": -0.0, "7 -> 6": 9.048317650695026e-15, "7 -> 9": -0.0, "7 -> 3": -0.0, "7 -> 2": -0.0, "7 -> 4": -0.0, "7 -> 10": 0.0, "8 -> 9": 0.9999999999999689, "8 -> 7": -2.220446049250313e-16, "8 -> 2": 7.960299086562372e-14, "8 -> 4": -0.0, "8 -> 5": -0.0, "8 -> 10": 2.0941581801992015e-14, "8 -> 1": -0.0, "9 -> 10": 0.9999999999999926, "9 -> 6": -0.0, "9 -> 4": -0.0, "9 -> 2": -0.0, "9 -> 3": -0.0, "9 -> 1": -0.0, "9 -> 5": -0.0, "9 -> 7": -1.554312234475219e-14, "10 -> 1": 0.999999999999991, "10 -> 6": -0.0, "10 -> 5": 1.9012569296705806e-14, "10 -> 9": -0.0, "10 -> 8": -3.774758283725532e-15, "10 -> 3": -0.0, "10 -> 2": -0.0, "10 -> 4": -0.0, "10 -> 7": -0.0}, "decision_costs": {"1 -> 2": 25235.0, "1 -> 7": 11861.0, "1 -> 8": 17665.0, "1 -> 10": 20188.0, "1 -> 6": 12113.0, "1 -> 4": 24730.0, "1 -> 9": 15898.0, "1 -> 3": 20440.0, "2 -> 3": 25235.0, "2 -> 9": 3533.0, "2 -> 7": 21450.0, "2 -> 4": 8328.0, "2 -> 10": 9842.0, "2 -> 5": 19936.0, "2 -> 6": 14132.0, "2 -> 8": 22712.0, "3 -> 4": 25235.0, "3 -> 1": 13122.0, "3 -> 5": 20693.0, "3 -> 10": 19683.0, "3 -> 7": 12618.0, "3 -> 2": 13122.0, "3 -> 9": 23216.0, "3 -> 8": 13375.0, "3 -> 6": 18926.0, "4 -> 5": 25235.0, "4 -> 7": 20188.0, "4 -> 10": 22207.0, "4 -> 3": 12113.0, "4 -> 6": 5300.0, "4 -> 8": 15646.0, "4 -> 2": 23973.0, "4 -> 9": 5047.0, "4 -> 1": 5552.0, "5 -> 6": 25235.0, "5 -> 4": 7319.0, "5 -> 7": 9337.0, "5 -> 1": 13122.0, "5 -> 8": 5047.0, "5 -> 9": 9590.0, "5 -> 2": 9085.0, "5 -> 3": 24478.0, "6 -> 7": 25235.0, "6 -> 4": 5552.0, "6 -> 2": 4038.0, "6 -> 3": 24226.0, "6 -> 9": 21198.0, "6 -> 1": 10851.0, "6 -> 5": 2524.0, "6 -> 8": 20945.0, "7 -> 8": 25235.0, "7 -> 1": 24983.0, "7 -> 5": 13375.0, "7 -> 6": 11104.0, "7 -> 9": 12870.0, "7 -> 3": 4290.0, "7 -> 2": 17412.0, "7 -> 4": 22459.0, "7 -> 10": 23216.0, "8 -> 9": 25235.0, "8 -> 7": 16151.0, "8 -> 2": 10851.0, "8 -> 4": 21955.0, "8 -> 5": 15898.0, "8 -> 10": 13375.0, "8 -> 1": 13375.0, "9 -> 10": 25235.0, "9 -> 6": 11356.0, "9 -> 4": 5804.0, "9 -> 2": 20440.0, "9 -> 3": 4543.0, "9 -> 1": 16403.0, "9 -> 5": 9842.0, "9 -> 7": 6309.0, "10 -> 1": 25235.0, "10 -> 6": 16908.0, "10 -> 5": 13880.0, "10 -> 9": 24983.0, "10 -> 8": 4290.0, "10 -> 3": 23721.0, "10 -> 2": 18674.0, "10 -> 4": 14132.0, "10 -> 7": 14889.0}, "bounds": [-1e+100, -1e+100, -1e+100, -1e+100, 0.0, 56055.0, 56055.0, 56055.0, 142126.0, 159859.0, 169572.0, 175945.0, 175945.0, 189949.18, 212030.0, 212030.0, 226372.2, 226372.2, 226372.2, 226372.2, 226372.2, 226372.2, 227221.22], "objectives": [0.0, 0.0, 0.0, 0.0, 0.0, 92868.0, 145356.0, 194818.0, 171098.0, 261690.0, 374744.0, 242511.0, 219800.0, 285916.0, 259925.0, 433544.0, 250838.0, 261691.0, 259166.0, 292983.0, 358340.0, 350268.0, 252350.0], "run_times": [0.0, 0.06, 0.05, 0.06, 0.08, 0.05, 0.07, 0.07, 0.1, 0.13, 0.14, 0.19, 0.13, 0.2, 0.26, 0.23, 2.64, 9.09, 10.4, 6.93, 8.43, 10.52, 7.66], "is_optimal": true}
