{"decisions": {"1 -> 2": 1.000000000000007, "1 -> 7": -0.0, "1 -> 8": -1.938369841039368e-16, "1 -> 10": -1.7208456881689926e-14, "1 -> 6": -0.0, "1 -> 4": -0.0, "1 -> 9": -0.0, "1 -> 3": -0.0, "2 -> 3": 1.0, "2 -> 9": -0.0, "2 -> 7": -0.0, "2 -> 4": 0.0, "2 -> 10": -0.0, "2 -> 5": -0.0, "2 -> 6": -0.0, "2 -> 8": -0.0, "3 -> 4": 0.9999999999999989, "3 -> 1": 3.885780586188048e-14, "3 -> 5": -0.0, "3 -> 10": -0.0, "3 -> 7": -0.0, "3 -> 2": -0.0, "3 -> 9": -0.0, "3 -> 8": 2.240814331282418e-15, "3 -> 6": -0.0, "4 -> 5": 1.0, "4 -> 7": -0.0, "4 -> 10": -0.0, "4 -> 3": -0.0, "4 -> 6": 8.104628079763643e-15, "4 -> 8": -0.0, "4 -> 2": -0.0, "4 -> 9": -0.0, "4 -> 1": -2.2426505097428162e-14, "5 -> 6": 1.0000000000000007, "5 -> 4": 2.1094237467877974e-14, "5 -> 7": -0.0, "5 -> 1": -0.0, "5 -> 8": -0.0, "5 -> 9": -0.0, "5 -> 2": -1.0880185641326534e-14, "5 -> 3": -0.0, "6 -> 7": 1.0, "6 -> 4": -0.0, "6 -> 2": -0.0, "6 -> 3": -0.0, "6 -> 9": -0.0, "6 -> 1": -0.0, "6 -> 5": -0.0, "6 -> 8": -0.0, "7 -> 8": 1.0, "7 -> 1": -0.0, "7 -> 5": -0.0, "7 -> 6": -0.0, "7 -> 9": -0.0, "7 -> 3": 2.8659666026558124e-17, "7 -> 2": -0.0, "7 -> 4": -0.0, "7 -> 10": -0.0, "8 -> 9": 1.0, "8 -> 7": -0.0, "8 -> 2": -0.0, "8 -> 4": -0.0, "8 -> 5": -0.0, "8 -> 10": -0.0, "8 -> 1": -0.0, "9 -> 10": 1.0000000000000129, "9 -> 6": -0.0, "9 -> 4": -1.354472090042691e-14, "9 -> 2": -0.0, "9 -> 3": -0.0, "9 -> 1": -0.0, "9 -> 5": -0.0, "9 -> 7": -1.2656542480726785e-14, "10 -> 1": 1.0, "10 -> 6": -0.0, "10 -> 5": -0.0, "10 -> 9": -0.0, "10 -> 8": 0.0, "10 -> 3": -0.0, "10 -> 2": -0.0, "10 -> 4": -0.0, "10 -> 7": -0.0}, "decision_costs": {"1 -> 2": 2524.0, "1 -> 7": 1187.0, "1 -> 8": 1767.0, "1 -> 10": 2019.0, "1 -> 6": 1212.0, "1 -> 4": 2473.0, "1 -> 9": 1590.0, "1 -> 3": 2044.0, "2 -> 3": 2524.0, "2 -> 9": 354.0, "2 -> 7": 2145.0, "2 -> 4": 833.0, "2 -> 10": 985.0, "2 -> 5": 1994.0, "2 -> 6": 1414.0, "2 -> 8": 2272.0, "3 -> 4": 2524.0, "3 -> 1": 1313.0, "3 -> 5": 2070.0, "3 -> 10": 1969.0, "3 -> 7": 1262.0, "3 -> 2": 1313.0, "3 -> 9": 2322.0, "3 -> 8": 1338.0, "3 -> 6": 1893.0, "4 -> 5": 2524.0, "4 -> 7": 2019.0, "4 -> 10": 2221.0, "4 -> 3": 1212.0, "4 -> 6": 530.0, "4 -> 8": 1565.0, "4 -> 2": 2398.0, "4 -> 9": 505.0, "4 -> 1": 556.0, "5 -> 6": 2524.0, "5 -> 4": 732.0, "5 -> 7": 934.0, "5 -> 1": 1313.0, "5 -> 8": 505.0, "5 -> 9": 959.0, "5 -> 2": 909.0, "5 -> 3": 2448.0, "6 -> 7": 2524.0, "6 -> 4": 556.0, "6 -> 2": 404.0, "6 -> 3": 2423.0, "6 -> 9": 2120.0, "6 -> 1": 1086.0, "6 -> 5": 253.0, "6 -> 8": 2095.0, "7 -> 8": 2524.0, "7 -> 1": 2499.0, "7 -> 5": 1338.0, "7 -> 6": 1111.0, "7 -> 9": 1287.0, "7 -> 3": 429.0, "7 -> 2": 1742.0, "7 -> 4": 2246.0, "7 -> 10": 2322.0, "8 -> 9": 2524.0, "8 -> 7": 1616.0, "8 -> 2": 1086.0, "8 -> 4": 2196.0, "8 -> 5": 1590.0, "8 -> 10": 1338.0, "8 -> 1": 1338.0, "9 -> 10": 2524.0, "9 -> 6": 1136.0, "9 -> 4": 581.0, "9 -> 2": 2044.0, "9 -> 3": 455.0, "9 -> 1": 1641.0, "9 -> 5": 985.0, "9 -> 7": 631.0, "10 -> 1": 2524.0, "10 -> 6": 1691.0, "10 -> 5": 1388.0, "10 -> 9": 2499.0, "10 -> 8": 429.0, "10 -> 3": 2373.0, "10 -> 2": 1868.0, "10 -> 4": 1414.0, "10 -> 7": 1489.0}, "bounds": [-1e+100, -1e+100, -1e+100, -1e+100, 0.0, 5609.0, 5609.0, 5609.0, 14217.0, 15992.0, 16984.0, 17524.0, 17524.0, 18971.0, 19659.0, 19659.0, 19659.0, 20980.0, 20980.0, 20980.0, 24093.0], "objectives": [0.0, 0.0, 0.0, 0.0, 0.0, 9291.0, 14541.0, 19489.0, 17115.0, 26176.0, 35921.0, 27488.0, 25647.0, 21305.0, 20723.0, 26858.0, 37135.0, 23121.0, 25240.0, 24004.0, 24662.0], "run_times": [0.0, 0.07, 0.05, 0.05, 0.05, 0.05, 0.07, 0.06, 0.08, 0.12, 0.14, 0.18, 0.14, 0.2, 0.2, 0.16, 0.19, 2.28, 8.2, 7.38, 5.84], "is_optimal": true}
