{"decisions": {"1 -> 2": 1.0, "1 -> 10": -0.0, "1 -> 8": -0.0, "1 -> 7": -0.0, "1 -> 4": -0.0, "1 -> 9": -0.0, "1 -> 5": -0.0, "1 -> 3": -0.0, "1 -> 6": 7.438494264988549e-15, "2 -> 3": 1.0, "2 -> 4": -0.0, "2 -> 7": -0.0, "2 -> 9": -0.0, "2 -> 8": 0.0, "2 -> 10": -0.0, "3 -> 4": 1.0, "3 -> 2": -0.0, "3 -> 1": -0.0, "3 -> 7": -0.0, "3 -> 10": -0.0, "3 -> 9": 0.0, "4 -> 5": 1.0, "4 -> 3": -0.0, "4 -> 10": -0.0, "4 -> 8": -0.0, "4 -> 7": -0.0, "4 -> 2": -0.0, "4 -> 6": -0.0, "5 -> 6": 1.0, "5 -> 2": -0.0, "5 -> 8": -0.0, "5 -> 3": -0.0, "5 -> 10": -0.0, "6 -> 7": 1.0, "6 -> 10": -0.0, "6 -> 8": -0.0, "6 -> 1": -0.0, "6 -> 3": -0.0, "7 -> 8": 0.9999999999999991, "7 -> 1": -0.0, "7 -> 9": -0.0, "7 -> 2": 0.0, "7 -> 3": -0.0, "8 -> 9": 1.0, "8 -> 3": -0.0, "8 -> 7": -0.0, "8 -> 2": -0.0, "8 -> 6": -0.0, "8 -> 4": -0.0, "8 -> 5": -0.0, "8 -> 1": -0.0, "9 -> 10": 1.0, "9 -> 6": 1.0, "9 -> 2": -0.0, "9 -> 7": 1.0, "9 -> 3": 0.0, "10 -> 1": 1.0, "10 -> 6": -0.0, "10 -> 4": -0.0, "10 -> 9": -0.0}, "decision_costs": {"1 -> 2": 601.0, "1 -> 10": 247.0, "1 -> 8": 379.0, "1 -> 7": 373.0, "1 -> 4": 247.0, "1 -> 9": 415.0, "1 -> 5": 421.0, "1 -> 3": 517.0, "1 -> 6": 79.0, "2 -> 3": 601.0, "2 -> 4": 445.0, "2 -> 7": 343.0, "2 -> 9": 181.0, "2 -> 8": 367.0, "2 -> 10": 517.0, "3 -> 4": 601.0, "3 -> 2": 559.0, "3 -> 1": 145.0, "3 -> 7": 241.0, "3 -> 10": 523.0, "3 -> 9": 73.0, "4 -> 5": 601.0, "4 -> 3": 109.0, "4 -> 10": 325.0, "4 -> 8": 295.0, "4 -> 7": 541.0, "4 -> 2": 433.0, "4 -> 6": 481.0, "5 -> 6": 601.0, "5 -> 2": 127.0, "5 -> 8": 541.0, "5 -> 3": 529.0, "5 -> 10": 583.0, "6 -> 7": 601.0, "6 -> 10": 307.0, "6 -> 8": 397.0, "6 -> 1": 91.0, "6 -> 3": 175.0, "7 -> 8": 601.0, "7 -> 1": 289.0, "7 -> 9": 577.0, "7 -> 2": 91.0, "7 -> 3": 361.0, "8 -> 9": 601.0, "8 -> 3": 343.0, "8 -> 7": 361.0, "8 -> 2": 259.0, "8 -> 6": 343.0, "8 -> 4": 229.0, "8 -> 5": 289.0, "8 -> 1": 247.0, "9 -> 10": 601.0, "9 -> 6": 301.0, "9 -> 2": 493.0, "9 -> 7": 217.0, "9 -> 3": 409.0, "10 -> 1": 601.0, "10 -> 6": 379.0, "10 -> 4": 541.0, "10 -> 9": 199.0}, "bounds": [-1e+100, -1e+100, -1e+100, -1e+100, 0.0, 1202.0, 1803.0, 1803.0, 1803.0, 3431.0, 3431.0, 4782.0, 4782.0, 5432.0, 5432.0, 5655.0, 5655.0, 5655.0, 5655.0, 5659.0, 5659.0, 6294.0, 6353.0, 6356.0, 6528.0], "objectives": [0.0, 0.0, 0.0, 0.0, 0.0, 1202.0, 2182.0, 7703.0, 8673.0, 4853.0, 8517.0, 6753.0, 9711.0, 6812.0, 9046.0, 6501.0, 6390.0, 6679.0, 6600.0, 6558.0, 6570.0, 6595.0, 6570.0, 6570.0, 6528.0], "run_times": [0.0, 0.1, 0.04, 0.04, 0.04, 0.04, 0.07, 0.08, 0.06, 0.08, 0.09, 0.07, 0.09, 0.08, 0.08, 0.1, 0.08, 0.06, 0.03, 0.03, 0.03, 2.85, 1.12, 1.02, 1.03], "is_optimal": true}
