{"decisions": {"1 -> 2": 1.0, "1 -> 10": -0.0, "1 -> 8": -0.0, "1 -> 7": -0.0, "1 -> 4": -0.0, "1 -> 9": -0.0, "1 -> 5": -0.0, "1 -> 3": -0.0, "1 -> 6": 7.438494264988549e-15, "2 -> 3": 1.0, "2 -> 4": -0.0, "2 -> 7": -0.0, "2 -> 9": -0.0, "2 -> 8": -0.0, "2 -> 10": -0.0, "3 -> 4": 1.0, "3 -> 2": -0.0, "3 -> 1": -0.0, "3 -> 7": -0.0, "3 -> 10": -0.0, "3 -> 9": 0.0, "4 -> 5": 1.0, "4 -> 3": -0.0, "4 -> 10": -0.0, "4 -> 8": 0.0, "4 -> 7": -0.0, "4 -> 2": -0.0, "4 -> 6": -0.0, "5 -> 6": 1.0, "5 -> 2": -0.0, "5 -> 8": -0.0, "5 -> 3": -0.0, "5 -> 10": -0.0, "6 -> 7": 1.0, "6 -> 10": -0.0, "6 -> 8": -0.0, "6 -> 1": -0.0, "6 -> 3": -0.0, "7 -> 8": 1.0000000000000007, "7 -> 1": -0.0, "7 -> 9": -0.0, "7 -> 2": -0.0, "7 -> 3": -0.0, "8 -> 9": 1.0, "8 -> 3": -0.0, "8 -> 7": 0.0, "8 -> 2": -0.0, "8 -> 6": -0.0, "8 -> 4": -0.0, "8 -> 5": -0.0, "8 -> 1": -0.0, "9 -> 10": 1.0, "9 -> 6": 1.0, "9 -> 2": -0.0, "9 -> 7": 1.0, "9 -> 3": -0.0, "10 -> 1": 1.0, "10 -> 6": -0.0, "10 -> 4": -0.0, "10 -> 9": -0.0}, "decision_costs": {"1 -> 2": 3003.0, "1 -> 10": 1231.0, "1 -> 8": 1892.0, "1 -> 7": 1862.0, "1 -> 4": 1231.0, "1 -> 9": 2072.0, "1 -> 5": 2102.0, "1 -> 3": 2582.0, "1 -> 6": 391.0, "2 -> 3": 3003.0, "2 -> 4": 2222.0, "2 -> 7": 1712.0, "2 -> 9": 901.0, "2 -> 8": 1832.0, "2 -> 10": 2582.0, "3 -> 4": 3003.0, "3 -> 2": 2793.0, "3 -> 1": 721.0, "3 -> 7": 1201.0, "3 -> 10": 2613.0, "3 -> 9": 361.0, "4 -> 5": 3003.0, "4 -> 3": 541.0, "4 -> 10": 1622.0, "4 -> 8": 1472.0, "4 -> 7": 2703.0, "4 -> 2": 2162.0, "4 -> 6": 2402.0, "5 -> 6": 3003.0, "5 -> 2": 631.0, "5 -> 8": 2703.0, "5 -> 3": 2643.0, "5 -> 10": 2913.0, "6 -> 7": 3003.0, "6 -> 10": 1532.0, "6 -> 8": 1982.0, "6 -> 1": 451.0, "6 -> 3": 871.0, "7 -> 8": 3003.0, "7 -> 1": 1442.0, "7 -> 9": 2883.0, "7 -> 2": 451.0, "7 -> 3": 1802.0, "8 -> 9": 3003.0, "8 -> 3": 1712.0, "8 -> 7": 1802.0, "8 -> 2": 1291.0, "8 -> 6": 1712.0, "8 -> 4": 1141.0, "8 -> 5": 1442.0, "8 -> 1": 1231.0, "9 -> 10": 3003.0, "9 -> 6": 1502.0, "9 -> 2": 2462.0, "9 -> 7": 1081.0, "9 -> 3": 2042.0, "10 -> 1": 3003.0, "10 -> 6": 1892.0, "10 -> 4": 2703.0, "10 -> 9": 991.0}, "bounds": [-1e+100, -1e+100, -1e+100, -1e+100, 0.0, 6006.0, 9009.0, 9009.0, 9009.0, 17130.0, 17130.0, 23876.0, 23876.0, 27180.0, 27180.0, 28183.0, 28183.0, 28183.0, 32005.0, 32005.0, 32005.0, 32005.0, 32097.0, 32097.0, 32097.0, 32097.0, 32126.0, 32126.0], "objectives": [0.0, 0.0, 0.0, 0.0, 0.0, 6006.0, 10901.0, 38442.0, 43277.0, 24236.0, 42497.0, 33726.0, 48472.0, 33665.0, 50782.0, 33277.0, 31923.0, 33365.0, 32823.0, 33154.0, 33033.0, 33004.0, 32763.0, 32944.0, 32823.0, 32823.0, 32613.0, 32553.0], "run_times": [0.0, 0.11, 0.05, 0.04, 0.04, 0.04, 0.07, 0.08, 0.06, 0.08, 0.09, 0.07, 0.11, 0.08, 0.08, 0.1, 0.09, 0.08, 2.24, 1.13, 1.01, 1.0, 1.03, 0.85, 0.98, 1.06, 0.96, 0.92], "is_optimal": true}
