{"decisions": {"1 -> 2": -0.0, "1 -> 10": -0.0, "1 -> 8": -0.0, "1 -> 7": -0.0, "1 -> 4": -0.0, "1 -> 9": -0.0, "1 -> 5": -0.0, "1 -> 3": -0.0, "1 -> 6": -0.0, "2 -> 3": -0.0, "2 -> 4": -0.0, "2 -> 7": -0.0, "2 -> 9": -0.0, "2 -> 8": -0.0, "2 -> 10": -0.0, "2 -> 1": -0.0, "2 -> 5": -0.0, "2 -> 6": 5.828670879282072e-15, "3 -> 4": -0.0, "3 -> 2": 1.0, "3 -> 1": 0.9999999999999999, "3 -> 7": 3.885780586188048e-16, "3 -> 10": -0.0, "3 -> 9": 0.9999999999999807, "3 -> 8": -0.0, "4 -> 5": 1.0, "4 -> 3": 1.0, "4 -> 10": -0.0, "4 -> 8": -0.0, "4 -> 7": -0.0, "4 -> 2": -0.0, "4 -> 6": -0.0, "4 -> 1": -0.0, "4 -> 9": -0.0, "5 -> 6": 1.0, "5 -> 2": -0.0, "5 -> 8": -0.0, "5 -> 3": 1.0, "5 -> 10": -0.0, "5 -> 1": 0.0, "6 -> 7": 1.0, "6 -> 10": -0.0, "6 -> 8": -0.0, "6 -> 1": 1.0000000000000009, "6 -> 3": -0.0, "6 -> 5": -0.0, "6 -> 4": 1.0, "7 -> 8": 1.0, "7 -> 1": -0.0, "7 -> 9": -0.0, "7 -> 2": 1.0, "7 -> 3": -0.0, "7 -> 10": -0.0, "7 -> 5": -0.0, "7 -> 4": -0.0, "7 -> 6": -0.0, "8 -> 9": 1.0, "8 -> 3": 3.0531133177191805e-16, "8 -> 7": -0.0, "8 -> 2": -0.0, "8 -> 6": -0.0, "8 -> 4": -0.0, "8 -> 5": 1.0, "8 -> 1": 0.9999999999999994, "8 -> 10": -0.0, "9 -> 10": -0.0, "9 -> 6": 1.0, "9 -> 2": -0.0, "9 -> 7": -0.0, "9 -> 3": -0.0, "9 -> 8": -0.0, "9 -> 5": -0.0, "9 -> 4": 1.0, "10 -> 1": -0.0, "10 -> 6": -0.0, "10 -> 4": -0.0, "10 -> 9": 1.0000000000000002, "10 -> 7": -0.0, "10 -> 5": -0.0, "10 -> 8": -2.6145752229922437e-14, "10 -> 2": 0.0, "10 -> 3": 0.9999999999999997}, "decision_costs": {"1 -> 2": 3005.0, "1 -> 10": 1232.0, "1 -> 8": 1893.0, "1 -> 7": 1863.0, "1 -> 4": 1232.0, "1 -> 9": 2074.0, "1 -> 5": 2104.0, "1 -> 3": 2585.0, "1 -> 6": 391.0, "2 -> 3": 3005.0, "2 -> 4": 2224.0, "2 -> 7": 1713.0, "2 -> 9": 902.0, "2 -> 8": 1833.0, "2 -> 10": 2585.0, "2 -> 1": 2765.0, "2 -> 5": 2104.0, "2 -> 6": 782.0, "3 -> 4": 3005.0, "3 -> 2": 2795.0, "3 -> 1": 722.0, "3 -> 7": 1202.0, "3 -> 10": 2615.0, "3 -> 9": 361.0, "3 -> 8": 2014.0, "4 -> 5": 3005.0, "4 -> 3": 541.0, "4 -> 10": 1623.0, "4 -> 8": 1473.0, "4 -> 7": 2705.0, "4 -> 2": 2164.0, "4 -> 6": 2404.0, "4 -> 1": 1803.0, "4 -> 9": 2675.0, "5 -> 6": 3005.0, "5 -> 2": 631.0, "5 -> 8": 2705.0, "5 -> 3": 2645.0, "5 -> 10": 2915.0, "5 -> 1": 2554.0, "6 -> 7": 3005.0, "6 -> 10": 1533.0, "6 -> 8": 1984.0, "6 -> 1": 451.0, "6 -> 3": 872.0, "6 -> 5": 1833.0, "6 -> 4": 872.0, "7 -> 8": 3005.0, "7 -> 1": 1443.0, "7 -> 9": 2885.0, "7 -> 2": 451.0, "7 -> 3": 1803.0, "7 -> 10": 451.0, "7 -> 5": 421.0, "7 -> 4": 2494.0, "7 -> 6": 1353.0, "8 -> 9": 3005.0, "8 -> 3": 1713.0, "8 -> 7": 1803.0, "8 -> 2": 1293.0, "8 -> 6": 1713.0, "8 -> 4": 1142.0, "8 -> 5": 1443.0, "8 -> 1": 1232.0, "8 -> 10": 1563.0, "9 -> 10": 3005.0, "9 -> 6": 1503.0, "9 -> 2": 2464.0, "9 -> 7": 1082.0, "9 -> 3": 2044.0, "9 -> 8": 2104.0, "9 -> 5": 1773.0, "9 -> 4": 481.0, "10 -> 1": 3005.0, "10 -> 6": 1893.0, "10 -> 4": 2705.0, "10 -> 9": 992.0, "10 -> 7": 2104.0, "10 -> 5": 2164.0, "10 -> 8": 541.0, "10 -> 2": 2224.0, "10 -> 3": 1533.0}, "bounds": [-1e+100, -1e+100, -1e+100, -1e+100, 0.0, 4164.0, 4164.0, 4164.0, 10212.0, 10212.0, 15514.0, 15514.0, 15514.0, 15514.0, 20803.0, 20803.0, 20803.0, 20803.0, 20803.0, 20803.0, 20803.0, 20803.0, 20803.0, 20803.0, 20803.0, 20803.0, 20803.0, 20803.0, 20803.0, 20803.0, 21606.0, 21606.0, 21606.0, 21606.0, 21606.0, 21606.0, 21606.0, 21606.0, 21606.0, 21606.0, 23195.0, 25272.0, 25645.0, 25645.0, 25645.0, 25713.0, 25713.0, 26148.0, 26148.0, 26776.0, 26776.0, 27333.0, 27983.0, 28546.0, 28575.0, 28826.0, 29238.0, 29537.0], "objectives": [0.0, 0.0, 0.0, 0.0, 0.0, 6371.0, 23264.0, 33422.0, 18273.0, 21879.0, 23051.0, 32399.0, 30326.0, 36247.0, 31254.0, 24643.0, 37086.0, 32549.0, 31106.0, 30807.0, 29547.0, 33541.0, 36096.0, 35795.0, 38109.0, 37061.0, 44751.0, 41234.0, 33901.0, 36517.0, 41565.0, 37718.0, 36606.0, 35795.0, 36516.0, 33778.0, 33657.0, 31675.0, 32125.0, 32997.0, 32456.0, 32097.0, 31110.0, 31734.0, 32185.0, 30716.0, 31619.0, 31739.0, 31979.0, 32070.0, 31705.0, 31950.0, 31919.0, 31438.0, 31890.0, 31465.0, 31283.0, 31047.0], "run_times": [0.0, 0.31, 0.1, 0.11, 0.08, 0.08, 0.23, 0.26, 0.24, 0.33, 0.3, 0.26, 0.29, 0.24, 4.58, 11.47, 7.0, 9.42, 9.3, 6.54, 8.19, 7.74, 7.67, 2.4, 0.62, 3.46, 8.26, 5.83, 0.24, 0.24, 0.86, 6.87, 5.34, 3.68, 2.19, 13.83, 0.4, 0.38, 0.2, 0.15, 0.72, 18.78, 6.4, 9.5, 8.57, 5.66, 7.01, 8.51, 6.18, 5.79, 5.76, 13.53, 10.16, 21.43, 6.32, 7.96, 19.01, 17.34], "is_optimal": true}
