{"decisions": {"1 -> 2": -0.0, "1 -> 10": -0.0, "1 -> 8": -0.0, "1 -> 7": 0.0, "1 -> 4": -0.0, "1 -> 9": -0.0, "1 -> 5": -0.0, "1 -> 3": -0.0, "1 -> 6": -0.0, "2 -> 3": -0.0, "2 -> 4": -0.0, "2 -> 7": -0.0, "2 -> 9": -0.0, "2 -> 8": -0.0, "2 -> 10": -0.0, "2 -> 1": -0.0, "2 -> 5": -0.0, "2 -> 6": -0.0, "3 -> 4": -0.0, "3 -> 2": 1.0, "3 -> 1": 1.0, "3 -> 7": 0.0, "3 -> 10": -0.0, "3 -> 9": 1.0, "3 -> 8": -0.0, "4 -> 5": 1.0, "4 -> 3": 1.0, "4 -> 10": -0.0, "4 -> 8": 0.0, "4 -> 7": -0.0, "4 -> 2": -0.0, "4 -> 6": -0.0, "4 -> 1": 0.0, "4 -> 9": 0.0, "5 -> 6": 1.0, "5 -> 2": -0.0, "5 -> 8": -0.0, "5 -> 3": 1.0, "5 -> 10": -0.0, "5 -> 1": 0.0, "6 -> 7": 1.0, "6 -> 10": -0.0, "6 -> 8": 0.0, "6 -> 1": 1.0, "6 -> 3": 0.0, "6 -> 5": -0.0, "6 -> 4": 1.0000000000000027, "7 -> 8": 1.0, "7 -> 1": 0.0, "7 -> 9": -0.0, "7 -> 2": 1.0, "7 -> 3": 0.0, "7 -> 10": -0.0, "7 -> 5": -0.0, "7 -> 4": -0.0, "7 -> 6": -0.0, "8 -> 9": 1.0, "8 -> 3": -0.0, "8 -> 7": -0.0, "8 -> 2": 0.0, "8 -> 6": -0.0, "8 -> 4": -0.0, "8 -> 5": 1.0, "8 -> 1": 1.0, "8 -> 10": -0.0, "9 -> 10": -0.0, "9 -> 6": 0.9999999999999971, "9 -> 2": -0.0, "9 -> 7": -0.0, "9 -> 3": -0.0, "9 -> 8": -0.0, "9 -> 5": -0.0, "9 -> 4": 1.0, "10 -> 1": -0.0, "10 -> 6": -0.0, "10 -> 4": -0.0, "10 -> 9": 1.0, "10 -> 7": 0.0, "10 -> 5": -0.0, "10 -> 8": -0.0, "10 -> 2": 0.0, "10 -> 3": 1.0}, "decision_costs": {"1 -> 2": 3005.0, "1 -> 10": 1232.0, "1 -> 8": 1893.0, "1 -> 7": 1863.0, "1 -> 4": 1232.0, "1 -> 9": 2074.0, "1 -> 5": 2104.0, "1 -> 3": 2585.0, "1 -> 6": 391.0, "2 -> 3": 3005.0, "2 -> 4": 2224.0, "2 -> 7": 1713.0, "2 -> 9": 902.0, "2 -> 8": 1833.0, "2 -> 10": 2585.0, "2 -> 1": 2765.0, "2 -> 5": 2104.0, "2 -> 6": 782.0, "3 -> 4": 3005.0, "3 -> 2": 2795.0, "3 -> 1": 722.0, "3 -> 7": 1202.0, "3 -> 10": 2615.0, "3 -> 9": 361.0, "3 -> 8": 2014.0, "4 -> 5": 3005.0, "4 -> 3": 541.0, "4 -> 10": 1623.0, "4 -> 8": 1473.0, "4 -> 7": 2705.0, "4 -> 2": 2164.0, "4 -> 6": 2404.0, "4 -> 1": 1803.0, "4 -> 9": 2675.0, "5 -> 6": 3005.0, "5 -> 2": 631.0, "5 -> 8": 2705.0, "5 -> 3": 2645.0, "5 -> 10": 2915.0, "5 -> 1": 2554.0, "6 -> 7": 3005.0, "6 -> 10": 1533.0, "6 -> 8": 1984.0, "6 -> 1": 451.0, "6 -> 3": 872.0, "6 -> 5": 1833.0, "6 -> 4": 872.0, "7 -> 8": 3005.0, "7 -> 1": 1443.0, "7 -> 9": 2885.0, "7 -> 2": 451.0, "7 -> 3": 1803.0, "7 -> 10": 451.0, "7 -> 5": 421.0, "7 -> 4": 2494.0, "7 -> 6": 1353.0, "8 -> 9": 3005.0, "8 -> 3": 1713.0, "8 -> 7": 1803.0, "8 -> 2": 1293.0, "8 -> 6": 1713.0, "8 -> 4": 1142.0, "8 -> 5": 1443.0, "8 -> 1": 1232.0, "8 -> 10": 1563.0, "9 -> 10": 3005.0, "9 -> 6": 1503.0, "9 -> 2": 2464.0, "9 -> 7": 1082.0, "9 -> 3": 2044.0, "9 -> 8": 2104.0, "9 -> 5": 1773.0, "9 -> 4": 481.0, "10 -> 1": 3005.0, "10 -> 6": 1893.0, "10 -> 4": 2705.0, "10 -> 9": 992.0, "10 -> 7": 2104.0, "10 -> 5": 2164.0, "10 -> 8": 541.0, "10 -> 2": 2224.0, "10 -> 3": 1533.0}, "bounds": [-1e+100, -1e+100, -1e+100, -1e+100, 0.0, 5162.0, 5162.0, 5162.0, 13757.0, 13757.0, 17770.0, 20136.0, 21172.0, 21172.0, 22773.0, 24439.0, 24439.0, 24439.0, 24439.0, 24439.0, 24439.0, 24439.0, 24439.0, 24439.0, 24439.0, 24439.0, 24439.0, 24439.0, 24439.0, 24439.0, 24439.0, 24439.0, 24439.0, 24439.0, 25802.0, 25802.0, 25802.0, 25802.0, 25802.0, 25802.0, 25802.0, 25802.0, 25868.0, 26315.0, 26619.0, 26619.0, 26619.0, 26619.0, 26619.0, 26619.0, 26619.0, 26619.0, 26619.0, 26619.0, 26619.0, 26619.0, 26619.0, 26993.0, 27799.03, 27799.03, 27865.0, 27865.0, 27865.0, 27865.0], "objectives": [0.0, 0.0, 0.0, 0.0, 0.0, 6371.0, 25276.0, 28494.0, 18722.0, 20737.0, 33181.0, 25876.0, 26897.0, 37417.0, 31197.0, 27045.0, 28973.0, 30715.0, 28854.0, 36696.0, 33752.0, 39010.0, 42075.0, 32011.0, 41325.0, 33334.0, 40514.0, 39224.0, 36067.0, 42318.0, 30411.0, 47485.0, 38892.0, 41506.0, 37028.0, 38290.0, 40695.0, 40724.0, 33334.0, 38981.0, 40936.0, 40902.0, 41476.0, 41267.0, 36667.0, 41115.0, 38319.0, 41385.0, 37601.0, 41085.0, 40816.0, 31168.0, 35130.0, 34382.0, 31734.0, 31313.0, 31705.0, 31465.0, 31377.0, 30025.0, 30866.0, 31047.0, 30866.0, 30777.0], "run_times": [0.0, 0.08, 0.02, 0.02, 0.02, 0.02, 0.06, 0.07, 0.07, 0.07, 0.06, 0.08, 0.08, 0.07, 0.1, 2.57, 2.56, 2.05, 2.19, 3.03, 2.59, 2.28, 2.02, 1.97, 2.66, 2.36, 2.13, 2.22, 2.3, 2.08, 2.21, 2.59, 1.28, 1.69, 1.16, 1.6, 2.45, 2.38, 2.72, 1.92, 2.55, 2.04, 2.1, 2.51, 2.67, 2.14, 2.19, 2.45, 2.2, 2.15, 1.83, 1.89, 0.46, 0.07, 0.05, 0.51, 0.38, 5.87, 2.22, 1.35, 1.95, 1.41, 1.29, 0.82], "is_optimal": true}
