{"decisions": {"1 -> 2": -0.0, "1 -> 10": -0.0, "1 -> 8": -0.0, "1 -> 7": -0.0, "1 -> 4": 0.0, "1 -> 9": 0.0, "1 -> 5": -0.0, "1 -> 3": -0.0, "1 -> 6": 0.0, "2 -> 3": -0.0, "2 -> 4": -0.0, "2 -> 7": -0.0, "2 -> 9": 0.0, "2 -> 8": -0.0, "2 -> 10": -0.0, "2 -> 1": -0.0, "2 -> 5": -0.0, "2 -> 6": 0.0, "3 -> 4": -0.0, "3 -> 2": 1.0, "3 -> 1": 1.0, "3 -> 7": 0.0, "3 -> 10": -0.0, "3 -> 9": 1.0, "3 -> 8": -0.0, "4 -> 5": 1.0, "4 -> 3": 1.0, "4 -> 10": -0.0, "4 -> 8": -0.0, "4 -> 7": -0.0, "4 -> 2": -0.0, "4 -> 6": -0.0, "4 -> 1": -0.0, "4 -> 9": -0.0, "5 -> 6": 1.0, "5 -> 2": 0.0, "5 -> 8": -0.0, "5 -> 3": 1.0, "5 -> 10": -0.0, "5 -> 1": 0.0, "6 -> 7": 1.0, "6 -> 10": -0.0, "6 -> 8": -0.0, "6 -> 1": 0.9999999999999742, "6 -> 3": 0.0, "6 -> 5": -0.0, "6 -> 4": 1.0, "7 -> 8": 1.0, "7 -> 1": -0.0, "7 -> 9": -0.0, "7 -> 2": 1.0, "7 -> 3": -0.0, "7 -> 10": -0.0, "7 -> 5": -0.0, "7 -> 4": -0.0, "7 -> 6": -0.0, "8 -> 9": 1.0, "8 -> 3": 0.0, "8 -> 7": -0.0, "8 -> 2": 0.0, "8 -> 6": -0.0, "8 -> 4": 0.0, "8 -> 5": 1.0, "8 -> 1": 1.0000000000000129, "8 -> 10": -0.0, "9 -> 10": -0.0, "9 -> 6": 1.0, "9 -> 2": -0.0, "9 -> 7": 0.0, "9 -> 3": 0.0, "9 -> 8": -0.0, "9 -> 5": -0.0, "9 -> 4": 1.0, "10 -> 1": -0.0, "10 -> 6": -0.0, "10 -> 4": -0.0, "10 -> 9": 1.0, "10 -> 7": -0.0, "10 -> 5": -0.0, "10 -> 8": -0.0, "10 -> 2": 0.0, "10 -> 3": 1.0}, "decision_costs": {"1 -> 2": 6010.0, "1 -> 10": 2464.0, "1 -> 8": 3786.0, "1 -> 7": 3726.0, "1 -> 4": 2464.0, "1 -> 9": 4147.0, "1 -> 5": 4207.0, "1 -> 3": 5169.0, "1 -> 6": 782.0, "2 -> 3": 6010.0, "2 -> 4": 4447.0, "2 -> 7": 3426.0, "2 -> 9": 1803.0, "2 -> 8": 3666.0, "2 -> 10": 5169.0, "2 -> 1": 5529.0, "2 -> 5": 4207.0, "2 -> 6": 1563.0, "3 -> 4": 6010.0, "3 -> 2": 5589.0, "3 -> 1": 1443.0, "3 -> 7": 2404.0, "3 -> 10": 5229.0, "3 -> 9": 722.0, "3 -> 8": 4027.0, "4 -> 5": 6010.0, "4 -> 3": 1082.0, "4 -> 10": 3246.0, "4 -> 8": 2945.0, "4 -> 7": 5409.0, "4 -> 2": 4327.0, "4 -> 6": 4808.0, "4 -> 1": 3606.0, "4 -> 9": 5349.0, "5 -> 6": 6010.0, "5 -> 2": 1262.0, "5 -> 8": 5409.0, "5 -> 3": 5289.0, "5 -> 10": 5830.0, "5 -> 1": 5108.0, "6 -> 7": 6010.0, "6 -> 10": 3065.0, "6 -> 8": 3967.0, "6 -> 1": 902.0, "6 -> 3": 1743.0, "6 -> 5": 3666.0, "6 -> 4": 1743.0, "7 -> 8": 6010.0, "7 -> 1": 2885.0, "7 -> 9": 5770.0, "7 -> 2": 902.0, "7 -> 3": 3606.0, "7 -> 10": 902.0, "7 -> 5": 842.0, "7 -> 4": 4988.0, "7 -> 6": 2705.0, "8 -> 9": 6010.0, "8 -> 3": 3426.0, "8 -> 7": 3606.0, "8 -> 2": 2585.0, "8 -> 6": 3426.0, "8 -> 4": 2284.0, "8 -> 5": 2885.0, "8 -> 1": 2464.0, "8 -> 10": 3125.0, "9 -> 10": 6010.0, "9 -> 6": 3005.0, "9 -> 2": 4928.0, "9 -> 7": 2164.0, "9 -> 3": 4087.0, "9 -> 8": 4207.0, "9 -> 5": 3546.0, "9 -> 4": 962.0, "10 -> 1": 6010.0, "10 -> 6": 3786.0, "10 -> 4": 5409.0, "10 -> 9": 1984.0, "10 -> 7": 4207.0, "10 -> 5": 4327.0, "10 -> 8": 1082.0, "10 -> 2": 4447.0, "10 -> 3": 3065.0}, "bounds": [-1e+100, -1e+100, -1e+100, -1e+100, 0.0, 9654.0, 9654.0, 9654.0, 20602.0, 20602.0, 30978.0, 30978.0, 39010.0, 41058.0, 41058.0, 45919.0, 45919.0, 45919.0, 45919.0, 45919.0, 45919.0, 45919.0, 45919.0, 45919.0, 45919.0, 45919.0, 45919.0, 45919.0, 45919.0, 45919.0, 45919.0, 45919.0, 45919.0, 45919.0, 45919.0, 46897.0, 46897.0, 46897.0, 49068.0, 51713.0, 51748.0, 51748.0, 51748.0, 51748.0, 51748.0, 52163.0, 52542.0, 52542.0, 52542.0, 52542.0, 52542.0, 54010.0, 56584.0, 57311.0, 57761.01, 57761.01, 58232.0, 58248.0, 58248.0, 60398.0], "objectives": [0.0, 0.0, 0.0, 0.0, 0.0, 12742.0, 53192.0, 54635.0, 32758.0, 33958.0, 41712.0, 56078.0, 56978.0, 53253.0, 80058.0, 48080.0, 60523.0, 54992.0, 61543.0, 74889.0, 61364.0, 66834.0, 63170.0, 78074.0, 68154.0, 66236.0, 65633.0, 71223.0, 81141.0, 77655.0, 73687.0, 81501.0, 76808.0, 73744.0, 73203.0, 72004.0, 66596.0, 63888.0, 61305.0, 63467.0, 61304.0, 62869.0, 62565.0, 62626.0, 62927.0, 62087.0, 62509.0, 62809.0, 63169.0, 62809.0, 62930.0, 62927.0, 62808.0, 62871.0, 62389.0, 62869.0, 62808.0, 62087.0, 62028.0, 62028.0], "run_times": [0.0, 0.16, 0.04, 0.04, 0.04, 0.05, 0.12, 0.13, 0.12, 0.15, 0.12, 0.12, 0.13, 0.21, 0.22, 3.19, 4.41, 2.85, 3.06, 3.16, 2.83, 3.66, 3.85, 4.39, 3.59, 3.17, 5.02, 3.82, 1.95, 0.5, 4.23, 4.91, 4.77, 3.45, 0.06, 0.7, 3.72, 2.9, 22.22, 6.33, 6.62, 2.81, 3.09, 8.28, 1.34, 3.95, 3.69, 3.52, 1.22, 2.01, 1.77, 2.11, 5.23, 2.95, 4.66, 2.42, 3.11, 3.55, 2.13, 3.85], "is_optimal": true}
