{"decisions": {"1 -> 7": -0.0, "1 -> 9": -0.0, "1 -> 3": -0.0, "1 -> 6": 0.9999999999999981, "1 -> 10": 1.0, "1 -> 8": -0.0, "2 -> 3": 1.0000000000000004, "2 -> 1": -0.0, "2 -> 7": 1.0, "3 -> 5": -0.0, "3 -> 4": -1.1102230246251565e-16, "3 -> 6": -0.0, "3 -> 9": -0.0, "3 -> 1": -0.0, "3 -> 8": 1.0, "3 -> 7": -0.0, "3 -> 2": 0.9999999999999999, "4 -> 7": -0.0, "4 -> 10": 0.0, "4 -> 3": 1.0, "4 -> 6": 1.0, "4 -> 5": -0.0, "5 -> 1": 1.0, "5 -> 7": -0.0, "5 -> 9": 1.0, "5 -> 2": -0.0, "5 -> 6": -0.0, "6 -> 1": 1.0, "6 -> 8": -0.0, "6 -> 9": -0.0, "6 -> 10": -0.0, "6 -> 4": 1.0, "7 -> 10": 1.0, "7 -> 1": 1.0, "7 -> 9": -0.0, "8 -> 5": 1.0, "8 -> 7": 0.9999999999999996, "8 -> 4": 1.0000000000000007, "8 -> 3": -0.0, "9 -> 1": -0.0, "9 -> 6": -0.0, "9 -> 7": -0.0, "9 -> 10": 1.1102230246251565e-16, "9 -> 3": 0.9999999999999999, "10 -> 4": -0.0, "10 -> 6": -0.0, "10 -> 8": 1.0, "10 -> 9": -0.0, "10 -> 1": -0.0, "10 -> 2": -0.0}, "decision_costs": {"1 -> 7": 13158.0, "1 -> 9": 12878.0, "1 -> 3": 20437.0, "1 -> 6": 13718.0, "1 -> 10": 16238.0, "1 -> 8": 9239.0, "2 -> 3": 9519.0, "2 -> 1": 26036.0, "2 -> 7": 6999.0, "3 -> 5": 8399.0, "3 -> 4": 9519.0, "3 -> 6": 23517.0, "3 -> 9": 19317.0, "3 -> 1": 15958.0, "3 -> 8": 4480.0, "3 -> 7": 22677.0, "3 -> 2": 3080.0, "4 -> 7": 22397.0, "4 -> 10": 20437.0, "4 -> 3": 17078.0, "4 -> 6": 12599.0, "4 -> 5": 21557.0, "5 -> 1": 6439.0, "5 -> 7": 19038.0, "5 -> 9": 8679.0, "5 -> 2": 12878.0, "5 -> 6": 19877.0, "6 -> 1": 7839.0, "6 -> 8": 25477.0, "6 -> 9": 5320.0, "6 -> 10": 22957.0, "6 -> 4": 4200.0, "7 -> 10": 8119.0, "7 -> 1": 11759.0, "7 -> 9": 19317.0, "8 -> 5": 7559.0, "8 -> 7": 9519.0, "8 -> 4": 2800.0, "8 -> 3": 10359.0, "9 -> 1": 27156.0, "9 -> 6": 23237.0, "9 -> 7": 9239.0, "9 -> 10": 14278.0, "9 -> 3": 15118.0, "10 -> 4": 8959.0, "10 -> 6": 22117.0, "10 -> 8": 10079.0, "10 -> 9": 16238.0, "10 -> 1": 24917.0, "10 -> 2": 10639.0}, "bounds": [-1e+100, -1e+100, -1e+100, 0.0, 0.0, 0.0, 0.0, 0.0, 104360.0, 104360.0, 104360.0, 104360.0, 104360.0, 104360.0, 120774.0, 120774.0, 120774.0, 124081.0, 124081.0, 126859.0, 126859.0, 126859.0, 126859.0, 129767.0, 129767.0, 129767.0, 130886.0, 130886.0, 130886.0, 130886.0, 132030.0, 132030.0, 132030.0, 132030.0, 133588.0, 133588.0, 133588.0, 133588.0, 134332.0, 134332.0, 138079.0, 138079.0, 138079.0, 138079.0, 138079.0, 138080.0, 138080.0, 138080.0, 138080.0, 138657.0, 138657.0, 138657.0, 138657.0, 138657.0, 138657.0, 138657.0, 138657.0, 138657.0, 138657.0, 138657.0, 138657.0, 138657.0, 138657.0, 138657.0, 138657.0, 138657.0, 138657.0, 138657.0, 138657.0, 138657.0, 138657.0, 138657.0, 138657.0, 138657.0, 138657.0, 138657.0, 138657.0, 138657.0, 138657.0, 138657.0, 138657.0, 138657.0, 138657.0, 138657.0, 138657.0, 138657.0, 138657.0, 138657.0, 138657.0, 138657.0, 138657.0, 138657.0, 138657.0, 138657.0, 138657.0, 138657.0, 138657.0, 138657.0, 138657.0, 138657.0, 138657.0, 138657.0, 138657.0, 138657.0, 138657.0, 138657.0, 138657.0, 138657.0, 138657.0, 138657.0, 138657.0, 138657.0, 138657.0, 138657.0, 138657.0, 138657.0, 138657.0, 138716.0, 138716.0, 138716.0, 138716.0, 138716.0, 138716.0, 138716.0, 138716.0, 138716.0, 138716.0, 138716.0, 138716.0, 138716.0, 138716.0, 138716.0, 138716.0, 138716.0, 138716.0, 138716.0, 138716.0, 138716.0, 138716.0, 138716.0, 138716.0, 138716.0, 138716.0, 138716.0, 138716.0, 138716.0, 138716.0, 138716.0, 138716.0, 138716.0, 138716.0, 138716.0, 138716.0, 138716.0, 138716.0, 138716.0, 138716.0, 138716.0, 138716.0, 138716.0, 138716.0, 138716.0, 138716.0, 138716.0, 138716.0, 138716.0, 138716.0, 138716.0, 138716.0, 138716.0, 138716.0, 138716.0, 138716.0, 138716.0, 138716.0, 138716.0, 138716.0, 138716.0, 140020.02, 140020.02, 140020.02, 140020.02, 140020.02, 140020.02, 140020.02, 140020.02, 140020.02, 140020.02, 140020.02, 140020.02, 140020.02, 140020.02, 140020.02, 140020.02, 140020.02, 140020.02, 140020.02, 140020.02, 140020.02, 140020.02, 140020.02, 140020.02, 140020.02, 140020.02, 140020.02, 140020.02, 140020.02, 140020.02, 140020.02, 140020.02, 140020.02, 140020.02, 140020.02, 140020.02, 140020.02, 140020.02, 140020.02, 140020.02, 140020.02, 140020.02, 140020.02, 140020.02, 140020.02, 140020.02, 140020.02, 140020.02, 140020.02, 140020.02, 140020.02, 140020.02, 140020.02, 140020.02, 140020.02, 140020.02, 141134.0, 141134.0, 141134.0, 141134.0, 141134.0, 143267.0, 143267.0, 143267.0, 144580.0, 144580.0, 144692.0, 144692.0, 144813.0, 144813.0, 144813.0, 144813.0, 144813.0, 144813.0, 144813.0, 144813.0, 144813.0, 144813.0, 144813.0, 144813.0, 144813.0, 144813.0, 144813.0, 144813.0, 144813.0, 144813.0, 144813.0, 144813.0, 144813.0, 144813.0, 144813.0, 144813.0, 144813.0, 144813.0, 145354.0, 145354.0, 145354.0, 145354.0, 145354.0, 145354.0, 145354.0, 145354.0, 145354.0, 145354.0, 145354.0, 145354.0, 145354.0, 145354.0, 145354.0, 145354.0, 145354.0, 145354.0, 145354.0, 145354.0, 148344.0, 148344.0, 148344.0, 148344.0, 148344.0, 148344.0, 148344.0, 148344.0, 148344.0, 148344.0, 148344.0, 150804.0, 150804.0, 152024.0, 152024.0, 152024.0, 152024.0, 152024.0, 154894.0, 155199.0, 155199.0, 155199.0, 155199.0, 155530.0, 155530.0, 155530.0, 155530.0, 155530.0, 155530.0, 155530.0, 155530.0, 155530.0, 155530.0, 155530.0, 155530.0, 155530.0, 159750.0, 160900.0, 160900.0, 160900.0, 160900.0, 160900.0, 162268.0, 162268.0, 162481.0, 162736.0, 162736.0, 162975.0, 162975.0, 164489.15, 164989.0, 165931.0, 166374.0, 167574.0, 167669.0, 167690.0, 168159.0, 168673.0, 169469.0, 170704.0, 172611.0],