{"decisions": {"1 -> 2": -0.0, "1 -> 10": -0.0, "1 -> 8": -0.0, "1 -> 7": -0.0, "1 -> 4": 0.0, "1 -> 9": -0.0, "1 -> 5": -0.0, "1 -> 3": -0.0, "1 -> 6": -0.0, "2 -> 3": -0.0, "2 -> 4": -0.0, "2 -> 7": -0.0, "2 -> 9": 0.0, "2 -> 8": -0.0, "2 -> 10": -0.0, "2 -> 1": -0.0, "2 -> 5": -0.0, "2 -> 6": -0.0, "3 -> 4": -0.0, "3 -> 2": 1.0000000000000013, "3 -> 1": 1.0000000000000007, "3 -> 7": -1.2212453270876722e-15, "3 -> 10": -0.0, "3 -> 9": 1.0, "3 -> 8": -0.0, "4 -> 5": 1.0, "4 -> 3": 1.0, "4 -> 10": -0.0, "4 -> 8": -0.0, "4 -> 7": -0.0, "4 -> 2": -0.0, "4 -> 6": -0.0, "4 -> 1": 0.0, "4 -> 9": -0.0, "5 -> 6": 1.0, "5 -> 2": -0.0, "5 -> 8": 0.0, "5 -> 3": 1.0, "5 -> 10": -0.0, "5 -> 1": 0.0, "6 -> 7": 1.0, "6 -> 10": -0.0, "6 -> 8": -0.0, "6 -> 1": 0.9999999999999993, "6 -> 3": 0.0, "6 -> 5": -0.0, "6 -> 4": 1.0, "7 -> 8": 1.0, "7 -> 1": 0.0, "7 -> 9": -0.0, "7 -> 2": 1.0, "7 -> 3": -0.0, "7 -> 10": -0.0, "7 -> 5": -0.0, "7 -> 4": -0.0, "7 -> 6": -0.0, "8 -> 9": 1.0, "8 -> 3": -1.5543122344752192e-15, "8 -> 7": -0.0, "8 -> 2": -8.881784197001252e-16, "8 -> 6": -0.0, "8 -> 4": -0.0, "8 -> 5": 1.0, "8 -> 1": 1.0, "8 -> 10": -0.0, "9 -> 10": -0.0, "9 -> 6": 1.0, "9 -> 2": -0.0, "9 -> 7": -0.0, "9 -> 3": -0.0, "9 -> 8": -0.0, "9 -> 5": -0.0, "9 -> 4": 1.0, "10 -> 1": -0.0, "10 -> 6": -0.0, "10 -> 4": -0.0, "10 -> 9": 1.0000000000000013, "10 -> 7": -0.0, "10 -> 5": -0.0, "10 -> 8": -0.0, "10 -> 2": -1.27675647831893e-15, "10 -> 3": 1.0000000000000013}, "decision_costs": {"1 -> 2": 601.0, "1 -> 10": 247.0, "1 -> 8": 379.0, "1 -> 7": 373.0, "1 -> 4": 247.0, "1 -> 9": 415.0, "1 -> 5": 421.0, "1 -> 3": 517.0, "1 -> 6": 79.0, "2 -> 3": 601.0, "2 -> 4": 445.0, "2 -> 7": 343.0, "2 -> 9": 181.0, "2 -> 8": 367.0, "2 -> 10": 517.0, "2 -> 1": 553.0, "2 -> 5": 421.0, "2 -> 6": 157.0, "3 -> 4": 601.0, "3 -> 2": 559.0, "3 -> 1": 145.0, "3 -> 7": 241.0, "3 -> 10": 523.0, "3 -> 9": 73.0, "3 -> 8": 403.0, "4 -> 5": 601.0, "4 -> 3": 109.0, "4 -> 10": 325.0, "4 -> 8": 295.0, "4 -> 7": 541.0, "4 -> 2": 433.0, "4 -> 6": 481.0, "4 -> 1": 361.0, "4 -> 9": 535.0, "5 -> 6": 601.0, "5 -> 2": 127.0, "5 -> 8": 541.0, "5 -> 3": 529.0, "5 -> 10": 583.0, "5 -> 1": 511.0, "6 -> 7": 601.0, "6 -> 10": 307.0, "6 -> 8": 397.0, "6 -> 1": 91.0, "6 -> 3": 175.0, "6 -> 5": 367.0, "6 -> 4": 175.0, "7 -> 8": 601.0, "7 -> 1": 289.0, "7 -> 9": 577.0, "7 -> 2": 91.0, "7 -> 3": 361.0, "7 -> 10": 91.0, "7 -> 5": 85.0, "7 -> 4": 499.0, "7 -> 6": 271.0, "8 -> 9": 601.0, "8 -> 3": 343.0, "8 -> 7": 361.0, "8 -> 2": 259.0, "8 -> 6": 343.0, "8 -> 4": 229.0, "8 -> 5": 289.0, "8 -> 1": 247.0, "8 -> 10": 313.0, "9 -> 10": 601.0, "9 -> 6": 301.0, "9 -> 2": 493.0, "9 -> 7": 217.0, "9 -> 3": 409.0, "9 -> 8": 421.0, "9 -> 5": 355.0, "9 -> 4": 97.0, "10 -> 1": 601.0, "10 -> 6": 379.0, "10 -> 4": 541.0, "10 -> 9": 199.0, "10 -> 7": 421.0, "10 -> 5": 433.0, "10 -> 8": 109.0, "10 -> 2": 445.0, "10 -> 3": 307.0}, "bounds": [-1e+100, -1e+100, -1e+100, 0.0, 0.0, 0.0, 0.0, 3356.0, 3356.0, 3356.0, 3356.0, 4256.0, 4256.0, 4676.0, 4943.0, 4943.0, 4974.0, 4974.0, 5049.0, 5049.0, 5137.0, 5137.0, 5209.0, 5250.0, 5250.0, 5250.0, 5250.0, 5250.0, 5250.0, 5250.0, 5250.0, 5250.0, 5250.0, 5250.0, 5250.0, 5415.0, 5415.0, 5415.0, 5450.0, 5775.0, 5775.0, 6119.0], "objectives": [9089.0, 9089.0, 9063.0, 9375.0, 8673.0, 15226.0, 11972.0, 5773.0, 5549.0, 5716.0, 6317.0, 8984.0, 6354.0, 6220.0, 9252.0, 7511.0, 7609.0, 9706.0, 7260.0, 6677.0, 7214.0, 7517.0, 7777.0, 7540.0, 7564.0, 7760.0, 6729.0, 5812.0, 7020.0, 6694.0, 7798.0, 7596.0, 6010.0, 6140.0, 6297.0, 6281.0, 6253.0, 6067.0, 6217.0, 6191.0, 6188.0, 6182.0], "run_times": [0.0, 0.03, 0.02, 0.04, 0.04, 0.05, 0.05, 0.06, 0.08, 0.05, 0.06, 0.09, 0.07, 0.1, 0.16, 0.07, 0.12, 0.05, 3.0, 2.38, 2.55, 2.61, 2.07, 2.15, 1.82, 1.88, 2.02, 2.31, 1.9, 1.95, 1.14, 2.04, 2.96, 2.37, 0.96, 1.0, 1.28, 1.89, 3.12, 1.22, 1.37, 2.77], "is_optimal": true}
