{"decisions": {"1 -> 2": -0.0, "1 -> 10": -0.0, "1 -> 8": -0.0, "1 -> 7": -0.0, "1 -> 4": -0.0, "1 -> 9": -0.0, "1 -> 5": -0.0, "1 -> 3": -0.0, "1 -> 6": 0.0, "2 -> 3": -0.0, "2 -> 4": -0.0, "2 -> 7": -0.0, "2 -> 9": -0.0, "2 -> 8": -0.0, "2 -> 10": -0.0, "2 -> 1": -0.0, "2 -> 5": -0.0, "2 -> 6": -0.0, "3 -> 4": -0.0, "3 -> 2": 1.0, "3 -> 1": 1.0, "3 -> 7": -0.0, "3 -> 10": -0.0, "3 -> 9": 1.0, "3 -> 8": -0.0, "4 -> 5": 1.0, "4 -> 3": 1.0000000000000002, "4 -> 10": -0.0, "4 -> 8": -0.0, "4 -> 7": -0.0, "4 -> 2": -0.0, "4 -> 6": -0.0, "4 -> 1": -0.0, "4 -> 9": -0.0, "5 -> 6": 1.0, "5 -> 2": 0.0, "5 -> 8": -0.0, "5 -> 3": 1.0, "5 -> 10": -0.0, "5 -> 1": -0.0, "6 -> 7": 1.0, "6 -> 10": -0.0, "6 -> 8": -0.0, "6 -> 1": 0.9999999999999999, "6 -> 3": 0.0, "6 -> 5": -0.0, "6 -> 4": 1.0, "7 -> 8": 1.0, "7 -> 1": -0.0, "7 -> 9": -0.0, "7 -> 2": 1.0, "7 -> 3": -0.0, "7 -> 10": -0.0, "7 -> 5": -0.0, "7 -> 4": -0.0, "7 -> 6": -0.0, "8 -> 9": 1.0, "8 -> 3": 0.0, "8 -> 7": -0.0, "8 -> 2": 0.0, "8 -> 6": -0.0, "8 -> 4": 0.0, "8 -> 5": 1.0, "8 -> 1": 1.0, "8 -> 10": -0.0, "9 -> 10": 0.0, "9 -> 6": 1.0, "9 -> 2": -0.0, "9 -> 7": -0.0, "9 -> 3": -0.0, "9 -> 8": -0.0, "9 -> 5": -0.0, "9 -> 4": 1.0, "10 -> 1": -0.0, "10 -> 6": -0.0, "10 -> 4": -0.0, "10 -> 9": 1.0, "10 -> 7": -0.0, "10 -> 5": -0.0, "10 -> 8": -0.0, "10 -> 2": -0.0, "10 -> 3": 1.0}, "decision_costs": {"1 -> 2": 3005.0, "1 -> 10": 1232.0, "1 -> 8": 1893.0, "1 -> 7": 1863.0, "1 -> 4": 1232.0, "1 -> 9": 2074.0, "1 -> 5": 2104.0, "1 -> 3": 2585.0, "1 -> 6": 391.0, "2 -> 3": 3005.0, "2 -> 4": 2224.0, "2 -> 7": 1713.0, "2 -> 9": 902.0, "2 -> 8": 1833.0, "2 -> 10": 2585.0, "2 -> 1": 2765.0, "2 -> 5": 2104.0, "2 -> 6": 782.0, "3 -> 4": 3005.0, "3 -> 2": 2795.0, "3 -> 1": 722.0, "3 -> 7": 1202.0, "3 -> 10": 2615.0, "3 -> 9": 361.0, "3 -> 8": 2014.0, "4 -> 5": 3005.0, "4 -> 3": 541.0, "4 -> 10": 1623.0, "4 -> 8": 1473.0, "4 -> 7": 2705.0, "4 -> 2": 2164.0, "4 -> 6": 2404.0, "4 -> 1": 1803.0, "4 -> 9": 2675.0, "5 -> 6": 3005.0, "5 -> 2": 631.0, "5 -> 8": 2705.0, "5 -> 3": 2645.0, "5 -> 10": 2915.0, "5 -> 1": 2554.0, "6 -> 7": 3005.0, "6 -> 10": 1533.0, "6 -> 8": 1984.0, "6 -> 1": 451.0, "6 -> 3": 872.0, "6 -> 5": 1833.0, "6 -> 4": 872.0, "7 -> 8": 3005.0, "7 -> 1": 1443.0, "7 -> 9": 2885.0, "7 -> 2": 451.0, "7 -> 3": 1803.0, "7 -> 10": 451.0, "7 -> 5": 421.0, "7 -> 4": 2494.0, "7 -> 6": 1353.0, "8 -> 9": 3005.0, "8 -> 3": 1713.0, "8 -> 7": 1803.0, "8 -> 2": 1293.0, "8 -> 6": 1713.0, "8 -> 4": 1142.0, "8 -> 5": 1443.0, "8 -> 1": 1232.0, "8 -> 10": 1563.0, "9 -> 10": 3005.0, "9 -> 6": 1503.0, "9 -> 2": 2464.0, "9 -> 7": 1082.0, "9 -> 3": 2044.0, "9 -> 8": 2104.0, "9 -> 5": 1773.0, "9 -> 4": 481.0, "10 -> 1": 3005.0, "10 -> 6": 1893.0, "10 -> 4": 2705.0, "10 -> 9": 992.0, "10 -> 7": 2104.0, "10 -> 5": 2164.0, "10 -> 8": 541.0, "10 -> 2": 2224.0, "10 -> 3": 1533.0}, "bounds": [-1e+100, 0.0, 11238.0, 11238.0, 15080.0, 15080.0, 16688.0, 17955.0, 20895.0, 20895.0, 21026.0, 21026.0, 21713.0, 21713.0, 21713.0, 21713.0, 21713.0, 21713.0, 21713.0, 21877.0, 21877.0, 21877.0, 21877.0, 21877.0, 21877.0, 21893.0, 21893.0, 21893.0, 22657.0, 25784.0, 25784.0, 25784.0, 25784.0, 25784.0, 25784.0, 25784.0, 25784.0, 25784.0, 25784.0, 25784.0, 25784.0, 25840.0, 25840.0, 25840.0, 26712.0, 28679.0, 28679.0, 28892.0, 29035.0, 29314.0, 29437.0, 29451.0, 29552.02, 29666.0, 29895.0], "objectives": [53406.0, 151234.0, 32637.0, 116010.0, 45892.0, 44269.0, 43638.0, 43519.0, 43340.0, 33903.0, 41838.0, 38319.0, 42859.0, 41927.0, 37868.0, 41027.0, 42919.0, 41174.0, 34205.0, 31437.0, 38649.0, 34681.0, 30719.0, 32189.0, 33779.0, 32581.0, 31770.0, 33483.0, 31918.0, 31313.0, 30747.0, 30474.0, 30624.0, 32128.0, 32698.0, 33421.0, 33540.0, 33390.0, 33330.0, 33213.0, 33424.0, 33514.0, 31856.0, 31465.0, 31288.0, 31259.0, 31407.0, 31438.0, 31438.0, 31258.0, 31229.0, 31318.0, 31228.0, 31047.0, 30952.0], "run_times": [0.0, 0.1, 0.09, 0.13, 0.07, 0.07, 0.08, 0.1, 3.71, 3.73, 5.62, 3.96, 4.44, 3.63, 3.66, 3.75, 2.49, 3.35, 4.37, 4.47, 4.86, 3.2, 11.16, 3.78, 4.65, 10.44, 4.57, 3.06, 20.42, 10.16, 15.45, 2.71, 3.19, 6.23, 3.94, 3.97, 4.54, 4.87, 3.95, 3.16, 2.81, 3.39, 2.03, 4.48, 22.1, 17.06, 1.94, 5.65, 2.34, 3.08, 4.43, 2.6, 4.6, 6.12, 5.53], "is_optimal": true}
