{"decisions": {"1 -> 2": -0.0, "1 -> 10": -0.0, "1 -> 8": -0.0, "1 -> 7": -0.0, "1 -> 4": 0.0, "1 -> 9": -0.0, "1 -> 5": -0.0, "1 -> 3": -0.0, "1 -> 6": -0.0, "2 -> 3": -0.0, "2 -> 4": -0.0, "2 -> 7": -0.0, "2 -> 9": -0.0, "2 -> 8": -0.0, "2 -> 10": -0.0, "2 -> 1": -0.0, "2 -> 5": -0.0, "2 -> 6": -0.0, "3 -> 4": -0.0, "3 -> 2": 0.999999999999993, "3 -> 1": 1.0, "3 -> 7": 7.0013439490423934e-15, "3 -> 10": -0.0, "3 -> 9": 1.0, "3 -> 8": -0.0, "4 -> 5": 1.0, "4 -> 3": 1.0, "4 -> 10": -0.0, "4 -> 8": -0.0, "4 -> 7": -0.0, "4 -> 2": -0.0, "4 -> 6": -0.0, "4 -> 1": -0.0, "4 -> 9": -0.0, "5 -> 6": 1.0, "5 -> 2": -0.0, "5 -> 8": -0.0, "5 -> 3": 1.0, "5 -> 10": -0.0, "5 -> 1": 0.0, "6 -> 7": 1.0, "6 -> 10": 0.0, "6 -> 8": -0.0, "6 -> 1": 1.0, "6 -> 3": 0.0, "6 -> 5": -0.0, "6 -> 4": 1.0, "7 -> 8": 1.0, "7 -> 1": -1.734723475976807e-18, "7 -> 9": -0.0, "7 -> 2": 1.0, "7 -> 3": -0.0, "7 -> 10": -0.0, "7 -> 5": -0.0, "7 -> 4": -0.0, "7 -> 6": -0.0, "8 -> 9": 1.0, "8 -> 3": -0.0, "8 -> 7": -0.0, "8 -> 2": 0.0, "8 -> 6": -0.0, "8 -> 4": -0.0, "8 -> 5": 1.0, "8 -> 1": 1.0, "8 -> 10": -0.0, "9 -> 10": -0.0, "9 -> 6": 1.0, "9 -> 2": -0.0, "9 -> 7": -0.0, "9 -> 3": 0.0, "9 -> 8": -0.0, "9 -> 5": -0.0, "9 -> 4": 1.0, "10 -> 1": -0.0, "10 -> 6": -0.0, "10 -> 4": -0.0, "10 -> 9": 1.0, "10 -> 7": -0.0, "10 -> 5": 0.0, "10 -> 8": 3.469446951953614e-18, "10 -> 2": -6.938893903907228e-18, "10 -> 3": 1.0}, "decision_costs": {"1 -> 2": 3005.0, "1 -> 10": 1232.0, "1 -> 8": 1893.0, "1 -> 7": 1863.0, "1 -> 4": 1232.0, "1 -> 9": 2074.0, "1 -> 5": 2104.0, "1 -> 3": 2585.0, "1 -> 6": 391.0, "2 -> 3": 3005.0, "2 -> 4": 2224.0, "2 -> 7": 1713.0, "2 -> 9": 902.0, "2 -> 8": 1833.0, "2 -> 10": 2585.0, "2 -> 1": 2765.0, "2 -> 5": 2104.0, "2 -> 6": 782.0, "3 -> 4": 3005.0, "3 -> 2": 2795.0, "3 -> 1": 722.0, "3 -> 7": 1202.0, "3 -> 10": 2615.0, "3 -> 9": 361.0, "3 -> 8": 2014.0, "4 -> 5": 3005.0, "4 -> 3": 541.0, "4 -> 10": 1623.0, "4 -> 8": 1473.0, "4 -> 7": 2705.0, "4 -> 2": 2164.0, "4 -> 6": 2404.0, "4 -> 1": 1803.0, "4 -> 9": 2675.0, "5 -> 6": 3005.0, "5 -> 2": 631.0, "5 -> 8": 2705.0, "5 -> 3": 2645.0, "5 -> 10": 2915.0, "5 -> 1": 2554.0, "6 -> 7": 3005.0, "6 -> 10": 1533.0, "6 -> 8": 1984.0, "6 -> 1": 451.0, "6 -> 3": 872.0, "6 -> 5": 1833.0, "6 -> 4": 872.0, "7 -> 8": 3005.0, "7 -> 1": 1443.0, "7 -> 9": 2885.0, "7 -> 2": 451.0, "7 -> 3": 1803.0, "7 -> 10": 451.0, "7 -> 5": 421.0, "7 -> 4": 2494.0, "7 -> 6": 1353.0, "8 -> 9": 3005.0, "8 -> 3": 1713.0, "8 -> 7": 1803.0, "8 -> 2": 1293.0, "8 -> 6": 1713.0, "8 -> 4": 1142.0, "8 -> 5": 1443.0, "8 -> 1": 1232.0, "8 -> 10": 1563.0, "9 -> 10": 3005.0, "9 -> 6": 1503.0, "9 -> 2": 2464.0, "9 -> 7": 1082.0, "9 -> 3": 2044.0, "9 -> 8": 2104.0, "9 -> 5": 1773.0, "9 -> 4": 481.0, "10 -> 1": 3005.0, "10 -> 6": 1893.0, "10 -> 4": 2705.0, "10 -> 9": 992.0, "10 -> 7": 2104.0, "10 -> 5": 2164.0, "10 -> 8": 541.0, "10 -> 2": 2224.0, "10 -> 3": 1533.0}, "bounds": [-1e+100, 0.0, 11204.0, 11204.0, 14952.0, 14952.0, 17598.0, 20828.0, 21169.0, 21169.0, 21169.0, 21169.0, 21494.0, 21863.02, 22041.0, 22212.0, 22212.0, 22212.0, 22212.0, 22212.0, 22212.0, 22212.0, 22212.0, 22212.0, 22212.0, 22212.0, 22212.0, 22212.0, 22212.0, 22212.0, 22212.0, 23088.0, 23088.0, 23980.0, 24053.0, 24053.0, 24053.0, 24053.0, 24054.0, 25248.0, 25248.0, 25884.0, 25884.0, 25884.0, 25884.0, 25884.0, 25884.0, 25884.0, 25884.0, 25884.0, 25884.0, 25884.0, 25884.0, 25884.0, 25884.0, 25884.0, 26104.0, 28453.0, 29855.0], "objectives": [59777.0, 151234.0, 32637.0, 104529.0, 45411.0, 43788.0, 43247.0, 40936.0, 24947.0, 41355.0, 40334.0, 34892.0, 42438.0, 41205.0, 39401.0, 39975.0, 39885.0, 35493.0, 36758.0, 39762.0, 35165.0, 35615.0, 36699.0, 39522.0, 39013.0, 37570.0, 39250.0, 36245.0, 33150.0, 35764.0, 34502.0, 36126.0, 37897.0, 33629.0, 35824.0, 32910.0, 35224.0, 36397.0, 36274.0, 35614.0, 35402.0, 30952.0, 32577.0, 32396.0, 32189.0, 31977.0, 32010.0, 31771.0, 32125.0, 31704.0, 32275.0, 32247.0, 31283.0, 31465.0, 30624.0, 31283.0, 31047.0, 31047.0, 30868.0], "run_times": [0.0, 0.21, 0.14, 0.25, 0.16, 0.13, 0.18, 3.57, 7.49, 8.97, 7.18, 4.26, 1.65, 9.57, 8.37, 16.16, 4.19, 3.46, 7.44, 12.7, 11.39, 6.73, 6.42, 6.85, 8.25, 10.39, 20.72, 0.44, 0.32, 0.22, 0.49, 0.48, 0.17, 1.08, 0.73, 0.89, 1.07, 0.94, 0.91, 17.25, 4.75, 5.53, 42.21, 0.85, 0.66, 0.89, 0.76, 0.28, 0.17, 0.26, 0.09, 0.09, 0.16, 0.19, 66.16, 0.65, 24.13, 22.5, 101.45], "is_optimal": true}
