{"decisions": {"1 -> 2": -0.0, "1 -> 10": -0.0, "1 -> 8": -0.0, "1 -> 7": 0.0, "1 -> 4": -0.0, "1 -> 9": -0.0, "1 -> 5": -0.0, "1 -> 3": -0.0, "1 -> 6": -0.0, "2 -> 3": -0.0, "2 -> 4": -0.0, "2 -> 7": -0.0, "2 -> 9": -0.0, "2 -> 8": -0.0, "2 -> 10": -0.0, "2 -> 1": -0.0, "2 -> 5": -0.0, "2 -> 6": -0.0, "3 -> 4": -0.0, "3 -> 2": 1.0, "3 -> 1": 1.0000000000000004, "3 -> 7": 0.0, "3 -> 10": -0.0, "3 -> 9": 1.0, "3 -> 8": -0.0, "4 -> 5": 1.0, "4 -> 3": 1.0, "4 -> 10": 0.0, "4 -> 8": -0.0, "4 -> 7": -0.0, "4 -> 2": -0.0, "4 -> 6": -0.0, "4 -> 1": -0.0, "4 -> 9": -0.0, "5 -> 6": 1.0, "5 -> 2": -0.0, "5 -> 8": -0.0, "5 -> 3": 1.0, "5 -> 10": -0.0, "5 -> 1": -0.0, "6 -> 7": 1.0, "6 -> 10": -0.0, "6 -> 8": -0.0, "6 -> 1": 1.0, "6 -> 3": -0.0, "6 -> 5": -0.0, "6 -> 4": 1.0000000000000002, "7 -> 8": 1.0, "7 -> 1": -0.0, "7 -> 9": -0.0, "7 -> 2": 1.0, "7 -> 3": 0.0, "7 -> 10": -0.0, "7 -> 5": -0.0, "7 -> 4": -0.0, "7 -> 6": -0.0, "8 -> 9": 1.0, "8 -> 3": -0.0, "8 -> 7": 0.0, "8 -> 2": 0.0, "8 -> 6": -0.0, "8 -> 4": -0.0, "8 -> 5": 1.0, "8 -> 1": 1.0, "8 -> 10": -0.0, "9 -> 10": -0.0, "9 -> 6": 1.0, "9 -> 2": -0.0, "9 -> 7": -0.0, "9 -> 3": -0.0, "9 -> 8": -0.0, "9 -> 5": -0.0, "9 -> 4": 1.0, "10 -> 1": -0.0, "10 -> 6": -0.0, "10 -> 4": -0.0, "10 -> 9": 1.0, "10 -> 7": -0.0, "10 -> 5": -0.0, "10 -> 8": -0.0, "10 -> 2": -0.0, "10 -> 3": 0.9999999999999997}, "decision_costs": {"1 -> 2": 601.0, "1 -> 10": 247.0, "1 -> 8": 379.0, "1 -> 7": 373.0, "1 -> 4": 247.0, "1 -> 9": 415.0, "1 -> 5": 421.0, "1 -> 3": 517.0, "1 -> 6": 79.0, "2 -> 3": 601.0, "2 -> 4": 445.0, "2 -> 7": 343.0, "2 -> 9": 181.0, "2 -> 8": 367.0, "2 -> 10": 517.0, "2 -> 1": 553.0, "2 -> 5": 421.0, "2 -> 6": 157.0, "3 -> 4": 601.0, "3 -> 2": 559.0, "3 -> 1": 145.0, "3 -> 7": 241.0, "3 -> 10": 523.0, "3 -> 9": 73.0, "3 -> 8": 403.0, "4 -> 5": 601.0, "4 -> 3": 109.0, "4 -> 10": 325.0, "4 -> 8": 295.0, "4 -> 7": 541.0, "4 -> 2": 433.0, "4 -> 6": 481.0, "4 -> 1": 361.0, "4 -> 9": 535.0, "5 -> 6": 601.0, "5 -> 2": 127.0, "5 -> 8": 541.0, "5 -> 3": 529.0, "5 -> 10": 583.0, "5 -> 1": 511.0, "6 -> 7": 601.0, "6 -> 10": 307.0, "6 -> 8": 397.0, "6 -> 1": 91.0, "6 -> 3": 175.0, "6 -> 5": 367.0, "6 -> 4": 175.0, "7 -> 8": 601.0, "7 -> 1": 289.0, "7 -> 9": 577.0, "7 -> 2": 91.0, "7 -> 3": 361.0, "7 -> 10": 91.0, "7 -> 5": 85.0, "7 -> 4": 499.0, "7 -> 6": 271.0, "8 -> 9": 601.0, "8 -> 3": 343.0, "8 -> 7": 361.0, "8 -> 2": 259.0, "8 -> 6": 343.0, "8 -> 4": 229.0, "8 -> 5": 289.0, "8 -> 1": 247.0, "8 -> 10": 313.0, "9 -> 10": 601.0, "9 -> 6": 301.0, "9 -> 2": 493.0, "9 -> 7": 217.0, "9 -> 3": 409.0, "9 -> 8": 421.0, "9 -> 5": 355.0, "9 -> 4": 97.0, "10 -> 1": 601.0, "10 -> 6": 379.0, "10 -> 4": 541.0, "10 -> 9": 199.0, "10 -> 7": 421.0, "10 -> 5": 433.0, "10 -> 8": 109.0, "10 -> 2": 445.0, "10 -> 3": 307.0}, "bounds": [-1e+100, 0.0, 2349.0, 2349.0, 3096.0, 3096.0, 3402.0, 3869.0, 3873.0, 3873.0, 3873.0, 4015.0, 4015.0, 4015.0, 4015.0, 4015.0, 4015.0, 4268.0, 4268.0, 4268.0, 4268.0, 4268.0, 4268.0, 4268.0, 4268.0, 4268.0, 4286.0, 4286.0, 4286.0, 4286.0, 4286.0, 4286.0, 4286.0, 4400.0, 4400.0, 4479.0, 4515.0, 4515.0, 4515.0, 4515.0, 4552.0, 4811.0, 5367.0, 5469.0, 5520.0, 5527.0, 5588.0, 5805.0], "objectives": [9409.0, 30274.0, 6533.0, 19240.0, 9091.0, 8766.0, 8236.0, 5617.0, 7628.0, 8027.0, 7575.0, 7771.0, 7815.0, 8080.0, 8051.0, 8111.0, 7924.0, 8198.0, 7452.0, 7422.0, 7735.0, 7326.0, 6832.0, 7110.0, 7904.0, 7434.0, 8012.0, 8211.0, 8224.0, 7864.0, 8206.0, 7893.0, 6588.0, 6510.0, 6119.0, 6221.0, 6479.0, 6465.0, 6457.0, 6388.0, 6236.0, 6217.0, 6207.0, 6211.0, 6212.0, 6010.0, 6170.0, 6181.0], "run_times": [0.0, 0.02, 0.05, 0.05, 0.03, 0.03, 0.02, 0.13, 0.09, 0.06, 0.08, 0.09, 0.05, 0.03, 0.05, 0.04, 0.05, 0.05, 0.05, 0.03, 0.02, 0.01, 0.05, 0.05, 0.03, 0.03, 0.05, 0.1, 0.05, 0.04, 0.04, 0.04, 0.05, 0.12, 0.04, 0.08, 0.08, 0.03, 0.04, 0.05, 0.06, 0.98, 1.04, 0.31, 0.14, 0.02, 0.31, 0.71], "is_optimal": true}
