{"decisions": {"1 -> 2": 1.0, "1 -> 10": -0.0, "1 -> 8": -0.0, "1 -> 7": -0.0, "1 -> 4": -0.0, "1 -> 9": -1.942890293094024e-16, "1 -> 5": -0.0, "1 -> 3": -0.0, "1 -> 6": -2.220446049250313e-16, "2 -> 3": 1.0, "2 -> 4": -0.0, "2 -> 7": -0.0, "2 -> 9": -0.0, "2 -> 8": -0.0, "2 -> 10": -0.0, "3 -> 4": 1.0, "3 -> 2": -0.0, "3 -> 1": -0.0, "3 -> 7": -0.0, "3 -> 10": -0.0, "3 -> 9": -0.0, "4 -> 5": 1.0, "4 -> 3": -0.0, "4 -> 10": -0.0, "4 -> 8": -0.0, "4 -> 7": -0.0, "4 -> 2": -0.0, "4 -> 6": -0.0, "5 -> 6": 1.0, "5 -> 2": -0.0, "5 -> 8": -0.0, "5 -> 3": -0.0, "5 -> 10": -0.0, "6 -> 7": 1.0, "6 -> 10": -0.0, "6 -> 8": -0.0, "6 -> 1": -0.0, "6 -> 3": -0.0, "7 -> 8": 1.0, "7 -> 1": -0.0, "7 -> 9": -0.0, "7 -> 2": -0.0, "7 -> 3": -0.0, "8 -> 9": 1.0, "8 -> 3": -0.0, "8 -> 7": -0.0, "8 -> 2": -0.0, "8 -> 6": -0.0, "8 -> 4": -0.0, "8 -> 5": -0.0, "8 -> 1": -0.0, "9 -> 10": 1.0, "9 -> 6": 1.0, "9 -> 2": -0.0, "9 -> 7": 1.0, "9 -> 3": -0.0, "10 -> 1": 1.0, "10 -> 6": -0.0, "10 -> 4": -0.0, "10 -> 9": -0.0}, "decision_costs": {"1 -> 2": 601.0, "1 -> 10": 247.0, "1 -> 8": 379.0, "1 -> 7": 373.0, "1 -> 4": 247.0, "1 -> 9": 415.0, "1 -> 5": 421.0, "1 -> 3": 517.0, "1 -> 6": 79.0, "2 -> 3": 601.0, "2 -> 4": 445.0, "2 -> 7": 343.0, "2 -> 9": 181.0, "2 -> 8": 367.0, "2 -> 10": 517.0, "3 -> 4": 601.0, "3 -> 2": 559.0, "3 -> 1": 145.0, "3 -> 7": 241.0, "3 -> 10": 523.0, "3 -> 9": 73.0, "4 -> 5": 601.0, "4 -> 3": 109.0, "4 -> 10": 325.0, "4 -> 8": 295.0, "4 -> 7": 541.0, "4 -> 2": 433.0, "4 -> 6": 481.0, "5 -> 6": 601.0, "5 -> 2": 127.0, "5 -> 8": 541.0, "5 -> 3": 529.0, "5 -> 10": 583.0, "6 -> 7": 601.0, "6 -> 10": 307.0, "6 -> 8": 397.0, "6 -> 1": 91.0, "6 -> 3": 175.0, "7 -> 8": 601.0, "7 -> 1": 289.0, "7 -> 9": 577.0, "7 -> 2": 91.0, "7 -> 3": 361.0, "8 -> 9": 601.0, "8 -> 3": 343.0, "8 -> 7": 361.0, "8 -> 2": 259.0, "8 -> 6": 343.0, "8 -> 4": 229.0, "8 -> 5": 289.0, "8 -> 1": 247.0, "9 -> 10": 601.0, "9 -> 6": 301.0, "9 -> 2": 493.0, "9 -> 7": 217.0, "9 -> 3": 409.0, "10 -> 1": 601.0, "10 -> 6": 379.0, "10 -> 4": 541.0, "10 -> 9": 199.0}, "bounds": [-1e+100, -1e+100, -1e+100, -1e+100, 0.0, 840.0, 840.0, 840.0, 840.0, 840.0, 840.0, 840.0, 840.0, 1289.0, 1797.0, 1835.0, 1835.0, 1835.0, 1835.0, 1835.0, 1835.0, 1835.0, 1835.0, 1835.0, 1835.0, 1835.0, 1835.0, 1835.0, 2035.0, 2035.0, 2035.0, 2035.0, 2035.0, 2035.0, 2035.0, 2035.0, 2035.0, 2035.0, 2035.0, 2035.0, 2035.0, 2798.0, 2798.0, 2798.0, 2798.0, 2798.0, 2798.0, 3509.0, 3509.0, 3863.0, 3863.0, 3954.0, 3954.0, 4005.0, 4005.0, 4116.0, 4116.0, 4193.0, 4211.0, 4474.0, 4474.0, 4474.0, 4474.0, 4474.0, 4474.0, 4474.0, 4474.0, 4474.0, 4474.0, 4474.0, 4474.0, 4474.0, 4474.0, 4474.0, 4474.0, 4474.0, 4474.0, 4474.0, 4474.0, 4474.0, 4474.0, 4474.0, 4474.0, 4474.0, 4474.0, 4474.0, 4474.0, 4474.0, 4474.0, 4474.0, 4474.0, 4474.0, 4474.0, 4474.0, 4474.0, 4867.0, 4867.0, 4867.0, 4867.0, 4867.0, 4867.0, 4867.0, 4867.0, 4867.0, 4867.0, 4867.0, 4867.0, 4898.0, 4898.0, 4898.0, 4898.0, 4898.0, 4898.0, 4898.0, 4898.0, 4898.0, 4898.0, 4898.0, 4898.0, 4898.0, 4898.0, 4898.0, 4898.0, 4898.0, 4898.0, 4898.0, 4898.0, 4898.0, 4898.0, 4898.0, 5124.0, 5253.0, 5264.0, 5384.0, 5384.0, 6034.0], "objectives": [0.0, 0.0, 0.0, 0.0, 0.0, 1275.0, 1275.0, 1275.0, 1275.0, 1876.0, 2477.0, 1876.0, 3078.0, 2695.0, 2404.0, 2404.0, 3606.0, 3220.0, 3308.0, 5266.0, 3208.0, 7803.0, 5321.0, 5689.0, 7787.0, 4210.0, 5535.0, 9907.0, 8130.0, 7414.0, 4360.0, 3543.0, 10024.0, 4102.0, 9536.0, 6913.0, 8620.0, 7910.0, 9904.0, 11864.0, 11142.0, 10395.0, 12561.0, 7465.0, 8956.0, 8735.0, 4283.0, 6540.0, 5526.0, 5527.0, 7280.0, 6265.0, 10186.0, 5748.0, 8706.0, 5652.0, 8555.0, 9276.0, 5645.0, 5825.0, 6101.0, 6086.0, 6125.0, 6075.0, 6498.0, 7225.0, 6689.0, 7467.0, 7688.0, 7750.0, 7066.0, 7568.0, 7964.0, 8969.0, 8208.0, 8579.0, 6871.0, 11489.0, 10919.0, 8189.0, 7796.0, 7316.0, 7430.0, 7304.0, 7975.0, 9292.0, 7579.0, 10751.0, 9806.0, 10503.0, 9760.0, 8766.0, 10256.0, 7595.0, 10569.0, 10945.0, 10567.0, 9148.0, 11328.0, 8355.0, 6739.0, 8950.0, 7218.0, 8700.0, 11520.0, 9950.0, 7722.0, 9202.0, 7858.0, 8678.0, 7164.0, 7225.0, 9482.0, 9410.0, 10288.0, 7259.0, 8226.0, 10558.0, 11033.0, 7824.0, 7199.0, 7445.0, 7703.0, 9397.0, 7494.0, 7560.0, 7578.0, 7740.0, 7775.0, 7057.0, 6720.0, 7010.0, 6734.0, 6679.0, 6528.0, 6516.0], "run_times": [0.0, 0.03, 0.02, 0.02, 0.02, 0.02, 0.02, 0.02, 0.02, 0.02, 0.02, 0.02, 0.02, 0.02, 1.76, 0.73, 0.8, 0.81, 0.77, 0.69, 0.79, 0.87, 1.11, 1.05, 1.32, 1.12, 1.31, 1.14, 0.99, 1.52, 1.27, 1.24, 1.14, 1.15, 1.17, 1.34, 1.04, 1.26, 6.29, 0.21, 0.03, 0.09, 0.03, 0.03, 0.04, 0.04, 0.04, 0.16, 0.03, 0.17, 0.03, 0.15, 0.03, 0.24, 0.04, 0.18, 0.03, 0.27, 0.26, 5.41, 1.19, 0.93, 0.73, 1.08, 1.16, 1.15, 0.71, 1.19, 1.03, 0.96, 1.42, 0.86, 0.97, 1.43, 1.08, 0.89, 0.77, 1.24, 0.85, 0.82, 1.16, 1.29, 1.21, 0.54, 0.49, 0.94, 0.9, 1.72, 1.4, 1.11, 1.04, 0.97, 0.94, 1.23, 1.29, 1.34, 0.87, 1.09, 1.86, 1.15, 1.48, 0.93, 1.35, 1.11, 1.22, 0.97, 1.0, 1.41, 0.83, 0.97, 1.27, 1.03, 0.79, 1.01, 1.15, 1.04, 1.04, 0.8, 1.09, 0.66, 0.97, 0.6, 0.61, 0.86, 1.04, 0.92, 0.43, 0.56, 0.57, 0.9, 1.4, 0.51, 0.55, 0.44, 0.62, 2.79], "is_optimal": true}
