{"decisions": {"1 -> 2": 1.0, "1 -> 7": -0.0, "1 -> 4": -0.0, "1 -> 8": -0.0, "1 -> 3": -0.0, "1 -> 10": 7.0647169223249805e-15, "1 -> 9": -0.0, "2 -> 3": 1.0, "2 -> 8": -0.0, "2 -> 4": -0.0, "2 -> 5": -0.0, "2 -> 10": -0.0, "3 -> 4": 1.0, "3 -> 7": -0.0, "3 -> 1": -0.0, "3 -> 10": 0.0, "3 -> 6": -7.223330428671014e-15, "4 -> 5": 1.0, "4 -> 7": -0.0, "4 -> 2": -0.0, "4 -> 10": -0.0, "4 -> 6": -0.0, "4 -> 9": -0.0, "4 -> 3": -0.0, "4 -> 8": -0.0, "5 -> 6": 0.9999999999999989, "5 -> 1": -0.0, "5 -> 4": -0.0, "5 -> 9": -0.0, "5 -> 7": -0.0, "6 -> 7": 1.0, "6 -> 5": -0.0, "6 -> 10": -6.364822312467808e-15, "6 -> 1": -9.682900438443556e-15, "6 -> 8": -0.0, "6 -> 9": -0.0, "7 -> 8": 1.0, "7 -> 10": -1.9370015950165303e-14, "7 -> 2": -0.0, "7 -> 6": -0.0, "7 -> 3": -0.0, "7 -> 4": -0.0, "8 -> 9": 1.0, "8 -> 5": -6.340457954649248e-15, "8 -> 6": 1.78796883207376e-14, "8 -> 7": -0.0, "8 -> 1": -0.0, "9 -> 10": 1.0, "9 -> 6": -0.0, "9 -> 7": -0.0, "9 -> 1": -0.0, "9 -> 2": -0.0, "9 -> 8": -0.0, "10 -> 1": 0.9999999999999988, "10 -> 4": 0.0, "10 -> 9": -0.0, "10 -> 5": -0.0, "10 -> 7": -0.0, "10 -> 8": -9.107625360021893e-15, "10 -> 2": -0.0}, "decision_costs": {"1 -> 2": 1434.0, "1 -> 7": 1320.0, "1 -> 4": 1090.0, "1 -> 8": 1105.0, "1 -> 3": 517.0, "1 -> 10": 1348.0, "1 -> 9": 1033.0, "2 -> 3": 1434.0, "2 -> 8": 273.0, "2 -> 4": 1348.0, "2 -> 5": 1248.0, "2 -> 10": 990.0, "3 -> 4": 1434.0, "3 -> 7": 502.0, "3 -> 1": 158.0, "3 -> 10": 316.0, "3 -> 6": 1205.0, "4 -> 5": 1434.0, "4 -> 7": 1004.0, "4 -> 2": 144.0, "4 -> 10": 588.0, "4 -> 6": 674.0, "4 -> 9": 1291.0, "4 -> 3": 1420.0, "4 -> 8": 1047.0, "5 -> 6": 1434.0, "5 -> 1": 1291.0, "5 -> 4": 746.0, "5 -> 9": 373.0, "5 -> 7": 932.0, "6 -> 7": 1434.0, "6 -> 5": 947.0, "6 -> 10": 603.0, "6 -> 1": 488.0, "6 -> 8": 545.0, "6 -> 9": 1076.0, "7 -> 8": 1434.0, "7 -> 10": 459.0, "7 -> 2": 560.0, "7 -> 6": 1033.0, "7 -> 3": 345.0, "7 -> 4": 1191.0, "8 -> 9": 1434.0, "8 -> 5": 832.0, "8 -> 6": 230.0, "8 -> 7": 1062.0, "8 -> 1": 1018.0, "9 -> 10": 1434.0, "9 -> 6": 732.0, "9 -> 7": 1033.0, "9 -> 1": 187.0, "9 -> 2": 660.0, "9 -> 8": 1148.0, "10 -> 1": 1434.0, "10 -> 4": 416.0, "10 -> 9": 173.0, "10 -> 5": 459.0, "10 -> 7": 431.0, "10 -> 8": 517.0, "10 -> 2": 818.0}, "bounds": [-1e+100, -1e+100, -1e+100, -1e+100, 0.0, 1454.0, 1454.0, 1454.0, 1454.0, 1454.0, 1454.0, 1454.0, 2180.0, 2180.0, 3002.0, 3002.0, 3002.0, 3002.0, 3002.0, 3002.0, 3002.0, 3002.0, 3002.0, 3002.0, 3002.0, 3002.0, 3002.0, 3004.0, 3004.0, 3004.0, 3004.0, 3004.0, 3004.0, 3004.0, 3004.0, 3004.0, 3004.0, 3004.0, 3004.0, 3004.0, 3004.0, 3004.0, 3004.0, 5621.0, 5621.0, 5621.0, 5621.0, 5621.0, 5621.0, 8273.0, 9105.0, 9105.0, 9105.0, 9105.0, 9105.0, 9636.0, 9864.0, 10055.0, 10663.0, 11166.0, 11166.0, 11166.0], "objectives": [0.0, 0.0, 0.0, 0.0, 0.0, 2868.0, 2868.0, 2868.0, 2868.0, 4302.0, 4302.0, 5736.0, 4302.0, 5483.0, 5736.0, 5736.0, 7170.0, 7170.0, 8604.0, 6342.0, 8604.0, 8604.0, 10156.0, 8604.0, 10485.0, 10629.0, 9394.0, 9841.0, 31745.0, 8637.0, 32678.0, 31733.0, 12937.0, 22569.0, 29812.0, 31746.0, 31303.0, 26168.0, 9655.0, 9770.0, 37183.0, 43041.0, 11472.0, 36711.0, 14154.0, 13050.0, 28219.0, 13050.0, 13050.0, 10426.0, 14340.0, 10038.0, 12191.0, 12191.0, 13625.0, 14198.0, 14128.0, 13136.0, 11961.0, 14083.0, 14083.0, 14083.0], "run_times": [0.0, 0.44, 0.25, 0.25, 0.24, 0.24, 0.25, 0.23, 0.24, 0.25, 0.24, 0.26, 0.27, 0.27, 2.9, 8.95, 10.3, 9.7, 8.78, 9.03, 9.79, 7.92, 1.38, 9.2, 8.98, 9.76, 7.65, 1.61, 12.45, 17.21, 0.66, 1.75, 13.98, 3.57, 0.59, 0.62, 2.3, 16.9, 2.81, 17.21, 15.11, 0.85, 0.87, 1.16, 0.68, 0.57, 0.51, 0.54, 0.47, 0.95, 1.21, 0.47, 0.38, 0.28, 0.3, 1.95, 2.74, 1.26, 1.37, 1.05, 0.26, 0.47], "is_optimal": true}
