{"decisions": {"1 -> 2": 1.0, "1 -> 7": -0.0, "1 -> 4": -0.0, "1 -> 8": -0.0, "1 -> 3": -0.0, "1 -> 10": -0.0, "1 -> 9": -0.0, "2 -> 3": 1.0, "2 -> 8": -0.0, "2 -> 4": -0.0, "2 -> 5": -0.0, "2 -> 10": -0.0, "3 -> 4": 1.0, "3 -> 7": -0.0, "3 -> 1": -0.0, "3 -> 10": -0.0, "3 -> 6": -0.0, "4 -> 5": 1.0, "4 -> 7": -0.0, "4 -> 2": 1.2212453270876722e-15, "4 -> 10": -0.0, "4 -> 6": -0.0, "4 -> 9": -0.0, "4 -> 3": -0.0, "4 -> 8": -0.0, "5 -> 6": 0.9999999999999998, "5 -> 1": -0.0, "5 -> 4": -0.0, "5 -> 9": -0.0, "5 -> 7": -0.0, "6 -> 7": 1.0, "6 -> 5": -0.0, "6 -> 10": -0.0, "6 -> 1": -0.0, "6 -> 8": -0.0, "6 -> 9": -0.0, "7 -> 8": 1.0, "7 -> 10": -0.0, "7 -> 2": -0.0, "7 -> 6": -0.0, "7 -> 3": -0.0, "7 -> 4": -0.0, "8 -> 9": 1.0, "8 -> 5": -0.0, "8 -> 6": 0.0, "8 -> 7": -0.0, "8 -> 1": -0.0, "9 -> 10": 1.0, "9 -> 6": -0.0, "9 -> 7": -0.0, "9 -> 1": -0.0, "9 -> 2": -0.0, "9 -> 8": -0.0, "10 -> 1": 1.0, "10 -> 4": -0.0, "10 -> 9": -0.0, "10 -> 5": -0.0, "10 -> 7": -0.0, "10 -> 8": -0.0, "10 -> 2": -0.0}, "decision_costs": {"1 -> 2": 14338.0, "1 -> 7": 13191.0, "1 -> 4": 10897.0, "1 -> 8": 11041.0, "1 -> 3": 5162.0, "1 -> 10": 13478.0, "1 -> 9": 10324.0, "2 -> 3": 14338.0, "2 -> 8": 2725.0, "2 -> 4": 13478.0, "2 -> 5": 12474.0, "2 -> 10": 9894.0, "3 -> 4": 14338.0, "3 -> 7": 5019.0, "3 -> 1": 1578.0, "3 -> 10": 3155.0, "3 -> 6": 12044.0, "4 -> 5": 14338.0, "4 -> 7": 10037.0, "4 -> 2": 1434.0, "4 -> 10": 5879.0, "4 -> 6": 6739.0, "4 -> 9": 12905.0, "4 -> 3": 14195.0, "4 -> 8": 10467.0, "5 -> 6": 14338.0, "5 -> 1": 12905.0, "5 -> 4": 7456.0, "5 -> 9": 3728.0, "5 -> 7": 9320.0, "6 -> 7": 14338.0, "6 -> 5": 9464.0, "6 -> 10": 6022.0, "6 -> 1": 4875.0, "6 -> 8": 5449.0, "6 -> 9": 10754.0, "7 -> 8": 14338.0, "7 -> 10": 4589.0, "7 -> 2": 5592.0, "7 -> 6": 10324.0, "7 -> 3": 3442.0, "7 -> 4": 11901.0, "8 -> 9": 14338.0, "8 -> 5": 8316.0, "8 -> 6": 2295.0, "8 -> 7": 10611.0, "8 -> 1": 10180.0, "9 -> 10": 14338.0, "9 -> 6": 7313.0, "9 -> 7": 10324.0, "9 -> 1": 1864.0, "9 -> 2": 6596.0, "9 -> 8": 11471.0, "10 -> 1": 14338.0, "10 -> 4": 4158.0, "10 -> 9": 1721.0, "10 -> 5": 4589.0, "10 -> 7": 4302.0, "10 -> 8": 5162.0, "10 -> 2": 8173.0}, "bounds": [-1e+100, -1e+100, -1e+100, -1e+100, 0.0, 14368.0, 14368.0, 14368.0, 14368.0, 14368.0, 14368.0, 14383.0, 28709.0, 28709.0, 28709.0, 28709.0, 28709.0, 28709.0, 28709.0, 28709.0, 28709.0, 28709.0, 28709.0, 28709.0, 28709.0, 29067.0, 29067.0, 29067.0, 29067.0, 29067.0, 29067.0, 29067.0, 29067.0, 29067.0, 29067.0, 66819.0, 66819.0, 66819.0, 85720.08, 96746.0, 96746.0, 96746.0, 96746.0, 96746.0, 96746.0, 96746.0, 97941.0, 105641.0, 107095.0, 107095.0], "objectives": [0.0, 0.0, 0.0, 0.0, 0.0, 28676.0, 28676.0, 28676.0, 28676.0, 43014.0, 43014.0, 44448.0, 43014.0, 57352.0, 71690.0, 222538.0, 68253.0, 79721.0, 73124.0, 94345.0, 87322.0, 340114.0, 70259.0, 103954.0, 337820.0, 217087.0, 126465.0, 151555.0, 127612.0, 350293.0, 87464.0, 412810.0, 129042.0, 114704.0, 288924.0, 140226.0, 136929.0, 353447.0, 104955.0, 132197.0, 260244.0, 129042.0, 127037.0, 347857.0, 124599.0, 143380.0, 130476.0, 137072.0, 139367.0, 137933.0], "run_times": [0.0, 0.94, 0.49, 0.48, 0.48, 0.5, 0.51, 0.5, 0.48, 0.51, 0.48, 0.54, 5.67, 20.78, 17.22, 1.61, 18.68, 19.35, 19.32, 18.65, 19.23, 19.56, 19.52, 16.78, 3.64, 20.45, 16.28, 3.97, 19.25, 17.94, 6.08, 35.23, 1.91, 1.42, 1.13, 1.33, 1.37, 1.26, 3.56, 45.05, 33.28, 17.5, 6.92, 23.22, 29.61, 23.05, 27.08, 18.41, 18.07, 14.9], "is_optimal": true}
