{"decisions": {"1 -> 2": 1.0, "1 -> 7": -0.0, "1 -> 4": -0.0, "1 -> 8": -0.0, "1 -> 3": -0.0, "1 -> 10": 0.0, "1 -> 9": -0.0, "2 -> 3": 1.0, "2 -> 8": -0.0, "2 -> 4": -0.0, "2 -> 5": -0.0, "2 -> 10": 0.0, "3 -> 4": 0.9999999999999376, "3 -> 7": 0.0, "3 -> 1": -0.0, "3 -> 10": -0.0, "3 -> 6": 0.0, "4 -> 5": 1.0, "4 -> 7": -0.0, "4 -> 2": -0.0, "4 -> 10": -0.0, "4 -> 6": -0.0, "4 -> 9": -0.0, "4 -> 3": -0.0, "4 -> 8": -0.0, "5 -> 6": 1.0, "5 -> 1": -0.0, "5 -> 4": -0.0, "5 -> 9": -0.0, "5 -> 7": -0.0, "6 -> 7": 1.0, "6 -> 5": -0.0, "6 -> 10": -0.0, "6 -> 1": -0.0, "6 -> 8": -0.0, "6 -> 9": -0.0, "7 -> 8": 1.0, "7 -> 10": -0.0, "7 -> 2": 0.0, "7 -> 6": 0.0, "7 -> 3": -0.0, "7 -> 4": -0.0, "8 -> 9": 1.0, "8 -> 5": -0.0, "8 -> 6": -0.0, "8 -> 7": -0.0, "8 -> 1": -0.0, "9 -> 10": 1.0, "9 -> 6": -0.0, "9 -> 7": -0.0, "9 -> 1": -0.0, "9 -> 2": -0.0, "9 -> 8": -0.0, "10 -> 1": 1.0000000000000009, "10 -> 4": -0.0, "10 -> 9": -0.0, "10 -> 5": -0.0, "10 -> 7": -0.0, "10 -> 8": -0.0, "10 -> 2": -0.0}, "decision_costs": {"1 -> 2": 14338.0, "1 -> 7": 13191.0, "1 -> 4": 10897.0, "1 -> 8": 11041.0, "1 -> 3": 5162.0, "1 -> 10": 13478.0, "1 -> 9": 10324.0, "2 -> 3": 14338.0, "2 -> 8": 2725.0, "2 -> 4": 13478.0, "2 -> 5": 12474.0, "2 -> 10": 9894.0, "3 -> 4": 14338.0, "3 -> 7": 5019.0, "3 -> 1": 1578.0, "3 -> 10": 3155.0, "3 -> 6": 12044.0, "4 -> 5": 14338.0, "4 -> 7": 10037.0, "4 -> 2": 1434.0, "4 -> 10": 5879.0, "4 -> 6": 6739.0, "4 -> 9": 12905.0, "4 -> 3": 14195.0, "4 -> 8": 10467.0, "5 -> 6": 14338.0, "5 -> 1": 12905.0, "5 -> 4": 7456.0, "5 -> 9": 3728.0, "5 -> 7": 9320.0, "6 -> 7": 14338.0, "6 -> 5": 9464.0, "6 -> 10": 6022.0, "6 -> 1": 4875.0, "6 -> 8": 5449.0, "6 -> 9": 10754.0, "7 -> 8": 14338.0, "7 -> 10": 4589.0, "7 -> 2": 5592.0, "7 -> 6": 10324.0, "7 -> 3": 3442.0, "7 -> 4": 11901.0, "8 -> 9": 14338.0, "8 -> 5": 8316.0, "8 -> 6": 2295.0, "8 -> 7": 10611.0, "8 -> 1": 10180.0, "9 -> 10": 14338.0, "9 -> 6": 7313.0, "9 -> 7": 10324.0, "9 -> 1": 1864.0, "9 -> 2": 6596.0, "9 -> 8": 11471.0, "10 -> 1": 14338.0, "10 -> 4": 4158.0, "10 -> 9": 1721.0, "10 -> 5": 4589.0, "10 -> 7": 4302.0, "10 -> 8": 5162.0, "10 -> 2": 8173.0}, "bounds": [-1e+100, -1e+100, -1e+100, -1e+100, 0.0, 15988.0, 15988.0, 15988.0, 15988.0, 15988.0, 15988.0, 15988.0, 26646.0, 26646.0, 48364.0, 48364.0, 48364.0, 48364.0, 48364.0, 48364.0, 48364.0, 50602.0, 50602.0, 50602.0, 50602.0, 50602.0, 50602.0, 50602.0, 50602.0, 50602.0, 50602.0, 50602.0, 50650.0, 50650.0, 50650.0, 50650.0, 50650.0, 50650.0, 50650.0, 50650.0, 50650.0, 50650.0, 50650.0, 50650.0, 50650.0, 50650.0, 50650.0, 50650.0, 50650.0, 50650.0, 50650.0, 50650.0, 50650.0, 50650.0, 50650.0, 65235.0, 65235.0, 65235.0, 92521.0, 92521.0, 95878.0, 101357.0, 101357.0, 111674.0, 111674.0, 117691.0, 120238.0, 120238.0, 127843.0, 130426.0, 131607.0, 132448.0], "objectives": [0.0, 0.0, 0.0, 0.0, 0.0, 28676.0, 28676.0, 28676.0, 28676.0, 43014.0, 43014.0, 43014.0, 44448.0, 57352.0, 71690.0, 71690.0, 74274.0, 197158.0, 87462.0, 313590.0, 94490.0, 89329.0, 95206.0, 94348.0, 110693.0, 126895.0, 134925.0, 101800.0, 120154.0, 107967.0, 112125.0, 104241.0, 100366.0, 337389.0, 302259.0, 120011.0, 132198.0, 118866.0, 272864.0, 307421.0, 120154.0, 102230.0, 114851.0, 126607.0, 132343.0, 112844.0, 373952.0, 230133.0, 107536.0, 118433.0, 264404.0, 114704.0, 332514.0, 125891.0, 239740.0, 366350.0, 130476.0, 143811.0, 138794.0, 133918.0, 128040.0, 139654.0, 129042.0, 153563.0, 150981.0, 144528.0, 150264.0, 346851.0, 146537.0, 153419.0, 147109.0, 143380.0], "run_times": [0.0, 0.06, 0.03, 0.04, 0.03, 0.03, 0.03, 0.03, 0.03, 0.03, 0.06, 0.05, 0.04, 0.04, 1.86, 1.22, 1.21, 1.15, 2.13, 1.7, 3.27, 2.22, 1.59, 2.17, 2.48, 2.07, 2.2, 2.12, 1.49, 1.62, 1.87, 1.65, 2.03, 1.5, 2.6, 2.58, 2.5, 1.41, 1.96, 2.3, 3.4, 2.49, 1.91, 1.83, 1.84, 1.44, 1.96, 3.06, 3.73, 1.78, 1.36, 2.54, 2.1, 2.79, 13.69, 0.4, 0.09, 0.07, 0.58, 0.06, 0.24, 0.22, 0.06, 0.23, 0.06, 0.33, 0.36, 0.05, 0.28, 0.34, 0.32, 0.45], "is_optimal": true}
