{"decisions": {"1 -> 2": 1.0, "1 -> 7": -0.0, "1 -> 8": -0.0, "1 -> 10": -0.0, "1 -> 6": -0.0, "2 -> 3": 1.0, "2 -> 9": -0.0, "3 -> 4": 1.0, "3 -> 1": -0.0, "3 -> 5": -0.0, "3 -> 10": -0.0, "3 -> 7": -0.0, "3 -> 2": -0.0, "3 -> 9": -0.0, "3 -> 8": -0.0, "3 -> 6": -0.0, "4 -> 5": 1.0000000000000004, "4 -> 7": -0.0, "4 -> 10": -0.0, "4 -> 3": -0.0, "4 -> 6": -0.0, "4 -> 8": -0.0, "5 -> 6": 1.0, "5 -> 4": -0.0, "5 -> 7": -0.0, "5 -> 1": -0.0, "5 -> 8": -0.0, "6 -> 7": 1.0000000000000004, "6 -> 4": -0.0, "6 -> 2": -0.0, "6 -> 3": -0.0, "6 -> 9": -0.0, "6 -> 1": -0.0, "7 -> 8": 1.0, "7 -> 1": -0.0, "7 -> 5": -0.0, "7 -> 6": -0.0, "7 -> 9": -0.0, "7 -> 3": -0.0, "7 -> 2": -0.0, "7 -> 4": -0.0, "8 -> 9": 0.9999999999999996, "8 -> 7": -0.0, "8 -> 2": -0.0, "8 -> 4": -0.0, "8 -> 5": -0.0, "8 -> 10": -0.0, "9 -> 10": 1.0, "9 -> 6": -0.0, "9 -> 4": -0.0, "9 -> 2": -0.0, "9 -> 3": -0.0, "10 -> 1": 1.0, "10 -> 6": -0.0, "10 -> 5": -0.0, "10 -> 9": -0.0, "10 -> 8": -0.0, "10 -> 3": -0.0, "10 -> 2": -0.0, "10 -> 4": -0.0}, "decision_costs": {"1 -> 2": 12834.0, "1 -> 7": 6032.0, "1 -> 8": 8984.0, "1 -> 10": 10267.0, "1 -> 6": 6161.0, "2 -> 3": 12834.0, "2 -> 9": 1797.0, "3 -> 4": 12834.0, "3 -> 1": 6674.0, "3 -> 5": 10524.0, "3 -> 10": 10011.0, "3 -> 7": 6417.0, "3 -> 2": 6674.0, "3 -> 9": 11807.0, "3 -> 8": 6802.0, "3 -> 6": 9626.0, "4 -> 5": 12834.0, "4 -> 7": 10267.0, "4 -> 10": 11294.0, "4 -> 3": 6161.0, "4 -> 6": 2696.0, "4 -> 8": 7957.0, "5 -> 6": 12834.0, "5 -> 4": 3722.0, "5 -> 7": 4749.0, "5 -> 1": 6674.0, "5 -> 8": 2567.0, "6 -> 7": 12834.0, "6 -> 4": 2824.0, "6 -> 2": 2054.0, "6 -> 3": 12321.0, "6 -> 9": 10781.0, "6 -> 1": 5519.0, "7 -> 8": 12834.0, "7 -> 1": 12705.0, "7 -> 5": 6802.0, "7 -> 6": 5647.0, "7 -> 9": 6545.0, "7 -> 3": 2182.0, "7 -> 2": 8856.0, "7 -> 4": 11422.0, "8 -> 9": 12834.0, "8 -> 7": 8214.0, "8 -> 2": 5519.0, "8 -> 4": 11166.0, "8 -> 5": 8085.0, "8 -> 10": 6802.0, "9 -> 10": 12834.0, "9 -> 6": 5776.0, "9 -> 4": 2952.0, "9 -> 2": 10396.0, "9 -> 3": 2311.0, "10 -> 1": 12834.0, "10 -> 6": 8599.0, "10 -> 5": 7059.0, "10 -> 9": 12705.0, "10 -> 8": 2182.0, "10 -> 3": 12064.0, "10 -> 2": 9497.0, "10 -> 4": 7187.0}, "bounds": [-1e+100, -1e+100, -1e+100, -1e+100, 0.0, 12033.0, 12033.0, 12033.0, 12033.0, 12033.0, 12834.0, 12834.0, 12834.0, 14228.0, 14228.0, 14228.0, 14228.0, 14228.0, 14228.0, 14228.0, 14228.0, 14228.0, 14228.0, 14228.0, 14228.0, 14228.0, 14228.0, 14228.0, 14228.0, 14228.0, 14228.0, 14228.0, 14690.0, 14690.0, 14690.0, 14690.0, 14690.0, 14690.0, 14690.0, 14690.0, 14690.0, 14690.0, 14690.0, 14690.0, 14690.0, 14690.0, 14690.0, 14690.0, 14690.0, 14690.0, 14690.0, 14690.0, 39817.0, 39817.0, 39817.0, 39817.0, 39817.0, 39817.0, 56877.0, 57297.0, 58358.0, 58358.0, 58358.0, 58358.0, 70612.07, 70612.07, 70612.07, 70855.0, 70855.0, 70855.0, 71286.04, 76121.0, 84725.0, 85030.0, 85042.0, 86075.0, 86075.0, 86075.0, 86075.0, 86075.0, 86075.0, 86075.0, 87332.0, 87332.0, 89302.0, 89302.0, 89302.0, 89302.0, 89302.0, 99076.0], "objectives": [0.0, 0.0, 0.0, 0.0, 0.0, 73924.0, 25668.0, 38502.0, 38502.0, 38502.0, 38502.0, 38502.0, 51336.0, 51336.0, 38502.0, 74569.0, 73671.0, 64944.0, 64170.0, 69178.0, 77004.0, 78290.0, 65456.0, 94205.0, 64170.0, 55703.0, 94718.0, 71231.0, 54288.0, 64684.0, 85348.0, 102032.0, 73413.0, 94589.0, 72643.0, 59808.0, 64556.0, 79831.0, 66996.0, 91124.0, 94845.0, 94845.0, 103956.0, 72257.0, 77004.0, 117049.0, 87274.0, 79061.0, 361285.0, 410439.0, 102672.0, 272342.0, 187765.0, 89838.0, 115506.0, 102672.0, 89838.0, 89838.0, 102672.0, 89838.0, 382973.0, 468707.0, 102672.0, 424429.0, 102672.0, 102672.0, 102672.0, 89838.0, 102672.0, 411595.0, 102672.0, 102672.0, 102672.0, 102672.0, 102672.0, 89838.0, 115506.0, 102672.0, 102672.0, 115506.0, 115506.0, 102672.0, 115506.0, 102672.0, 102672.0, 115506.0, 115506.0, 115506.0, 128340.0, 115506.0], "run_times": [0.0, 3.31, 1.61, 1.55, 1.56, 1.6, 1.57, 1.73, 1.77, 1.83, 14.12, 19.4, 20.04, 19.05, 17.36, 7.86, 17.93, 6.33, 23.86, 23.96, 17.43, 9.56, 23.38, 31.84, 16.11, 2.01, 18.21, 20.07, 17.38, 9.93, 25.08, 13.93, 14.92, 23.55, 45.73, 16.07, 19.32, 23.38, 76.42, 5.6, 15.53, 12.35, 1.91, 15.46, 13.83, 3.08, 28.15, 4.05, 47.58, 4.77, 7.75, 7.72, 7.54, 3.73, 2.01, 5.95, 3.56, 3.37, 7.4, 3.13, 29.54, 5.95, 6.43, 7.91, 5.66, 6.95, 3.07, 6.74, 3.05, 2.68, 25.2, 29.07, 31.86, 26.79, 9.47, 3.54, 2.45, 14.14, 13.02, 2.64, 12.64, 12.96, 9.43, 15.19, 23.41, 19.44, 22.76, 15.48, 12.32, 31.37], "is_optimal": true}
