{"decisions": {"1 -> 2": 1.0, "1 -> 7": -0.0, "1 -> 8": -0.0, "1 -> 10": -0.0, "1 -> 6": -0.0, "2 -> 3": 1.0, "2 -> 9": -0.0, "3 -> 4": 1.0, "3 -> 1": -0.0, "3 -> 5": -0.0, "3 -> 10": -0.0, "3 -> 7": -0.0, "3 -> 2": -0.0, "3 -> 9": -0.0, "3 -> 8": -0.0, "3 -> 6": -0.0, "4 -> 5": 1.0, "4 -> 7": -0.0, "4 -> 10": -0.0, "4 -> 3": -0.0, "4 -> 6": -0.0, "4 -> 8": -0.0, "5 -> 6": 1.0, "5 -> 4": -0.0, "5 -> 7": -0.0, "5 -> 1": -0.0, "5 -> 8": -0.0, "6 -> 7": 1.0, "6 -> 4": -0.0, "6 -> 2": -0.0, "6 -> 3": -0.0, "6 -> 9": -0.0, "6 -> 1": -0.0, "7 -> 8": 1.0, "7 -> 1": -0.0, "7 -> 5": -0.0, "7 -> 6": -0.0, "7 -> 9": -0.0, "7 -> 3": -0.0, "7 -> 2": -0.0, "7 -> 4": -0.0, "8 -> 9": 1.0, "8 -> 7": -0.0, "8 -> 2": -0.0, "8 -> 4": -0.0, "8 -> 5": -0.0, "8 -> 10": -0.0, "9 -> 10": 1.0, "9 -> 6": -0.0, "9 -> 4": -0.0, "9 -> 2": -0.0, "9 -> 3": -0.0, "10 -> 1": 1.0, "10 -> 6": -0.0, "10 -> 5": -0.0, "10 -> 9": -0.0, "10 -> 8": -0.0, "10 -> 3": -0.0, "10 -> 2": -0.0, "10 -> 4": -0.0}, "decision_costs": {"1 -> 2": 12834.0, "1 -> 7": 6032.0, "1 -> 8": 8984.0, "1 -> 10": 10267.0, "1 -> 6": 6161.0, "2 -> 3": 12834.0, "2 -> 9": 1797.0, "3 -> 4": 12834.0, "3 -> 1": 6674.0, "3 -> 5": 10524.0, "3 -> 10": 10011.0, "3 -> 7": 6417.0, "3 -> 2": 6674.0, "3 -> 9": 11807.0, "3 -> 8": 6802.0, "3 -> 6": 9626.0, "4 -> 5": 12834.0, "4 -> 7": 10267.0, "4 -> 10": 11294.0, "4 -> 3": 6161.0, "4 -> 6": 2696.0, "4 -> 8": 7957.0, "5 -> 6": 12834.0, "5 -> 4": 3722.0, "5 -> 7": 4749.0, "5 -> 1": 6674.0, "5 -> 8": 2567.0, "6 -> 7": 12834.0, "6 -> 4": 2824.0, "6 -> 2": 2054.0, "6 -> 3": 12321.0, "6 -> 9": 10781.0, "6 -> 1": 5519.0, "7 -> 8": 12834.0, "7 -> 1": 12705.0, "7 -> 5": 6802.0, "7 -> 6": 5647.0, "7 -> 9": 6545.0, "7 -> 3": 2182.0, "7 -> 2": 8856.0, "7 -> 4": 11422.0, "8 -> 9": 12834.0, "8 -> 7": 8214.0, "8 -> 2": 5519.0, "8 -> 4": 11166.0, "8 -> 5": 8085.0, "8 -> 10": 6802.0, "9 -> 10": 12834.0, "9 -> 6": 5776.0, "9 -> 4": 2952.0, "9 -> 2": 10396.0, "9 -> 3": 2311.0, "10 -> 1": 12834.0, "10 -> 6": 8599.0, "10 -> 5": 7059.0, "10 -> 9": 12705.0, "10 -> 8": 2182.0, "10 -> 3": 12064.0, "10 -> 2": 9497.0, "10 -> 4": 7187.0}, "bounds": [-1e+100, -1e+100, -1e+100, 12834.0, 12834.0, 88495.0, 93766.0, 100093.0, 100093.0, 102074.0, 102074.0, 102074.0, 102074.0, 102074.0, 103497.0, 106892.0, 106916.05686590329, 106916.05686590329, 106916.05686590329, 106916.05686590329, 106916.05686590329, 106916.05686590329, 106916.05686590329, 109071.0, 109071.0, 109071.0, 113085.0, 117514.0, 117603.0, 118541.0, 119939.05047780513, 119939.05047780513, 122443.0, 123463.0], "objectives": [156835.0, 156835.0, 157861.0, 262714.0, 128340.0, 125007.0, 125261.0, 123339.0, 125777.0, 118206.0, 121671.0, 118333.0, 124879.0, 127959.0, 127829.0, 127571.0, 124494.0, 122824.0, 126418.0, 126033.0, 126675.0, 123722.0, 127186.0, 120000.0, 125262.99999999999, 127960.0, 126033.0, 128088.0, 127189.0, 125776.0, 128087.0, 128086.00000000003, 127318.0, 127701.0], "run_times": [0.0015590190887451172, 3.256063938140869, 0.8859610557556152, 1.226820945739746, 3.0555710792541504, 2.9175589084625244, 4.392031192779541, 4.300334930419922, 4.290421009063721, 2.2586028575897217, 1.9117071628570557, 1.7441699504852295, 2.3709120750427246, 2.1463208198547363, 2.5803630352020264, 35.56671714782715, 12.918617010116577, 21.82570195198059, 29.493085861206055, 48.06423616409302, 3.0055389404296875, 2.7262299060821533, 25.8960599899292, 34.22823405265808, 43.17476010322571, 96.61152791976929, 91.37800908088684, 140.7283809185028, 30.753978967666626, 26.690186023712158, 1630.1604919433594, 439.418261051178, 850.8350429534912, 411.06497406959534], "is_optimal": true}
