{"decisions": {"1 -> 2": 1.0, "1 -> 7": -0.0, "1 -> 8": -0.0, "1 -> 10": -0.0, "1 -> 6": -0.0, "2 -> 3": 1.0, "2 -> 9": -0.0, "3 -> 4": 1.0, "3 -> 1": -0.0, "3 -> 5": -0.0, "3 -> 10": -0.0, "3 -> 7": -0.0, "3 -> 2": -0.0, "3 -> 9": -0.0, "3 -> 8": -0.0, "3 -> 6": -0.0, "4 -> 5": 1.0000000000000004, "4 -> 7": -0.0, "4 -> 10": -0.0, "4 -> 3": -0.0, "4 -> 6": -0.0, "4 -> 8": -0.0, "5 -> 6": 1.0, "5 -> 4": -0.0, "5 -> 7": -0.0, "5 -> 1": -0.0, "5 -> 8": -0.0, "6 -> 7": 1.0000000000000004, "6 -> 4": -0.0, "6 -> 2": -0.0, "6 -> 3": -0.0, "6 -> 9": -0.0, "6 -> 1": -0.0, "7 -> 8": 1.0, "7 -> 1": -0.0, "7 -> 5": -0.0, "7 -> 6": -0.0, "7 -> 9": -0.0, "7 -> 3": -0.0, "7 -> 2": -0.0, "7 -> 4": -0.0, "8 -> 9": 0.9999999999999996, "8 -> 7": -0.0, "8 -> 2": -0.0, "8 -> 4": -0.0, "8 -> 5": -0.0, "8 -> 10": -0.0, "9 -> 10": 1.0, "9 -> 6": -0.0, "9 -> 4": -0.0, "9 -> 2": -0.0, "9 -> 3": -0.0, "10 -> 1": 1.0, "10 -> 6": -0.0, "10 -> 5": -0.0, "10 -> 9": -0.0, "10 -> 8": -0.0, "10 -> 3": -0.0, "10 -> 2": -0.0, "10 -> 4": -0.0}, "decision_costs": {"1 -> 2": 12834.0, "1 -> 7": 6032.0, "1 -> 8": 8984.0, "1 -> 10": 10267.0, "1 -> 6": 6161.0, "2 -> 3": 12834.0, "2 -> 9": 1797.0, "3 -> 4": 12834.0, "3 -> 1": 6674.0, "3 -> 5": 10524.0, "3 -> 10": 10011.0, "3 -> 7": 6417.0, "3 -> 2": 6674.0, "3 -> 9": 11807.0, "3 -> 8": 6802.0, "3 -> 6": 9626.0, "4 -> 5": 12834.0, "4 -> 7": 10267.0, "4 -> 10": 11294.0, "4 -> 3": 6161.0, "4 -> 6": 2696.0, "4 -> 8": 7957.0, "5 -> 6": 12834.0, "5 -> 4": 3722.0, "5 -> 7": 4749.0, "5 -> 1": 6674.0, "5 -> 8": 2567.0, "6 -> 7": 12834.0, "6 -> 4": 2824.0, "6 -> 2": 2054.0, "6 -> 3": 12321.0, "6 -> 9": 10781.0, "6 -> 1": 5519.0, "7 -> 8": 12834.0, "7 -> 1": 12705.0, "7 -> 5": 6802.0, "7 -> 6": 5647.0, "7 -> 9": 6545.0, "7 -> 3": 2182.0, "7 -> 2": 8856.0, "7 -> 4": 11422.0, "8 -> 9": 12834.0, "8 -> 7": 8214.0, "8 -> 2": 5519.0, "8 -> 4": 11166.0, "8 -> 5": 8085.0, "8 -> 10": 6802.0, "9 -> 10": 12834.0, "9 -> 6": 5776.0, "9 -> 4": 2952.0, "9 -> 2": 10396.0, "9 -> 3": 2311.0, "10 -> 1": 12834.0, "10 -> 6": 8599.0, "10 -> 5": 7059.0, "10 -> 9": 12705.0, "10 -> 8": 2182.0, "10 -> 3": 12064.0, "10 -> 2": 9497.0, "10 -> 4": 7187.0}, "bounds": [-1e+100, -1e+100, -1e+100, -1e+100, 0.0, 12033.0, 12033.0, 12033.0, 12033.0, 12033.0, 12834.0, 12834.0, 12834.0, 14228.0, 14228.0, 14228.0, 14228.0, 14228.0, 14228.0, 14228.0, 14228.0, 14228.0, 14228.0, 14228.0, 14228.0, 14228.0, 14228.0, 14228.0, 14228.0, 14228.0, 14228.0, 14228.0, 14690.0, 14690.0, 14690.0, 14690.0, 14690.0, 14690.0, 14690.0, 14690.0, 14690.0, 14690.0, 14690.0, 14690.0, 14690.0, 14690.0, 14690.0, 14690.0, 14690.0, 14690.0, 14690.0, 14690.0, 39817.0, 39817.0, 39817.0, 39817.0, 39817.0, 39817.0, 56877.0, 57297.0, 58358.0, 58358.0, 58358.0, 58358.0, 70612.07, 70612.07, 70612.07, 70855.0, 70855.0, 70855.0, 71286.04, 76121.0, 84725.0, 85030.0, 85042.0, 86075.0, 86075.0, 86075.0, 86075.0, 86075.0, 86075.0, 86075.0, 87332.0, 87332.0, 89302.0, 89302.0, 89302.0, 89302.0, 89302.0, 99076.0], "objectives": [0.0, 0.0, 0.0, 0.0, 0.0, 73924.0, 25668.0, 38502.0, 38502.0, 38502.0, 38502.0, 38502.0, 51336.0, 51336.0, 38502.0, 74569.0, 73671.0, 64944.0, 64170.0, 69178.0, 77004.0, 78290.0, 65456.0, 94205.0, 64170.0, 55703.0, 94718.0, 71231.0, 54288.0, 64684.0, 85348.0, 102032.0, 73413.0, 94589.0, 72643.0, 59808.0, 64556.0, 79831.0, 66996.0, 91124.0, 94845.0, 94845.0, 103956.0, 72257.0, 77004.0, 117049.0, 87274.0, 79061.0, 361285.0, 410439.0, 102672.0, 272342.0, 187765.0, 89838.0, 115506.0, 102672.0, 89838.0, 89838.0, 102672.0, 89838.0, 382973.0, 468707.0, 102672.0, 424429.0, 102672.0, 102672.0, 102672.0, 89838.0, 102672.0, 411595.0, 102672.0, 102672.0, 102672.0, 102672.0, 102672.0, 89838.0, 115506.0, 102672.0, 102672.0, 115506.0, 115506.0, 102672.0, 115506.0, 102672.0, 102672.0, 115506.0, 115506.0, 115506.0, 128340.0, 115506.0], "run_times": [0.0, 3.25, 1.54, 1.56, 1.5, 1.59, 1.55, 1.68, 1.79, 1.77, 14.65, 19.6, 19.85, 19.22, 17.26, 8.17, 17.95, 6.38, 23.78, 24.2, 17.1, 9.53, 23.63, 32.39, 16.0, 2.03, 18.49, 20.7, 17.3, 9.69, 25.49, 13.75, 15.26, 23.47, 46.71, 15.77, 19.7, 24.41, 75.74, 5.37, 16.05, 11.98, 1.89, 16.46, 13.08, 3.12, 28.36, 3.93, 48.61, 4.96, 7.56, 7.85, 7.6, 3.59, 1.96, 6.78, 3.64, 3.5, 7.39, 3.05, 29.89, 5.78, 6.32, 8.09, 5.67, 6.81, 3.3, 6.82, 3.2, 2.63, 24.97, 29.32, 32.04, 27.2, 9.21, 3.41, 2.33, 13.95, 13.36, 2.57, 12.75, 13.02, 9.61, 15.19, 23.43, 19.69, 23.1, 15.79, 12.49, 31.38], "is_optimal": true}
