{"decisions": {"1 -> 2": -0.0, "1 -> 10": -0.0, "1 -> 8": -0.0, "1 -> 7": -0.0, "1 -> 4": 2.7755575615628914e-17, "1 -> 9": -0.0, "1 -> 5": -0.0, "1 -> 3": -0.0, "1 -> 6": -0.0, "2 -> 3": -0.0, "2 -> 4": -0.0, "2 -> 7": -0.0, "2 -> 9": -0.0, "2 -> 8": -0.0, "2 -> 10": -0.0, "2 -> 1": -0.0, "2 -> 5": -0.0, "2 -> 6": -0.0, "3 -> 4": -0.0, "3 -> 2": 1.0, "3 -> 1": 0.9999999999999976, "3 -> 7": -0.0, "3 -> 10": -0.0, "3 -> 9": 1.0, "3 -> 8": -0.0, "4 -> 5": 1.0, "4 -> 3": 1.0, "4 -> 10": -0.0, "4 -> 8": -0.0, "4 -> 7": -0.0, "4 -> 2": -0.0, "4 -> 6": -0.0, "4 -> 1": -0.0, "4 -> 9": -0.0, "5 -> 6": 1.0, "5 -> 2": -0.0, "5 -> 8": -0.0, "5 -> 3": 1.0, "5 -> 10": -0.0, "5 -> 1": -0.0, "6 -> 7": 1.0, "6 -> 10": -0.0, "6 -> 8": -0.0, "6 -> 1": 1.0, "6 -> 3": -0.0, "6 -> 5": -0.0, "6 -> 4": 1.0, "7 -> 8": 1.0, "7 -> 1": 2.7755575615628914e-17, "7 -> 9": -0.0, "7 -> 2": 1.0, "7 -> 3": -0.0, "7 -> 10": -0.0, "7 -> 5": -0.0, "7 -> 4": -0.0, "7 -> 6": -0.0, "8 -> 9": 1.0, "8 -> 3": -0.0, "8 -> 7": -0.0, "8 -> 2": -0.0, "8 -> 6": -0.0, "8 -> 4": -0.0, "8 -> 5": 1.0, "8 -> 1": 1.0, "8 -> 10": -0.0, "9 -> 10": -0.0, "9 -> 6": 1.0, "9 -> 2": -0.0, "9 -> 7": -0.0, "9 -> 3": -0.0, "9 -> 8": -0.0, "9 -> 5": -0.0, "9 -> 4": 1.0, "10 -> 1": -0.0, "10 -> 6": -0.0, "10 -> 4": -0.0, "10 -> 9": 1.0, "10 -> 7": -0.0, "10 -> 5": -0.0, "10 -> 8": -0.0, "10 -> 2": 0.0, "10 -> 3": 1.0}, "decision_costs": {"1 -> 2": 6010.0, "1 -> 10": 2464.0, "1 -> 8": 3786.0, "1 -> 7": 3726.0, "1 -> 4": 2464.0, "1 -> 9": 4147.0, "1 -> 5": 4207.0, "1 -> 3": 5169.0, "1 -> 6": 782.0, "2 -> 3": 6010.0, "2 -> 4": 4447.0, "2 -> 7": 3426.0, "2 -> 9": 1803.0, "2 -> 8": 3666.0, "2 -> 10": 5169.0, "2 -> 1": 5529.0, "2 -> 5": 4207.0, "2 -> 6": 1563.0, "3 -> 4": 6010.0, "3 -> 2": 5589.0, "3 -> 1": 1443.0, "3 -> 7": 2404.0, "3 -> 10": 5229.0, "3 -> 9": 722.0, "3 -> 8": 4027.0, "4 -> 5": 6010.0, "4 -> 3": 1082.0, "4 -> 10": 3246.0, "4 -> 8": 2945.0, "4 -> 7": 5409.0, "4 -> 2": 4327.0, "4 -> 6": 4808.0, "4 -> 1": 3606.0, "4 -> 9": 5349.0, "5 -> 6": 6010.0, "5 -> 2": 1262.0, "5 -> 8": 5409.0, "5 -> 3": 5289.0, "5 -> 10": 5830.0, "5 -> 1": 5108.0, "6 -> 7": 6010.0, "6 -> 10": 3065.0, "6 -> 8": 3967.0, "6 -> 1": 902.0, "6 -> 3": 1743.0, "6 -> 5": 3666.0, "6 -> 4": 1743.0, "7 -> 8": 6010.0, "7 -> 1": 2885.0, "7 -> 9": 5770.0, "7 -> 2": 902.0, "7 -> 3": 3606.0, "7 -> 10": 902.0, "7 -> 5": 842.0, "7 -> 4": 4988.0, "7 -> 6": 2705.0, "8 -> 9": 6010.0, "8 -> 3": 3426.0, "8 -> 7": 3606.0, "8 -> 2": 2585.0, "8 -> 6": 3426.0, "8 -> 4": 2284.0, "8 -> 5": 2885.0, "8 -> 1": 2464.0, "8 -> 10": 3125.0, "9 -> 10": 6010.0, "9 -> 6": 3005.0, "9 -> 2": 4928.0, "9 -> 7": 2164.0, "9 -> 3": 4087.0, "9 -> 8": 4207.0, "9 -> 5": 3546.0, "9 -> 4": 962.0, "10 -> 1": 6010.0, "10 -> 6": 3786.0, "10 -> 4": 5409.0, "10 -> 9": 1984.0, "10 -> 7": 4207.0, "10 -> 5": 4327.0, "10 -> 8": 1082.0, "10 -> 2": 4447.0, "10 -> 3": 3065.0}, "bounds": [-1e+100, -1e+100, -1e+100, -1e+100, 0.0, 7139.0, 7139.0, 7139.0, 7139.0, 7139.0, 7139.0, 7139.0, 9449.0, 15897.0, 15897.0, 15897.0, 15897.0, 15897.0, 15897.0, 15897.0, 15897.0, 15897.0, 15897.0, 15897.0, 15897.0, 15897.0, 15897.0, 15897.0, 15897.0, 15897.0, 15897.0, 15897.0, 16510.0, 16740.0, 16740.0, 16740.0, 16740.0, 16740.0, 16740.0, 16740.0, 16740.0, 16740.0, 25915.0, 27952.0, 29468.0, 29774.0, 30106.0, 30106.0, 30427.0, 30427.0, 34156.0, 34156.0, 34156.0, 34156.0, 35576.0, 35576.0, 35576.0, 35576.0, 35576.0, 35576.0, 35576.0, 35576.0, 35576.0, 35576.0, 35576.0, 35576.0, 35576.0, 35576.0, 35576.0, 35576.0, 35576.0, 35576.0, 35576.0, 35576.0, 35576.0, 35576.0, 35576.0, 35576.0, 35576.0, 35576.0, 35576.0, 35576.0, 35576.0, 35576.0, 35576.0, 35576.0, 35576.0, 35576.0, 35576.0, 35576.0, 35576.0, 35576.0, 35576.0, 35576.0, 35576.0, 35576.0, 35576.0, 35576.0, 35576.0, 35576.0, 35576.0, 35576.0, 35576.0, 35576.0, 35576.0, 36442.0, 36442.0, 36442.0, 36442.0, 36442.0, 36442.0, 36442.0, 39858.0, 39858.0, 39858.0, 39858.0, 39858.0, 39858.0, 44545.0, 44545.0, 50833.0, 50833.0, 50833.0, 50833.0, 52349.0, 54293.0, 55129.0, 55210.0, 55210.0, 55503.0, 55576.0, 55760.0, 55997.0, 56515.0, 56791.0, 57095.0, 57485.0, 57497.0, 57497.0, 58021.0, 58812.0, 59457.0], "objectives": [0.0, 0.0, 0.0, 0.0, 0.0, 18331.0, 12742.0, 12742.0, 12742.0, 12742.0, 18752.0, 18752.0, 16710.0, 24762.0, 28248.0, 31314.0, 29751.0, 41831.0, 18633.0, 46341.0, 41411.0, 62326.0, 69599.0, 43936.0, 53554.0, 76870.0, 60825.0, 81738.0, 95263.0, 78252.0, 125672.0, 69900.0, 36363.0, 80899.0, 101572.0, 98689.0, 64971.0, 65994.0, 66534.0, 85644.0, 119841.0, 197852.0, 38646.0, 45017.0, 47841.0, 36603.0, 41893.0, 87690.0, 106200.0, 117618.0, 86127.0, 57217.0, 60823.0, 77653.0, 58901.0, 57039.0, 64911.0, 59563.0, 55414.0, 60946.0, 52770.0, 57340.0, 86008.0, 79095.0, 77955.0, 88651.0, 91116.0, 191902.0, 85346.0, 76633.0, 73387.0, 54092.0, 63107.0, 70261.0, 73928.0, 79876.0, 65029.0, 71705.0, 68038.0, 72425.0, 60947.0, 80600.0, 87267.0, 104456.0, 102292.0, 62507.0, 96041.0, 82102.0, 68575.0, 65034.0, 67674.0, 68518.0, 68517.0, 60822.0, 57521.0, 66835.0, 54996.0, 60286.0, 60704.0, 65513.0, 67493.0, 68216.0, 64190.0, 59865.0, 68157.0, 68460.0, 65996.0, 68156.0, 68278.0, 68037.0, 67435.0, 66717.0, 64611.0, 63467.0, 62087.0, 62927.0, 61907.0, 62687.0, 62810.0, 62085.0, 62328.0, 62628.0, 61967.0, 59863.0, 60946.0, 62506.0, 62207.0, 62749.0, 62328.0, 62629.0, 62748.0, 62690.0, 62329.0, 62689.0, 62569.0, 62868.0, 62749.0, 62086.0, 62207.0, 62087.0, 61668.0, 61366.0], "run_times": [0.0, 0.03, 0.05, 0.02, 0.02, 0.02, 0.02, 0.02, 0.02, 0.02, 0.02, 0.02, 0.03, 1.79, 1.03, 1.01, 0.88, 0.95, 1.01, 1.23, 1.18, 1.11, 1.27, 1.33, 1.29, 1.32, 1.41, 1.31, 1.22, 1.69, 1.48, 1.58, 2.28, 1.56, 1.81, 2.08, 1.82, 1.91, 1.42, 9.79, 0.32, 0.04, 0.11, 0.18, 0.19, 0.16, 0.19, 0.04, 0.06, 0.07, 5.0, 1.7, 1.46, 1.37, 1.68, 2.17, 1.95, 1.55, 1.72, 1.39, 1.72, 1.47, 2.22, 1.56, 1.59, 1.35, 1.46, 1.33, 2.12, 1.1, 1.27, 1.39, 1.34, 1.49, 1.3, 1.55, 1.34, 1.39, 1.31, 1.67, 1.33, 1.14, 1.19, 1.57, 0.64, 0.64, 1.54, 1.92, 1.1, 1.5, 1.98, 1.92, 1.74, 1.9, 1.41, 1.93, 1.93, 1.87, 2.12, 2.15, 1.81, 1.18, 1.36, 1.31, 1.83, 2.54, 2.04, 1.59, 2.9, 1.94, 1.32, 3.31, 21.58, 0.97, 1.21, 0.84, 4.4, 1.61, 4.78, 2.4, 5.86, 1.27, 2.2, 1.07, 6.0, 10.5, 8.9, 3.22, 1.48, 4.47, 2.53, 3.13, 5.2, 10.66, 6.18, 6.67, 10.9, 1.5, 1.1, 14.77, 26.56, 32.8], "is_optimal": true}
