{"decisions": {"1 -> 2": -0.0, "1 -> 10": -0.0, "1 -> 8": -0.0, "1 -> 7": -0.0, "1 -> 4": -0.0, "1 -> 9": -0.0, "1 -> 5": -0.0, "1 -> 3": -0.0, "1 -> 6": 6.245004513516506e-17, "2 -> 3": -0.0, "2 -> 4": -0.0, "2 -> 7": -0.0, "2 -> 9": -0.0, "2 -> 8": -0.0, "2 -> 10": -0.0, "2 -> 1": -0.0, "2 -> 5": -0.0, "2 -> 6": -0.0, "3 -> 4": -0.0, "3 -> 2": 1.0, "3 -> 1": 1.0, "3 -> 7": -0.0, "3 -> 10": -0.0, "3 -> 9": 1.0, "3 -> 8": -0.0, "4 -> 5": 1.0, "4 -> 3": 1.0, "4 -> 10": -0.0, "4 -> 8": -0.0, "4 -> 7": -0.0, "4 -> 2": 0.0, "4 -> 6": -0.0, "4 -> 1": 0.0, "4 -> 9": -0.0, "5 -> 6": 1.0, "5 -> 2": -0.0, "5 -> 8": -0.0, "5 -> 3": 1.0, "5 -> 10": -0.0, "5 -> 1": -0.0, "6 -> 7": 1.0, "6 -> 10": -0.0, "6 -> 8": -0.0, "6 -> 1": 1.0, "6 -> 3": 1.5036021119195957e-14, "6 -> 5": -0.0, "6 -> 4": 1.0, "7 -> 8": 1.0, "7 -> 1": -0.0, "7 -> 9": -0.0, "7 -> 2": 1.0, "7 -> 3": -0.0, "7 -> 10": -0.0, "7 -> 5": -0.0, "7 -> 4": -0.0, "7 -> 6": -0.0, "8 -> 9": 1.0, "8 -> 3": -0.0, "8 -> 7": -0.0, "8 -> 2": -0.0, "8 -> 6": -0.0, "8 -> 4": -0.0, "8 -> 5": 1.0, "8 -> 1": 1.0, "8 -> 10": -0.0, "9 -> 10": -0.0, "9 -> 6": 1.0, "9 -> 2": -0.0, "9 -> 7": -0.0, "9 -> 3": -0.0, "9 -> 8": -0.0, "9 -> 5": -0.0, "9 -> 4": 1.0, "10 -> 1": -0.0, "10 -> 6": -0.0, "10 -> 4": -0.0, "10 -> 9": 1.0, "10 -> 7": -0.0, "10 -> 5": -0.0, "10 -> 8": -0.0, "10 -> 2": -0.0, "10 -> 3": 1.0}, "decision_costs": {"1 -> 2": 3005.0, "1 -> 10": 1232.0, "1 -> 8": 1893.0, "1 -> 7": 1863.0, "1 -> 4": 1232.0, "1 -> 9": 2074.0, "1 -> 5": 2104.0, "1 -> 3": 2585.0, "1 -> 6": 391.0, "2 -> 3": 3005.0, "2 -> 4": 2224.0, "2 -> 7": 1713.0, "2 -> 9": 902.0, "2 -> 8": 1833.0, "2 -> 10": 2585.0, "2 -> 1": 2765.0, "2 -> 5": 2104.0, "2 -> 6": 782.0, "3 -> 4": 3005.0, "3 -> 2": 2795.0, "3 -> 1": 722.0, "3 -> 7": 1202.0, "3 -> 10": 2615.0, "3 -> 9": 361.0, "3 -> 8": 2014.0, "4 -> 5": 3005.0, "4 -> 3": 541.0, "4 -> 10": 1623.0, "4 -> 8": 1473.0, "4 -> 7": 2705.0, "4 -> 2": 2164.0, "4 -> 6": 2404.0, "4 -> 1": 1803.0, "4 -> 9": 2675.0, "5 -> 6": 3005.0, "5 -> 2": 631.0, "5 -> 8": 2705.0, "5 -> 3": 2645.0, "5 -> 10": 2915.0, "5 -> 1": 2554.0, "6 -> 7": 3005.0, "6 -> 10": 1533.0, "6 -> 8": 1984.0, "6 -> 1": 451.0, "6 -> 3": 872.0, "6 -> 5": 1833.0, "6 -> 4": 872.0, "7 -> 8": 3005.0, "7 -> 1": 1443.0, "7 -> 9": 2885.0, "7 -> 2": 451.0, "7 -> 3": 1803.0, "7 -> 10": 451.0, "7 -> 5": 421.0, "7 -> 4": 2494.0, "7 -> 6": 1353.0, "8 -> 9": 3005.0, "8 -> 3": 1713.0, "8 -> 7": 1803.0, "8 -> 2": 1293.0, "8 -> 6": 1713.0, "8 -> 4": 1142.0, "8 -> 5": 1443.0, "8 -> 1": 1232.0, "8 -> 10": 1563.0, "9 -> 10": 3005.0, "9 -> 6": 1503.0, "9 -> 2": 2464.0, "9 -> 7": 1082.0, "9 -> 3": 2044.0, "9 -> 8": 2104.0, "9 -> 5": 1773.0, "9 -> 4": 481.0, "10 -> 1": 3005.0, "10 -> 6": 1893.0, "10 -> 4": 2705.0, "10 -> 9": 992.0, "10 -> 7": 2104.0, "10 -> 5": 2164.0, "10 -> 8": 541.0, "10 -> 2": 2224.0, "10 -> 3": 1533.0}, "bounds": [-1e+100, -1e+100, -1e+100, -1e+100, 0.0, 3362.0, 3362.0, 3362.0, 3362.0, 3362.0, 3362.0, 3362.0, 4829.0, 7288.0, 7288.0, 7288.0, 7288.0, 7288.0, 7288.0, 7288.0, 7288.0, 7288.0, 7288.0, 7288.0, 7288.0, 7288.0, 7288.0, 7288.0, 7483.0, 7483.0, 7559.0, 7559.0, 7559.0, 7559.0, 7559.0, 7559.0, 7559.0, 7559.0, 7559.0, 7559.0, 7559.0, 7559.0, 7559.0, 7559.0, 7559.0, 7559.0, 7559.0, 7559.0, 7559.0, 12997.0, 12997.0, 12997.0, 13639.0, 13639.0, 13639.0, 13639.0, 13639.0, 14636.0, 15350.0, 16086.0, 16430.0, 18260.0, 18260.0, 18286.0, 18837.0, 18837.0, 18863.0, 18863.0, 18863.0, 18863.0, 18863.0, 18863.0, 18863.0, 18863.0, 18863.0, 18863.0, 18863.0, 18863.0, 18863.0, 19036.0, 19036.0, 19036.0, 19036.0, 19036.0, 19036.0, 19036.0, 19036.0, 19285.0, 19285.0, 20247.0, 20247.0, 21893.0, 21893.0, 22902.0, 22902.0, 24357.0, 24507.0, 25156.0, 25387.0, 26234.0, 26234.0, 26234.0, 26234.0, 26234.0, 26234.0, 26234.0, 26428.0, 26855.0, 26913.0, 27113.0, 27172.0, 27705.02, 27709.0, 27936.0, 28082.0, 28298.0, 28508.0, 28613.0, 28975.0, 29035.0, 29176.0, 29292.0, 29344.0, 29947.0, 30146.0, 30204.0], "objectives": [0.0, 0.0, 0.0, 0.0, 0.0, 9167.0, 6010.0, 9015.0, 9015.0, 9015.0, 9015.0, 12381.0, 7937.0, 10338.0, 15506.0, 14696.0, 11210.0, 18511.0, 25037.0, 17461.0, 29545.0, 16740.0, 22721.0, 29064.0, 37661.0, 42828.0, 32548.0, 23862.0, 55274.0, 37027.0, 42857.0, 43822.0, 24942.0, 19324.0, 43941.0, 43101.0, 42286.0, 31979.0, 42885.0, 28909.0, 33691.0, 31827.0, 26300.0, 42165.0, 66090.0, 34229.0, 32695.0, 69065.0, 81838.0, 54338.0, 36092.0, 34379.0, 28101.0, 26175.0, 28729.0, 31734.0, 32456.0, 29544.0, 27380.0, 31195.0, 31347.0, 31767.0, 32005.0, 32365.0, 29902.0, 31734.0, 30235.0, 30774.0, 31677.0, 30055.0, 30416.0, 31678.0, 30113.0, 30628.0, 31016.0, 31198.0, 28552.0, 31377.0, 31018.0, 31285.0, 31678.0, 30928.0, 31080.0, 31681.0, 31710.0, 31588.0, 31650.0, 31135.0, 31375.0, 31617.0, 30596.0, 29606.0, 31650.0, 30988.0, 31497.0, 31619.0, 31710.0, 31708.0, 31408.0, 30743.0, 30984.0, 31283.0, 31167.0, 31615.0, 30868.0, 31137.0, 31259.0, 31621.0, 31680.0, 31465.0, 31047.0, 30748.0, 31410.0, 31379.0, 31258.0, 31440.0, 31136.0, 31409.0, 31438.0, 31228.0, 31408.0, 31258.0, 31047.0, 30898.0, 30956.0, 30868.0], "run_times": [0.0, 0.07, 0.06, 0.04, 0.04, 0.04, 0.04, 0.04, 0.05, 0.05, 0.05, 0.05, 0.07, 2.15, 2.44, 1.9, 2.03, 2.39, 2.41, 2.41, 2.66, 2.32, 2.88, 2.08, 2.7, 2.91, 3.03, 3.55, 3.91, 4.03, 3.47, 3.3, 3.62, 3.69, 3.06, 3.41, 3.83, 3.66, 3.25, 0.11, 0.8, 2.78, 3.68, 3.59, 12.03, 0.21, 0.11, 0.07, 0.08, 0.29, 0.13, 0.11, 0.46, 0.13, 0.09, 0.07, 0.06, 0.52, 0.78, 0.73, 0.66, 15.76, 3.81, 2.45, 1.55, 2.16, 11.83, 5.04, 3.4, 2.98, 5.1, 7.23, 3.06, 5.32, 5.19, 3.93, 4.69, 4.78, 26.55, 6.28, 4.93, 5.52, 4.96, 4.82, 3.56, 5.24, 3.09, 8.63, 3.84, 11.88, 5.72, 5.47, 5.51, 17.33, 3.27, 29.18, 6.31, 33.66, 12.14, 126.65, 0.46, 0.17, 0.1, 0.17, 0.2, 0.14, 17.49, 50.74, 12.66, 25.01, 17.3, 87.07, 2.59, 50.12, 36.91, 59.06, 94.77, 50.36, 219.56, 49.76, 127.78, 128.04, 71.21, 1287.51, 1082.31, 270.44], "is_optimal": true}
