{"decisions": {"1 -> 2": 1.0, "1 -> 7": -0.0, "1 -> 4": -0.0, "1 -> 8": -0.0, "1 -> 3": -0.0, "1 -> 10": -0.0, "1 -> 9": -0.0, "1 -> 5": -0.0, "1 -> 6": -0.0, "2 -> 3": 1.0, "2 -> 8": -0.0, "2 -> 4": -0.0, "2 -> 5": -0.0, "2 -> 10": -0.0, "2 -> 1": -0.0, "2 -> 9": -0.0, "2 -> 7": -0.0, "3 -> 4": 1.0, "3 -> 7": -0.0, "3 -> 1": -0.0, "3 -> 10": -0.0, "3 -> 6": -0.0, "3 -> 5": -0.0, "3 -> 8": -0.0, "3 -> 9": -0.0, "4 -> 5": 0.9999999999999977, "4 -> 7": -0.0, "4 -> 2": -0.0, "4 -> 10": -0.0, "4 -> 6": -0.0, "4 -> 9": -0.0, "4 -> 3": -0.0, "4 -> 8": -0.0, "4 -> 1": -0.0, "5 -> 6": 1.0, "5 -> 1": -0.0, "5 -> 4": -0.0, "5 -> 9": -0.0, "5 -> 7": -0.0, "5 -> 3": -0.0, "5 -> 10": -0.0, "5 -> 8": -0.0, "6 -> 7": 1.0, "6 -> 5": -0.0, "6 -> 10": -0.0, "6 -> 1": -0.0, "6 -> 8": -0.0, "6 -> 9": -0.0, "6 -> 3": -0.0, "6 -> 2": -0.0, "6 -> 4": -0.0, "7 -> 8": 1.0, "7 -> 10": -0.0, "7 -> 2": -0.0, "7 -> 6": -0.0, "7 -> 3": -0.0, "7 -> 4": -0.0, "7 -> 5": -0.0, "7 -> 1": -0.0, "8 -> 9": 1.0, "8 -> 5": -0.0, "8 -> 6": -0.0, "8 -> 7": -0.0, "8 -> 1": -0.0, "8 -> 3": -0.0, "8 -> 2": -0.0, "8 -> 10": -0.0, "9 -> 10": 0.9999999999999957, "9 -> 6": -0.0, "9 -> 7": -0.0, "9 -> 1": -0.0, "9 -> 2": -0.0, "9 -> 8": -0.0, "9 -> 5": 4.7151907763989033e-14, "10 -> 1": 1.0, "10 -> 4": -0.0, "10 -> 9": -0.0, "10 -> 5": -0.0, "10 -> 7": -0.0, "10 -> 8": -0.0, "10 -> 2": -0.0, "10 -> 3": -0.0, "10 -> 6": -0.0}, "decision_costs": {"1 -> 2": 7383.0, "1 -> 7": 6793.0, "1 -> 4": 5612.0, "1 -> 8": 5685.0, "1 -> 3": 2658.0, "1 -> 10": 6940.0, "1 -> 9": 5316.0, "1 -> 5": 2806.0, "1 -> 6": 1034.0, "2 -> 3": 7383.0, "2 -> 8": 1403.0, "2 -> 4": 6940.0, "2 -> 5": 6424.0, "2 -> 10": 5095.0, "2 -> 1": 1329.0, "2 -> 9": 1182.0, "2 -> 7": 4356.0, "3 -> 4": 7383.0, "3 -> 7": 2585.0, "3 -> 1": 813.0, "3 -> 10": 1625.0, "3 -> 6": 6202.0, "3 -> 5": 3397.0, "3 -> 8": 4873.0, "3 -> 9": 2068.0, "4 -> 5": 7383.0, "4 -> 7": 5169.0, "4 -> 2": 739.0, "4 -> 10": 3028.0, "4 -> 6": 3470.0, "4 -> 9": 6645.0, "4 -> 3": 7310.0, "4 -> 8": 5390.0, "4 -> 1": 5169.0, "5 -> 6": 7383.0, "5 -> 1": 6645.0, "5 -> 4": 3840.0, "5 -> 9": 1920.0, "5 -> 7": 4799.0, "5 -> 3": 5685.0, "5 -> 10": 1551.0, "5 -> 8": 3840.0, "6 -> 7": 7383.0, "6 -> 5": 4873.0, "6 -> 10": 3101.0, "6 -> 1": 2511.0, "6 -> 8": 2806.0, "6 -> 9": 5538.0, "6 -> 3": 3397.0, "6 -> 2": 1182.0, "6 -> 4": 4283.0, "7 -> 8": 7383.0, "7 -> 10": 2363.0, "7 -> 2": 2880.0, "7 -> 6": 5316.0, "7 -> 3": 1772.0, "7 -> 4": 6128.0, "7 -> 5": 3692.0, "7 -> 1": 960.0, "8 -> 9": 7383.0, "8 -> 5": 4283.0, "8 -> 6": 1182.0, "8 -> 7": 5464.0, "8 -> 1": 5242.0, "8 -> 3": 6645.0, "8 -> 2": 5169.0, "8 -> 10": 5685.0, "9 -> 10": 7383.0, "9 -> 6": 3766.0, "9 -> 7": 5316.0, "9 -> 1": 960.0, "9 -> 2": 3397.0, "9 -> 8": 5907.0, "9 -> 5": 1108.0, "10 -> 1": 7383.0, "10 -> 4": 2142.0, "10 -> 9": 886.0, "10 -> 5": 2363.0, "10 -> 7": 2215.0, "10 -> 8": 2658.0, "10 -> 2": 4209.0, "10 -> 3": 5390.0, "10 -> 6": 5685.0}, "bounds": [-1e+100, -1e+100, -1e+100, -1e+100, 0.0, 6703.0, 6703.0, 6703.0, 6703.0, 6703.0, 6703.0, 6703.0, 6703.0, 6703.0, 6703.0, 6703.0, 6703.0, 6703.0, 6703.0, 6703.0, 6703.0, 6703.0, 13834.0, 13834.0, 14301.0, 14766.0, 14766.0, 14766.0, 14766.0, 14766.0, 14766.0, 14766.0, 14766.0, 14766.0, 14766.0, 14766.0, 14766.0, 14766.0, 14766.0, 14766.0, 14766.0, 14766.0, 14766.0, 14766.0, 14766.0, 14766.0, 14766.0, 14766.0, 14766.0, 14766.0, 14766.0, 14766.0, 14766.0, 14766.0, 14766.0, 14766.0, 14766.0, 14766.0, 14766.0, 14766.0, 14766.0, 14766.0, 14766.0, 14766.0, 14766.0, 14766.0, 14766.0, 14766.0, 14766.0, 14766.0, 14766.0, 14766.0, 14766.0, 14766.0, 14766.0, 14766.0, 14766.0, 14824.0, 14824.0, 14824.0, 14824.0, 14824.0, 14824.0, 14824.0, 14824.0, 14824.0, 14824.0, 14824.0, 14824.0, 14824.0, 29965.0, 29965.0, 29965.0, 29965.0, 29965.0, 36182.0, 37194.0, 37194.0, 37194.0, 38190.0, 39097.0, 39097.0, 39097.0, 39662.0, 39662.0, 39902.0, 39902.0, 40003.01, 40003.01, 40003.01, 40988.0, 45216.0, 47460.0, 47460.0, 48369.0, 48369.0, 49971.0, 49997.0, 49997.0, 49997.0, 49997.0, 49997.0, 49997.0, 49997.0, 49997.0, 49997.0, 49997.0, 49997.0, 49997.0, 49997.0, 49997.0, 49997.0, 49997.0, 49997.0, 49997.0, 49997.0, 49997.0, 49997.0, 49997.0, 49997.0, 49997.0, 49997.0, 49997.0, 49997.0, 49997.0, 49997.0, 49997.0, 49997.0, 49997.0, 49997.0, 49997.0, 49997.0, 49997.0, 49997.0, 49997.0, 49997.0, 49997.0, 49997.0, 49997.0, 49997.0, 49997.0, 49997.0, 49997.0, 49997.0, 49997.0, 49997.0, 49997.0, 49997.0, 49997.0, 49997.0, 49997.0, 49997.0, 49997.0, 49997.0, 49997.0, 49997.0, 49997.0, 49997.0, 49997.0, 49997.0, 49997.0, 49997.0, 49997.0, 49997.0, 49997.0, 49997.0, 49997.0, 49997.0, 49997.0, 49997.0, 49997.0, 49997.0, 49997.0, 49997.0, 49997.0, 49997.0, 49997.0, 49997.0, 49997.0, 49997.0, 49997.0, 49997.0, 49997.0, 49997.0, 49997.0, 49997.0, 49997.0, 49997.0, 52036.0, 52036.0], "objectives": [0.0, 0.0, 0.0, 0.0, 0.0, 13068.0, 8122.0, 15505.0, 15505.0, 15505.0, 15505.0, 14766.0, 8122.0, 15505.0, 15505.0, 15505.0, 15505.0, 15505.0, 15505.0, 15505.0, 15505.0, 15505.0, 14766.0, 14766.0, 22149.0, 22149.0, 22149.0, 29532.0, 22149.0, 22149.0, 29532.0, 29532.0, 22149.0, 22149.0, 36915.0, 29532.0, 29532.0, 36915.0, 36915.0, 29532.0, 29532.0, 36915.0, 29532.0, 29532.0, 36915.0, 36915.0, 36915.0, 36915.0, 44298.0, 36915.0, 37654.0, 44298.0, 44298.0, 44298.0, 44298.0, 44298.0, 44298.0, 36915.0, 44298.0, 44298.0, 37654.0, 51681.0, 51681.0, 63062.0, 66828.0, 68673.0, 63062.0, 70445.0, 73031.0, 74949.0, 65425.0, 84327.0, 116817.0, 118587.0, 130327.0, 73177.0, 36915.0, 44298.0, 44298.0, 44298.0, 123237.0, 44298.0, 168500.0, 112309.0, 51681.0, 174407.0, 203567.0, 56850.0, 66447.0, 160153.0, 65266.0, 70955.0, 158380.0, 77009.0, 62390.0, 60543.0, 53528.0, 139628.0, 55670.0, 60172.0, 164359.0, 147973.0, 61650.0, 140810.0, 85946.0, 153650.0, 52715.0, 155208.0, 174774.0, 59064.0, 64679.0, 61945.0, 54340.0, 61428.0, 68368.0, 53602.0, 51681.0, 63274.0, 98721.0, 59064.0, 95621.0, 59064.0, 59064.0, 59064.0, 59064.0, 66447.0, 59064.0, 95178.0, 95920.0, 66447.0, 84177.0, 89125.0, 66447.0, 92592.0, 95770.0, 92521.0, 85875.0, 89125.0, 81961.0, 92372.0, 92594.0, 95545.0, 85949.0, 103889.0, 95030.0, 96579.0, 94440.0, 83657.0, 99389.0, 91115.0, 99537.0, 106326.0, 103667.0, 96653.0, 114154.0, 123678.0, 105961.0, 137336.0, 121904.0, 138893.0, 114817.0, 111350.0, 138963.0, 123165.0, 130400.0, 182308.0, 128554.0, 149521.0, 125451.0, 93332.0, 90895.0, 128924.0, 82918.0, 103665.0, 138223.0, 119471.0, 116003.0, 101013.0, 116218.0, 130837.0, 127520.0, 132615.0, 157277.0, 119837.0, 194781.0, 115408.0, 115331.0, 133575.0, 134091.0, 66447.0, 157130.0, 99237.0, 172782.0, 119470.0, 103815.0, 133647.0, 89858.0, 187919.0, 150038.0, 107803.0, 98571.0, 123978.0, 120799.0, 124272.0, 116222.0, 119617.0, 112969.0, 124713.0, 97903.0, 73830.0],