{"decisions": {"1 -> 2": 1.0, "1 -> 7": -0.0, "1 -> 4": -0.0, "1 -> 8": -0.0, "1 -> 3": -0.0, "1 -> 10": -0.0, "1 -> 9": -0.0, "1 -> 5": -0.0, "1 -> 6": -0.0, "2 -> 3": 1.0, "2 -> 8": -0.0, "2 -> 4": -0.0, "2 -> 5": -0.0, "2 -> 10": -0.0, "2 -> 1": -0.0, "2 -> 9": -0.0, "2 -> 7": -0.0, "3 -> 4": 0.9999999999999998, "3 -> 7": -0.0, "3 -> 1": -0.0, "3 -> 10": -0.0, "3 -> 6": -0.0, "3 -> 5": -0.0, "3 -> 8": -0.0, "3 -> 9": -0.0, "4 -> 5": 1.0, "4 -> 7": -0.0, "4 -> 2": -0.0, "4 -> 10": -0.0, "4 -> 6": -0.0, "4 -> 9": -0.0, "4 -> 3": -0.0, "4 -> 8": -0.0, "4 -> 1": -0.0, "5 -> 6": 0.9999999999999993, "5 -> 1": -0.0, "5 -> 4": -0.0, "5 -> 9": -0.0, "5 -> 7": -0.0, "5 -> 3": -0.0, "5 -> 10": -7.632783294297951e-16, "5 -> 8": -0.0, "6 -> 7": 1.0, "6 -> 5": -0.0, "6 -> 10": -0.0, "6 -> 1": -0.0, "6 -> 8": -0.0, "6 -> 9": -0.0, "6 -> 3": -0.0, "6 -> 2": -0.0, "6 -> 4": -0.0, "7 -> 8": 1.0, "7 -> 10": -0.0, "7 -> 2": -0.0, "7 -> 6": -0.0, "7 -> 3": -0.0, "7 -> 4": -0.0, "7 -> 5": -0.0, "7 -> 1": 2.6756374893466273e-14, "8 -> 9": 0.999999999999994, "8 -> 5": -0.0, "8 -> 6": 2.1538326677728037e-14, "8 -> 7": -0.0, "8 -> 1": -0.0, "8 -> 3": -0.0, "8 -> 2": -0.0, "8 -> 10": -0.0, "9 -> 10": 1.0, "9 -> 6": -0.0, "9 -> 7": -0.0, "9 -> 1": -0.0, "9 -> 2": -0.0, "9 -> 8": -0.0, "9 -> 5": -0.0, "10 -> 1": 1.0, "10 -> 4": -0.0, "10 -> 9": -0.0, "10 -> 5": -0.0, "10 -> 7": -0.0, "10 -> 8": -0.0, "10 -> 2": -0.0, "10 -> 3": -0.0, "10 -> 6": -0.0}, "decision_costs": {"1 -> 2": 14766.0, "1 -> 7": 13585.0, "1 -> 4": 11223.0, "1 -> 8": 11370.0, "1 -> 3": 5316.0, "1 -> 10": 13880.0, "1 -> 9": 10632.0, "1 -> 5": 5612.0, "1 -> 6": 2068.0, "2 -> 3": 14766.0, "2 -> 8": 2806.0, "2 -> 4": 13880.0, "2 -> 5": 12847.0, "2 -> 10": 10189.0, "2 -> 1": 2658.0, "2 -> 9": 2363.0, "2 -> 7": 8712.0, "3 -> 4": 14766.0, "3 -> 7": 5169.0, "3 -> 1": 1625.0, "3 -> 10": 3249.0, "3 -> 6": 12404.0, "3 -> 5": 6793.0, "3 -> 8": 9746.0, "3 -> 9": 4135.0, "4 -> 5": 14766.0, "4 -> 7": 10337.0, "4 -> 2": 1477.0, "4 -> 10": 6055.0, "4 -> 6": 6940.0, "4 -> 9": 13290.0, "4 -> 3": 14619.0, "4 -> 8": 10780.0, "4 -> 1": 10337.0, "5 -> 6": 14766.0, "5 -> 1": 13290.0, "5 -> 4": 7679.0, "5 -> 9": 3840.0, "5 -> 7": 9598.0, "5 -> 3": 11370.0, "5 -> 10": 3101.0, "5 -> 8": 7679.0, "6 -> 7": 14766.0, "6 -> 5": 9746.0, "6 -> 10": 6202.0, "6 -> 1": 5021.0, "6 -> 8": 5612.0, "6 -> 9": 11075.0, "6 -> 3": 6793.0, "6 -> 2": 2363.0, "6 -> 4": 8565.0, "7 -> 8": 14766.0, "7 -> 10": 4726.0, "7 -> 2": 5759.0, "7 -> 6": 10632.0, "7 -> 3": 3544.0, "7 -> 4": 12256.0, "7 -> 5": 7383.0, "7 -> 1": 1920.0, "8 -> 9": 14766.0, "8 -> 5": 8565.0, "8 -> 6": 2363.0, "8 -> 7": 10927.0, "8 -> 1": 10484.0, "8 -> 3": 13290.0, "8 -> 2": 10337.0, "8 -> 10": 11370.0, "9 -> 10": 14766.0, "9 -> 6": 7531.0, "9 -> 7": 10632.0, "9 -> 1": 1920.0, "9 -> 2": 6793.0, "9 -> 8": 11813.0, "9 -> 5": 2215.0, "10 -> 1": 14766.0, "10 -> 4": 4283.0, "10 -> 9": 1772.0, "10 -> 5": 4726.0, "10 -> 7": 4430.0, "10 -> 8": 5316.0, "10 -> 2": 8417.0, "10 -> 3": 10780.0, "10 -> 6": 11370.0}, "bounds": [-1e+100, -1e+100, -1e+100, -1e+100, 0.0, 13859.0, 13859.0, 13859.0, 13859.0, 13859.0, 13859.0, 13859.0, 13859.0, 13859.0, 13859.0, 13859.0, 13859.0, 13859.0, 13859.0, 13859.0, 13859.0, 13859.0, 13859.0, 13859.0, 13859.0, 13859.0, 43774.0, 43774.0, 44298.0, 44298.0, 44298.0, 44298.0, 44298.0, 44298.0, 44298.0, 44298.0, 44298.0, 44453.0, 54865.0, 54865.0, 54865.0, 54865.0, 54865.0, 54865.0, 54865.0, 54865.0, 54865.0, 54865.0, 54865.0, 54865.0, 56774.0, 56774.0, 56774.0, 56774.0, 56774.0, 56774.0, 56774.0, 56774.0, 56774.0, 56774.0, 56774.0, 56774.0, 56774.0, 56774.0, 56774.0, 56774.0, 56774.0, 56774.0, 56774.0, 58469.0, 58469.0, 58469.0, 58469.0, 58469.0, 58469.0, 58469.0, 58469.0, 58469.0, 58469.0, 58469.0, 58469.0, 58469.0, 58469.0, 58469.0, 58469.0, 58469.0, 58469.0, 58469.0, 58469.0, 58469.0, 58469.0, 58469.0, 58469.0, 58469.0, 58469.0, 58469.0, 58469.0, 58469.0, 58469.0, 58469.0, 58469.0, 59919.0, 61919.0, 61919.0, 64541.0, 64541.0, 64541.0, 64541.0, 65071.0, 65071.0, 65071.0, 65222.0, 65222.0, 65222.0, 65222.0, 65222.0, 65222.0, 65222.0, 76484.0, 79636.0, 79730.0, 84907.0, 84907.0, 84907.0, 85353.0, 85353.0, 85353.0, 85539.0, 85539.0, 85539.0, 85539.0, 93706.0, 93706.0, 93706.0, 93706.0, 93706.0, 93706.0, 93706.0, 93706.0, 93706.0, 93706.0, 93706.0, 93706.0, 93706.0, 93706.0, 93706.0, 93706.0, 93706.0, 93706.0, 93706.0, 93706.0, 93706.0, 93706.0, 93706.0, 93706.0, 93706.0, 93706.0, 93706.0, 93706.0, 93706.0, 93706.0, 93706.0, 93706.0, 93706.0, 93706.0, 93706.0, 93706.0, 93706.0, 93706.0, 93706.0, 93706.0, 93706.0, 93706.0, 93706.0, 93706.0, 93706.0, 93706.0, 93706.0, 93706.0, 93706.0, 93706.0, 93706.0, 93706.0, 93706.0, 93706.0, 93706.0, 93706.0, 93706.0, 93706.0, 93706.0, 93706.0, 93706.0, 93706.0, 93706.0, 93706.0, 93706.0, 93706.0, 93706.0, 93706.0, 93706.0, 93706.0, 93706.0, 93706.0, 93706.0, 93706.0, 93706.0, 93706.0, 93706.0, 93706.0, 93706.0, 93706.0, 93706.0, 93706.0, 93706.0], "objectives": [0.0, 0.0, 0.0, 0.0, 0.0, 26136.0, 29532.0, 29532.0, 44298.0, 44298.0, 44298.0, 29532.0, 29532.0, 29532.0, 59064.0, 44298.0, 44298.0, 59064.0, 59064.0, 59064.0, 59064.0, 59064.0, 59064.0, 59064.0, 59064.0, 45775.0, 44298.0, 59064.0, 59064.0, 59064.0, 59064.0, 59064.0, 59064.0, 73830.0, 59064.0, 73830.0, 73830.0, 73830.0, 73830.0, 73830.0, 73830.0, 73830.0, 73830.0, 73830.0, 73830.0, 73830.0, 88596.0, 88596.0, 73830.0, 73830.0, 73830.0, 73830.0, 88596.0, 103362.0, 88596.0, 88596.0, 73830.0, 88596.0, 88596.0, 88596.0, 88596.0, 88596.0, 88596.0, 103362.0, 116366.0, 97908.0, 126111.0, 123010.0, 123010.0, 207183.0, 138219.0, 313353.0, 73830.0, 306121.0, 141172.0, 73830.0, 145751.0, 88596.0, 159777.0, 261525.0, 88596.0, 186208.0, 168490.0, 158744.0, 156971.0, 103362.0, 88596.0, 145453.0, 167309.0, 165095.0, 103362.0, 88596.0, 190048.0, 273627.0, 129941.0, 103362.0, 312019.0, 267425.0, 294006.0, 101000.0, 133192.0, 255170.0, 106759.0, 263001.0, 110451.0, 276285.0, 91845.0, 224459.0, 90073.0, 104839.0, 286331.0, 104839.0, 107054.0, 119753.0, 106759.0, 104987.0, 306709.0, 173657.0, 111780.0, 88596.0, 116801.0, 117244.0, 131567.0, 88596.0, 103362.0, 185616.0, 167601.0, 197872.0, 103362.0, 195806.0, 129351.0, 105430.0, 103362.0, 103362.0, 193001.0, 199941.0, 118128.0, 118128.0, 175133.0, 184730.0, 230065.0, 118128.0, 204664.0, 202303.0, 118128.0, 118128.0, 179416.0, 118128.0, 191818.0, 137915.0, 118128.0, 165683.0, 118128.0, 132894.0, 202745.0, 201271.0, 132894.0, 161254.0, 203485.0, 186798.0, 188867.0, 193000.0, 213086.0, 202600.0, 184436.0, 190933.0, 179269.0, 163470.0, 174394.0, 229032.0, 193149.0, 180598.0, 209686.0, 215596.0, 190046.0, 239516.0, 213675.0, 264326.0, 118128.0, 192262.0, 266392.0, 305522.0, 244835.0, 374041.0, 269937.0, 259154.0, 132894.0, 232281.0, 226667.0, 198468.0, 248676.0, 315420.0, 234645.0, 242323.0, 230511.0, 259305.0, 253694.0, 208949.0, 165975.0, 263586.0, 248674.0, 188717.0, 194326.0, 213967.0, 208946.0, 192707.0, 200086.0, 202008.0, 188420.0, 290902.0, 202156.0, 188569.0, 203632.0, 147660.0],