{"decisions": {"1 -> 2": 1.0, "1 -> 7": -0.0, "1 -> 4": -0.0, "1 -> 8": -0.0, "1 -> 3": -0.0, "1 -> 10": -0.0, "1 -> 9": -0.0, "1 -> 5": -0.0, "1 -> 6": -0.0, "2 -> 3": 1.0, "2 -> 8": -0.0, "2 -> 4": -0.0, "2 -> 5": -0.0, "2 -> 10": -0.0, "2 -> 1": -0.0, "2 -> 9": -0.0, "2 -> 7": -0.0, "3 -> 4": 1.0, "3 -> 7": -0.0, "3 -> 1": 1.790234627208065e-14, "3 -> 10": -0.0, "3 -> 6": -0.0, "3 -> 5": -0.0, "3 -> 8": -0.0, "3 -> 9": -0.0, "4 -> 5": 1.0000000000000007, "4 -> 7": -0.0, "4 -> 2": -1.1102230246251565e-15, "4 -> 10": -0.0, "4 -> 6": -0.0, "4 -> 9": -0.0, "4 -> 3": -0.0, "4 -> 8": -0.0, "4 -> 1": -0.0, "5 -> 6": 1.0, "5 -> 1": -0.0, "5 -> 4": -0.0, "5 -> 9": -0.0, "5 -> 7": -0.0, "5 -> 3": -0.0, "5 -> 10": -2.0872192862952943e-14, "5 -> 8": -0.0, "6 -> 7": 1.0, "6 -> 5": 1.5543122344752192e-15, "6 -> 10": -0.0, "6 -> 1": -0.0, "6 -> 8": -0.0, "6 -> 9": -0.0, "6 -> 3": -0.0, "6 -> 2": -0.0, "6 -> 4": -0.0, "7 -> 8": 1.0, "7 -> 10": -0.0, "7 -> 2": -0.0, "7 -> 6": -0.0, "7 -> 3": -0.0, "7 -> 4": -0.0, "7 -> 5": -0.0, "7 -> 1": -0.0, "8 -> 9": 1.0, "8 -> 5": -0.0, "8 -> 6": -0.0, "8 -> 7": -0.0, "8 -> 1": -0.0, "8 -> 3": -0.0, "8 -> 2": -0.0, "8 -> 10": -0.0, "9 -> 10": 1.0, "9 -> 6": -0.0, "9 -> 7": -0.0, "9 -> 1": -1.5154544286133387e-14, "9 -> 2": -0.0, "9 -> 8": -0.0, "9 -> 5": -0.0, "10 -> 1": 1.0, "10 -> 4": -0.0, "10 -> 9": -0.0, "10 -> 5": -0.0, "10 -> 7": -0.0, "10 -> 8": 1.7541523789077473e-14, "10 -> 2": -0.0, "10 -> 3": -0.0, "10 -> 6": -0.0}, "decision_costs": {"1 -> 2": 7383.0, "1 -> 7": 6793.0, "1 -> 4": 5612.0, "1 -> 8": 5685.0, "1 -> 3": 2658.0, "1 -> 10": 6940.0, "1 -> 9": 5316.0, "1 -> 5": 2806.0, "1 -> 6": 1034.0, "2 -> 3": 7383.0, "2 -> 8": 1403.0, "2 -> 4": 6940.0, "2 -> 5": 6424.0, "2 -> 10": 5095.0, "2 -> 1": 1329.0, "2 -> 9": 1182.0, "2 -> 7": 4356.0, "3 -> 4": 7383.0, "3 -> 7": 2585.0, "3 -> 1": 813.0, "3 -> 10": 1625.0, "3 -> 6": 6202.0, "3 -> 5": 3397.0, "3 -> 8": 4873.0, "3 -> 9": 2068.0, "4 -> 5": 7383.0, "4 -> 7": 5169.0, "4 -> 2": 739.0, "4 -> 10": 3028.0, "4 -> 6": 3470.0, "4 -> 9": 6645.0, "4 -> 3": 7310.0, "4 -> 8": 5390.0, "4 -> 1": 5169.0, "5 -> 6": 7383.0, "5 -> 1": 6645.0, "5 -> 4": 3840.0, "5 -> 9": 1920.0, "5 -> 7": 4799.0, "5 -> 3": 5685.0, "5 -> 10": 1551.0, "5 -> 8": 3840.0, "6 -> 7": 7383.0, "6 -> 5": 4873.0, "6 -> 10": 3101.0, "6 -> 1": 2511.0, "6 -> 8": 2806.0, "6 -> 9": 5538.0, "6 -> 3": 3397.0, "6 -> 2": 1182.0, "6 -> 4": 4283.0, "7 -> 8": 7383.0, "7 -> 10": 2363.0, "7 -> 2": 2880.0, "7 -> 6": 5316.0, "7 -> 3": 1772.0, "7 -> 4": 6128.0, "7 -> 5": 3692.0, "7 -> 1": 960.0, "8 -> 9": 7383.0, "8 -> 5": 4283.0, "8 -> 6": 1182.0, "8 -> 7": 5464.0, "8 -> 1": 5242.0, "8 -> 3": 6645.0, "8 -> 2": 5169.0, "8 -> 10": 5685.0, "9 -> 10": 7383.0, "9 -> 6": 3766.0, "9 -> 7": 5316.0, "9 -> 1": 960.0, "9 -> 2": 3397.0, "9 -> 8": 5907.0, "9 -> 5": 1108.0, "10 -> 1": 7383.0, "10 -> 4": 2142.0, "10 -> 9": 886.0, "10 -> 5": 2363.0, "10 -> 7": 2215.0, "10 -> 8": 2658.0, "10 -> 2": 4209.0, "10 -> 3": 5390.0, "10 -> 6": 5685.0}, "bounds": [-1e+100, -1e+100, -1e+100, -1e+100, 0.0, 6930.0, 6930.0, 6930.0, 6930.0, 6930.0, 6930.0, 6930.0, 6930.0, 6930.0, 6930.0, 6930.0, 6930.0, 6930.0, 6930.0, 6930.0, 6930.0, 6930.0, 6930.0, 6930.0, 6930.0, 6930.0, 21888.0, 21888.0, 22149.0, 22149.0, 22149.0, 22149.0, 22149.0, 22149.0, 22149.0, 22149.0, 22149.0, 22149.0, 22227.0, 27434.0, 27434.0, 27434.0, 27434.0, 27434.0, 27434.0, 27434.0, 27434.0, 27434.0, 27434.0, 27434.0, 27434.0, 27434.0, 27434.0, 27434.0, 27434.0, 27434.0, 27434.0, 27434.0, 27434.0, 27434.0, 27434.0, 27434.0, 27434.0, 27434.0, 27434.0, 27434.0, 27434.0, 27434.0, 27434.0, 27434.0, 27434.0, 27434.0, 27434.0, 27434.0, 27434.0, 27434.0, 27434.0, 27434.0, 27434.0, 27434.0, 29235.0, 29296.0, 29296.0, 29296.0, 29296.0, 29296.0, 29296.0, 29296.0, 29296.0, 29296.0, 29296.0, 29296.0, 29296.0, 29296.0, 29296.0, 29296.0, 29296.0, 31492.0, 31492.0, 31492.0, 31492.0, 31492.0, 35376.0, 37062.0, 37062.0, 37062.0, 38580.0, 38580.0, 39342.0, 39342.0, 40801.0, 40801.0, 41182.0, 41182.0, 41182.0, 41685.0, 41685.0, 41710.0, 42901.0, 42901.0, 45273.0, 48059.0, 48059.0, 48059.0, 48059.0, 48059.0, 48059.0, 48059.0, 48059.0, 48059.0, 48059.0, 48059.0, 48059.0, 48059.0, 48059.0, 48059.0, 48059.0, 48059.0, 48059.0, 48059.0, 48059.0, 48059.0, 48059.0, 48059.0, 48059.0, 48059.0, 48059.0, 48059.0, 48059.0, 48059.0, 48059.0, 48059.0, 48059.0, 48059.0, 48059.0, 48059.0, 48059.0, 48059.0, 48059.0, 48059.0, 48059.0, 48059.0, 48059.0, 48059.0, 48059.0, 48059.0, 48059.0, 48059.0, 48059.0, 48059.0, 48059.0, 48059.0, 48059.0, 48059.0, 48059.0, 48059.0, 48059.0, 48059.0, 48059.0, 48059.0, 48059.0, 48059.0, 48059.0, 48059.0, 48059.0, 48059.0, 48059.0, 48059.0, 48059.0, 48059.0, 48059.0, 48059.0, 48059.0, 48059.0, 53605.0], "objectives": [0.0, 0.0, 0.0, 0.0, 0.0, 13068.0, 14766.0, 14766.0, 22149.0, 22149.0, 22149.0, 14766.0, 14766.0, 14766.0, 29532.0, 22149.0, 22149.0, 29532.0, 29532.0, 29532.0, 29532.0, 29532.0, 29532.0, 29532.0, 29532.0, 22888.0, 22149.0, 29532.0, 29532.0, 36915.0, 29532.0, 29532.0, 29532.0, 29532.0, 29532.0, 36915.0, 36915.0, 29532.0, 36915.0, 36915.0, 36915.0, 36915.0, 36915.0, 44298.0, 36915.0, 36915.0, 36915.0, 44298.0, 36915.0, 44298.0, 44298.0, 44298.0, 44298.0, 36915.0, 44298.0, 44298.0, 44298.0, 44298.0, 44298.0, 44298.0, 44298.0, 37654.0, 51681.0, 44298.0, 51681.0, 51681.0, 58263.0, 63062.0, 68082.0, 82627.0, 70445.0, 70889.0, 134902.0, 70593.0, 77976.0, 63210.0, 68230.0, 70221.0, 44298.0, 70593.0, 170125.0, 36915.0, 122722.0, 51681.0, 78047.0, 44298.0, 85136.0, 51681.0, 85948.0, 51681.0, 146865.0, 98427.0, 143910.0, 53010.0, 59064.0, 167759.0, 141029.0, 179057.0, 64971.0, 80628.0, 73245.0, 70955.0, 145385.0, 57295.0, 111493.0, 105961.0, 68001.0, 58771.0, 60024.0, 122278.0, 54857.0, 149302.0, 51681.0, 150628.0, 61649.0, 60763.0, 53380.0, 84689.0, 82547.0, 53823.0, 86611.0, 67186.0, 95396.0, 59064.0, 59064.0, 86536.0, 59064.0, 59064.0, 109721.0, 59064.0, 59064.0, 82625.0, 59064.0, 83808.0, 89274.0, 93037.0, 86611.0, 60393.0, 59064.0, 80999.0, 66447.0, 66447.0, 66447.0, 100421.0, 92076.0, 87719.0, 91929.0, 98723.0, 87203.0, 95622.0, 90749.0, 94441.0, 95398.0, 69328.0, 102489.0, 85210.0, 82477.0, 88382.0, 91707.0, 93702.0, 106179.0, 96581.0, 101600.0, 98504.0, 97762.0, 95697.0, 89858.0, 103006.0, 85727.0, 102932.0, 101454.0, 87938.0, 119984.0, 106622.0, 117402.0, 97392.0, 97611.0, 138813.0, 101376.0, 129806.0, 108025.0, 123974.0, 108168.0, 112451.0, 133644.0, 130988.0, 126485.0, 66447.0, 66447.0, 66447.0, 134530.0, 100791.0, 145461.0, 73830.0, 66447.0], "run_times": [0.0, 0.1, 0.03, 0.04, 0.05, 0.05, 0.03, 0.03, 0.05, 0.04, 0.03, 0.04, 0.04, 0.04, 0.03, 0.03, 0.04, 0.04, 0.04, 0.04, 0.04, 0.03, 0.04, 0.04, 0.04, 0.04, 2.14, 1.21, 1.22, 1.21, 1.09, 1.29, 1.11, 1.28, 1.24, 1.31, 1.27, 1.09, 1.19, 1.19, 1.28, 1.21, 1.15, 1.37, 1.09, 1.31, 1.43, 1.2, 1.24, 1.42, 1.26, 1.39, 1.2, 1.34, 1.43, 1.29, 1.11, 1.21, 1.09, 1.11, 1.62, 1.15, 1.23, 1.23, 1.65, 1.56, 2.13, 2.83, 1.88, 2.03, 1.64, 2.77, 2.61, 3.99, 3.02, 1.38, 2.67, 1.46, 3.23, 1.85, 0.6, 5.67, 3.45, 3.62, 2.72, 3.03, 3.68, 3.14, 2.61, 2.41, 0.08, 0.13, 11.27, 0.49, 0.12, 0.05, 0.1, 0.27, 0.14, 0.12, 0.07, 0.09, 0.36, 0.61, 0.13, 0.1, 0.75, 0.14, 0.68, 0.05, 0.6, 0.11, 0.44, 0.13, 0.14, 0.35, 0.06, 4.76, 3.75, 2.69, 6.56, 3.31, 3.07, 2.51, 3.47, 2.14, 2.17, 2.26, 2.62, 2.95, 2.56, 2.1, 2.74, 3.75, 2.88, 2.45, 3.51, 3.75, 2.56, 1.74, 2.29, 1.05, 0.06, 1.34, 3.12, 3.93, 2.41, 4.71, 3.17, 3.45, 4.01, 3.05, 3.96, 4.23, 3.17, 4.1, 2.73, 3.4, 1.46, 3.54, 4.2, 3.28, 3.87, 3.39, 4.57, 3.76, 3.69, 5.38, 3.27, 4.67, 5.18, 4.76, 4.65, 4.14, 3.78, 5.02, 4.26, 3.34, 2.7, 4.34, 4.54, 5.31, 5.11, 2.43, 0.08, 0.89, 4.87, 3.58, 4.36, 2.04, 1.62, 0.88, 0.69, 4.87, 6.66], "is_optimal": true}
