{"decisions": {"1 -> 2": 1.0, "1 -> 7": -0.0, "1 -> 4": -0.0, "1 -> 8": -0.0, "1 -> 3": -0.0, "1 -> 10": -0.0, "1 -> 9": -0.0, "1 -> 5": -0.0, "1 -> 6": -0.0, "2 -> 3": 1.0, "2 -> 8": -0.0, "2 -> 4": -0.0, "2 -> 5": -0.0, "2 -> 10": -0.0, "2 -> 1": -0.0, "2 -> 9": -0.0, "2 -> 7": -0.0, "3 -> 4": 1.0, "3 -> 7": -0.0, "3 -> 1": 1.790234627208065e-14, "3 -> 10": -0.0, "3 -> 6": -0.0, "3 -> 5": -0.0, "3 -> 8": -0.0, "3 -> 9": -0.0, "4 -> 5": 1.0000000000000007, "4 -> 7": -0.0, "4 -> 2": -1.1102230246251565e-15, "4 -> 10": -0.0, "4 -> 6": -0.0, "4 -> 9": -0.0, "4 -> 3": -0.0, "4 -> 8": -0.0, "4 -> 1": -0.0, "5 -> 6": 1.0, "5 -> 1": -0.0, "5 -> 4": -0.0, "5 -> 9": -0.0, "5 -> 7": -0.0, "5 -> 3": -0.0, "5 -> 10": -2.0872192862952943e-14, "5 -> 8": -0.0, "6 -> 7": 1.0, "6 -> 5": 1.5543122344752192e-15, "6 -> 10": -0.0, "6 -> 1": -0.0, "6 -> 8": -0.0, "6 -> 9": -0.0, "6 -> 3": -0.0, "6 -> 2": -0.0, "6 -> 4": -0.0, "7 -> 8": 1.0, "7 -> 10": -0.0, "7 -> 2": -0.0, "7 -> 6": -0.0, "7 -> 3": -0.0, "7 -> 4": -0.0, "7 -> 5": -0.0, "7 -> 1": -0.0, "8 -> 9": 1.0, "8 -> 5": -0.0, "8 -> 6": -0.0, "8 -> 7": -0.0, "8 -> 1": -0.0, "8 -> 3": -0.0, "8 -> 2": -0.0, "8 -> 10": -0.0, "9 -> 10": 1.0, "9 -> 6": -0.0, "9 -> 7": -0.0, "9 -> 1": -1.5154544286133387e-14, "9 -> 2": -0.0, "9 -> 8": -0.0, "9 -> 5": -0.0, "10 -> 1": 1.0, "10 -> 4": -0.0, "10 -> 9": -0.0, "10 -> 5": -0.0, "10 -> 7": -0.0, "10 -> 8": 1.7541523789077473e-14, "10 -> 2": -0.0, "10 -> 3": -0.0, "10 -> 6": -0.0}, "decision_costs": {"1 -> 2": 7383.0, "1 -> 7": 6793.0, "1 -> 4": 5612.0, "1 -> 8": 5685.0, "1 -> 3": 2658.0, "1 -> 10": 6940.0, "1 -> 9": 5316.0, "1 -> 5": 2806.0, "1 -> 6": 1034.0, "2 -> 3": 7383.0, "2 -> 8": 1403.0, "2 -> 4": 6940.0, "2 -> 5": 6424.0, "2 -> 10": 5095.0, "2 -> 1": 1329.0, "2 -> 9": 1182.0, "2 -> 7": 4356.0, "3 -> 4": 7383.0, "3 -> 7": 2585.0, "3 -> 1": 813.0, "3 -> 10": 1625.0, "3 -> 6": 6202.0, "3 -> 5": 3397.0, "3 -> 8": 4873.0, "3 -> 9": 2068.0, "4 -> 5": 7383.0, "4 -> 7": 5169.0, "4 -> 2": 739.0, "4 -> 10": 3028.0, "4 -> 6": 3470.0, "4 -> 9": 6645.0, "4 -> 3": 7310.0, "4 -> 8": 5390.0, "4 -> 1": 5169.0, "5 -> 6": 7383.0, "5 -> 1": 6645.0, "5 -> 4": 3840.0, "5 -> 9": 1920.0, "5 -> 7": 4799.0, "5 -> 3": 5685.0, "5 -> 10": 1551.0, "5 -> 8": 3840.0, "6 -> 7": 7383.0, "6 -> 5": 4873.0, "6 -> 10": 3101.0, "6 -> 1": 2511.0, "6 -> 8": 2806.0, "6 -> 9": 5538.0, "6 -> 3": 3397.0, "6 -> 2": 1182.0, "6 -> 4": 4283.0, "7 -> 8": 7383.0, "7 -> 10": 2363.0, "7 -> 2": 2880.0, "7 -> 6": 5316.0, "7 -> 3": 1772.0, "7 -> 4": 6128.0, "7 -> 5": 3692.0, "7 -> 1": 960.0, "8 -> 9": 7383.0, "8 -> 5": 4283.0, "8 -> 6": 1182.0, "8 -> 7": 5464.0, "8 -> 1": 5242.0, "8 -> 3": 6645.0, "8 -> 2": 5169.0, "8 -> 10": 5685.0, "9 -> 10": 7383.0, "9 -> 6": 3766.0, "9 -> 7": 5316.0, "9 -> 1": 960.0, "9 -> 2": 3397.0, "9 -> 8": 5907.0, "9 -> 5": 1108.0, "10 -> 1": 7383.0, "10 -> 4": 2142.0, "10 -> 9": 886.0, "10 -> 5": 2363.0, "10 -> 7": 2215.0, "10 -> 8": 2658.0, "10 -> 2": 4209.0, "10 -> 3": 5390.0, "10 -> 6": 5685.0}, "bounds": [-1e+100, -1e+100, -1e+100, -1e+100, 0.0, 6930.0, 6930.0, 6930.0, 6930.0, 6930.0, 6930.0, 6930.0, 6930.0, 6930.0, 6930.0, 6930.0, 6930.0, 6930.0, 6930.0, 6930.0, 6930.0, 6930.0, 6930.0, 6930.0, 6930.0, 6930.0, 21888.0, 21888.0, 22149.0, 22149.0, 22149.0, 22149.0, 22149.0, 22149.0, 22149.0, 22149.0, 22149.0, 22149.0, 22227.0, 27434.0, 27434.0, 27434.0, 27434.0, 27434.0, 27434.0, 27434.0, 27434.0, 27434.0, 27434.0, 27434.0, 27434.0, 27434.0, 27434.0, 27434.0, 27434.0, 27434.0, 27434.0, 27434.0, 27434.0, 27434.0, 27434.0, 27434.0, 27434.0, 27434.0, 27434.0, 27434.0, 27434.0, 27434.0, 27434.0, 27434.0, 27434.0, 27434.0, 27434.0, 27434.0, 27434.0, 27434.0, 27434.0, 27434.0, 27434.0, 27434.0, 29235.0, 29296.0, 29296.0, 29296.0, 29296.0, 29296.0, 29296.0, 29296.0, 29296.0, 29296.0, 29296.0, 29296.0, 29296.0, 29296.0, 29296.0, 29296.0, 29296.0, 31492.0, 31492.0, 31492.0, 31492.0, 31492.0, 35376.0, 37062.0, 37062.0, 37062.0, 38580.0, 38580.0, 39342.0, 39342.0, 40801.0, 40801.0, 41182.0, 41182.0, 41182.0, 41685.0, 41685.0, 41710.0, 42901.0, 42901.0, 45273.0, 48059.0, 48059.0, 48059.0, 48059.0, 48059.0, 48059.0, 48059.0, 48059.0, 48059.0, 48059.0, 48059.0, 48059.0, 48059.0, 48059.0, 48059.0, 48059.0, 48059.0, 48059.0, 48059.0, 48059.0, 48059.0, 48059.0, 48059.0, 48059.0, 48059.0, 48059.0, 48059.0, 48059.0, 48059.0, 48059.0, 48059.0, 48059.0, 48059.0, 48059.0, 48059.0, 48059.0, 48059.0, 48059.0, 48059.0, 48059.0, 48059.0, 48059.0, 48059.0, 48059.0, 48059.0, 48059.0, 48059.0, 48059.0, 48059.0, 48059.0, 48059.0, 48059.0, 48059.0, 48059.0, 48059.0, 48059.0, 48059.0, 48059.0, 48059.0, 48059.0, 48059.0, 48059.0, 48059.0, 48059.0, 48059.0, 48059.0, 48059.0, 48059.0, 48059.0, 48059.0, 48059.0, 48059.0, 48059.0, 53605.0], "objectives": [0.0, 0.0, 0.0, 0.0, 0.0, 13068.0, 14766.0, 14766.0, 22149.0, 22149.0, 22149.0, 14766.0, 14766.0, 14766.0, 29532.0, 22149.0, 22149.0, 29532.0, 29532.0, 29532.0, 29532.0, 29532.0, 29532.0, 29532.0, 29532.0, 22888.0, 22149.0, 29532.0, 29532.0, 36915.0, 29532.0, 29532.0, 29532.0, 29532.0, 29532.0, 36915.0, 36915.0, 29532.0, 36915.0, 36915.0, 36915.0, 36915.0, 36915.0, 44298.0, 36915.0, 36915.0, 36915.0, 44298.0, 36915.0, 44298.0, 44298.0, 44298.0, 44298.0, 36915.0, 44298.0, 44298.0, 44298.0, 44298.0, 44298.0, 44298.0, 44298.0, 37654.0, 51681.0, 44298.0, 51681.0, 51681.0, 58263.0, 63062.0, 68082.0, 82627.0, 70445.0, 70889.0, 134902.0, 70593.0, 77976.0, 63210.0, 68230.0, 70221.0, 44298.0, 70593.0, 170125.0, 36915.0, 122722.0, 51681.0, 78047.0, 44298.0, 85136.0, 51681.0, 85948.0, 51681.0, 146865.0, 98427.0, 143910.0, 53010.0, 59064.0, 167759.0, 141029.0, 179057.0, 64971.0, 80628.0, 73245.0, 70955.0, 145385.0, 57295.0, 111493.0, 105961.0, 68001.0, 58771.0, 60024.0, 122278.0, 54857.0, 149302.0, 51681.0, 150628.0, 61649.0, 60763.0, 53380.0, 84689.0, 82547.0, 53823.0, 86611.0, 67186.0, 95396.0, 59064.0, 59064.0, 86536.0, 59064.0, 59064.0, 109721.0, 59064.0, 59064.0, 82625.0, 59064.0, 83808.0, 89274.0, 93037.0, 86611.0, 60393.0, 59064.0, 80999.0, 66447.0, 66447.0, 66447.0, 100421.0, 92076.0, 87719.0, 91929.0, 98723.0, 87203.0, 95622.0, 90749.0, 94441.0, 95398.0, 69328.0, 102489.0, 85210.0, 82477.0, 88382.0, 91707.0, 93702.0, 106179.0, 96581.0, 101600.0, 98504.0, 97762.0, 95697.0, 89858.0, 103006.0, 85727.0, 102932.0, 101454.0, 87938.0, 119984.0, 106622.0, 117402.0, 97392.0, 97611.0, 138813.0, 101376.0, 129806.0, 108025.0, 123974.0, 108168.0, 112451.0, 133644.0, 130988.0, 126485.0, 66447.0, 66447.0, 66447.0, 134530.0, 100791.0, 145461.0, 73830.0, 66447.0], "run_times": [0.0, 0.1, 0.04, 0.04, 0.03, 0.03, 0.03, 0.04, 0.04, 0.03, 0.05, 0.05, 0.04, 0.04, 0.03, 0.03, 0.04, 0.04, 0.04, 0.03, 0.04, 0.03, 0.04, 0.04, 0.04, 0.03, 2.15, 1.15, 1.18, 1.28, 1.12, 1.34, 1.07, 1.33, 1.19, 1.45, 1.1, 1.2, 1.35, 1.14, 1.28, 1.26, 1.27, 1.44, 1.24, 1.36, 1.38, 1.34, 1.14, 1.54, 1.39, 1.55, 1.12, 1.32, 1.49, 1.33, 1.28, 1.2, 1.17, 1.46, 1.54, 1.2, 1.31, 1.26, 1.7, 1.61, 2.19, 2.84, 1.96, 1.91, 1.81, 2.7, 2.58, 4.13, 3.04, 1.54, 2.82, 1.63, 3.28, 1.31, 0.71, 5.79, 3.43, 3.73, 2.79, 3.09, 3.78, 3.26, 2.75, 2.24, 0.08, 0.17, 11.46, 0.5, 0.12, 0.05, 0.1, 0.27, 0.13, 0.12, 0.06, 0.09, 0.36, 0.62, 0.15, 0.1, 0.77, 0.14, 0.69, 0.05, 0.62, 0.12, 0.44, 0.14, 0.14, 0.36, 0.06, 4.94, 3.67, 2.68, 6.7, 3.23, 3.28, 2.48, 3.57, 2.08, 2.18, 2.38, 2.77, 3.07, 2.61, 2.2, 2.72, 3.89, 3.04, 2.56, 3.68, 3.66, 2.64, 1.8, 2.57, 0.78, 0.08, 1.35, 3.04, 4.01, 2.48, 4.67, 3.35, 3.6, 4.06, 3.07, 3.98, 4.27, 3.3, 4.14, 2.65, 3.47, 1.56, 3.51, 4.22, 3.45, 3.84, 3.53, 4.61, 3.74, 3.61, 5.6, 3.44, 4.47, 5.14, 5.08, 4.73, 3.9, 3.78, 5.16, 4.21, 3.6, 2.81, 4.38, 4.65, 5.12, 5.36, 2.46, 0.08, 0.83, 4.89, 3.62, 4.44, 2.2, 1.82, 0.62, 0.71, 4.94, 6.64], "is_optimal": true}
