{"decisions": {"1 -> 2": 1.0, "1 -> 7": -0.0, "1 -> 8": -0.0, "1 -> 10": -0.0, "1 -> 6": -0.0, "1 -> 4": -0.0, "1 -> 9": -0.0, "1 -> 3": -0.0, "2 -> 3": 1.0, "2 -> 9": -0.0, "2 -> 7": -0.0, "2 -> 4": -0.0, "2 -> 10": -0.0, "2 -> 5": -0.0, "2 -> 6": -0.0, "2 -> 8": -0.0, "3 -> 4": 1.0, "3 -> 1": -0.0, "3 -> 5": -0.0, "3 -> 10": -0.0, "3 -> 7": -0.0, "3 -> 2": -0.0, "3 -> 9": -0.0, "3 -> 8": -0.0, "3 -> 6": -0.0, "4 -> 5": 1.0000000000000002, "4 -> 7": -0.0, "4 -> 10": -0.0, "4 -> 3": -0.0, "4 -> 6": -0.0, "4 -> 8": -0.0, "4 -> 2": -0.0, "4 -> 9": -0.0, "4 -> 1": -0.0, "5 -> 6": 1.0, "5 -> 4": -0.0, "5 -> 7": -0.0, "5 -> 1": -0.0, "5 -> 8": -0.0, "5 -> 9": -0.0, "5 -> 2": -0.0, "5 -> 3": -0.0, "6 -> 7": 1.0, "6 -> 4": -0.0, "6 -> 2": -0.0, "6 -> 3": -0.0, "6 -> 9": -0.0, "6 -> 1": -0.0, "6 -> 5": -0.0, "6 -> 8": -0.0, "7 -> 8": 1.0, "7 -> 1": -0.0, "7 -> 5": -0.0, "7 -> 6": -0.0, "7 -> 9": -0.0, "7 -> 3": -0.0, "7 -> 2": -0.0, "7 -> 4": -0.0, "7 -> 10": -0.0, "8 -> 9": 1.0000000000000007, "8 -> 7": -0.0, "8 -> 2": -0.0, "8 -> 4": -0.0, "8 -> 5": -0.0, "8 -> 10": -0.0, "8 -> 1": -0.0, "9 -> 10": 1.0, "9 -> 6": -0.0, "9 -> 4": -0.0, "9 -> 2": -0.0, "9 -> 3": -0.0, "9 -> 1": -0.0, "9 -> 5": -0.0, "9 -> 7": -0.0, "10 -> 1": 1.0, "10 -> 6": -0.0, "10 -> 5": -0.0, "10 -> 9": -0.0, "10 -> 8": -0.0, "10 -> 3": -0.0, "10 -> 2": -0.0, "10 -> 4": -0.0, "10 -> 7": -0.0}, "decision_costs": {"1 -> 2": 12618.0, "1 -> 7": 5931.0, "1 -> 8": 8833.0, "1 -> 10": 10094.0, "1 -> 6": 6057.0, "1 -> 4": 12365.0, "1 -> 9": 7949.0, "1 -> 3": 10220.0, "2 -> 3": 12618.0, "2 -> 9": 1767.0, "2 -> 7": 10725.0, "2 -> 4": 4164.0, "2 -> 10": 4921.0, "2 -> 5": 9968.0, "2 -> 6": 7066.0, "2 -> 8": 11356.0, "3 -> 4": 12618.0, "3 -> 1": 6561.0, "3 -> 5": 10347.0, "3 -> 10": 9842.0, "3 -> 7": 6309.0, "3 -> 2": 6561.0, "3 -> 9": 11608.0, "3 -> 8": 6688.0, "3 -> 6": 9463.0, "4 -> 5": 12618.0, "4 -> 7": 10094.0, "4 -> 10": 11104.0, "4 -> 3": 6057.0, "4 -> 6": 2650.0, "4 -> 8": 7823.0, "4 -> 2": 11987.0, "4 -> 9": 2524.0, "4 -> 1": 2776.0, "5 -> 6": 12618.0, "5 -> 4": 3660.0, "5 -> 7": 4669.0, "5 -> 1": 6561.0, "5 -> 8": 2524.0, "5 -> 9": 4795.0, "5 -> 2": 4543.0, "5 -> 3": 12239.0, "6 -> 7": 12618.0, "6 -> 4": 2776.0, "6 -> 2": 2019.0, "6 -> 3": 12113.0, "6 -> 9": 10599.0, "6 -> 1": 5426.0, "6 -> 5": 1262.0, "6 -> 8": 10473.0, "7 -> 8": 12618.0, "7 -> 1": 12492.0, "7 -> 5": 6688.0, "7 -> 6": 5552.0, "7 -> 9": 6435.0, "7 -> 3": 2145.0, "7 -> 2": 8706.0, "7 -> 4": 11230.0, "7 -> 10": 11608.0, "8 -> 9": 12618.0, "8 -> 7": 8076.0, "8 -> 2": 5426.0, "8 -> 4": 10978.0, "8 -> 5": 7949.0, "8 -> 10": 6688.0, "8 -> 1": 6688.0, "9 -> 10": 12618.0, "9 -> 6": 5678.0, "9 -> 4": 2902.0, "9 -> 2": 10220.0, "9 -> 3": 2272.0, "9 -> 1": 8202.0, "9 -> 5": 4921.0, "9 -> 7": 3155.0, "10 -> 1": 12618.0, "10 -> 6": 8454.0, "10 -> 5": 6940.0, "10 -> 9": 12492.0, "10 -> 8": 2145.0, "10 -> 3": 11861.0, "10 -> 2": 9337.0, "10 -> 4": 7066.0, "10 -> 7": 7445.0}, "bounds": [-1e+100, -1e+100, -1e+100, -1e+100, 0.0, 11436.0, 11436.0, 11436.0, 11436.0, 11436.0, 11436.0, 11436.0, 11436.0, 11526.0, 11710.0, 13783.0, 14177.0, 14177.0, 14177.0, 14264.0, 14780.0, 14780.0, 14780.0, 14780.0, 14780.0, 14780.0, 16264.0, 16264.0, 16264.0, 16264.0, 16264.0, 16264.0, 16264.0, 16264.0, 16264.0, 16264.0, 16264.0, 16264.0, 23466.0, 23466.0, 25236.0, 25236.0, 25236.0, 25236.0, 25236.0, 25236.0, 25236.0, 25236.0, 25236.0, 25236.0, 25236.0, 25236.0, 25236.0, 25236.0, 25236.0, 25236.0, 25236.0, 25236.0, 25236.0, 25236.0, 25236.0, 25236.0, 25236.0, 25236.0, 25236.0, 25236.0, 25236.0, 25236.0, 25236.0, 25236.0, 25236.0, 25236.0, 25236.0, 25236.0, 25236.0, 25236.0, 25236.0, 25236.0, 25236.0, 25236.0, 25236.0, 25236.0, 25236.0, 25236.0, 25236.0, 25236.0, 25236.0, 25236.0, 25236.0, 25236.0, 25236.0, 25236.0, 25236.0, 25236.0, 25236.0, 25236.0, 25236.0, 25236.0, 25236.0, 25236.0, 25236.0, 25236.0, 25236.0, 25236.0, 25236.0, 25236.0, 25236.0, 25236.0, 25236.0, 25236.0, 25236.0, 25236.0, 25236.0, 25236.0, 25236.0, 25236.0, 25236.0, 25236.0, 25236.0, 25236.0, 25236.0, 25236.0, 25236.0, 25236.0, 25236.0, 25236.0, 25236.0, 25236.0, 25236.0, 25236.0, 25236.0, 26613.0, 26613.0, 26613.0, 26613.0, 31920.0, 32136.0, 32136.0, 32136.0, 32136.0, 32136.0, 32136.0, 38547.0, 38701.02, 38756.0, 38756.0, 38770.0, 38770.0, 38770.0, 38770.0, 41208.0, 41208.0, 41272.0, 41272.0, 41272.0, 41439.0, 41439.0, 41439.0, 41439.0, 41439.0, 41439.0, 41439.0, 41439.0, 41439.0, 41439.0, 41439.0, 41439.0, 41439.0, 41439.0, 41439.0, 41439.0, 41439.0, 41439.0, 41439.0, 41439.0, 41439.0, 41439.0, 41439.0, 41439.0, 41439.0, 41439.0, 41439.0, 41439.0, 41439.0, 41439.0, 41439.0, 41439.0, 41439.0, 41439.0, 41439.0, 41439.0, 41439.0, 41439.0, 41439.0, 41439.0, 41439.0, 41439.0, 41439.0, 41439.0, 41439.0, 41439.0, 41439.0, 41439.0, 41439.0, 41439.0, 41439.0, 41439.0, 41439.0, 41439.0, 41439.0, 41439.0, 41439.0, 41439.0, 41439.0, 41439.0, 41439.0, 41439.0, 41439.0, 41439.0, 41439.0, 41439.0, 41439.0, 41439.0, 41439.0, 41439.0, 41439.0, 41439.0, 41439.0, 41439.0, 41439.0, 41439.0, 41439.0, 41439.0, 41439.0, 41439.0, 41439.0, 41439.0, 41439.0, 41439.0, 41439.0, 41439.0, 41439.0, 41439.0, 41439.0, 41439.0, 41439.0, 41439.0, 41439.0, 41439.0, 41439.0, 41439.0, 41439.0, 41439.0, 41439.0, 41439.0, 41439.0, 41439.0, 41439.0, 41439.0, 41439.0, 41439.0, 41439.0, 41439.0, 41439.0, 41439.0, 41439.0, 41439.0, 41439.0, 41439.0, 41439.0, 41439.0, 41439.0, 41439.0, 41439.0, 41439.0, 41439.0, 41439.0, 41439.0, 41439.0, 41439.0, 41439.0, 41439.0, 41439.0, 41439.0, 41439.0, 41439.0, 41439.0, 41439.0, 41439.0, 41439.0, 41439.0, 41439.0, 41892.0, 41892.0, 41892.0, 41892.0, 41892.0, 41892.0, 41892.0, 41892.0, 41892.0, 41892.0, 41892.0, 41892.0, 41892.0, 41892.0, 41892.0, 41892.0, 41892.0, 41892.0, 41892.0, 41892.0, 41892.0, 41892.0, 41892.0, 41892.0, 41892.0, 41892.0, 41892.0, 41892.0, 41892.0, 41892.0, 41892.0, 41892.0, 41892.0, 41892.0, 41892.0, 41892.0, 41892.0, 41892.0, 41892.0, 41892.0, 41892.0, 41892.0, 41892.0, 41892.0, 41892.0, 41892.0, 41892.0, 41892.0, 41892.0, 41892.0, 41892.0, 41892.0, 41892.0, 41892.0, 41892.0, 54442.0, 54442.0, 54442.0, 54442.0, 54442.0, 54442.0, 54442.0, 54442.0, 54442.0, 54442.0, 54442.0, 54442.0, 54442.0, 54442.0, 54442.0, 54442.0, 54442.0, 54442.0, 54442.0, 54442.0, 54442.0, 54442.0, 54442.0, 54442.0, 54442.0, 54442.0, 54442.0, 54442.0, 54442.0, 54442.0, 54442.0, 54442.0, 54442.0, 54442.0, 63090.0, 63090.0, 63090.0, 63090.0, 63090.0, 72625.0, 75708.0, 75708.0, 75708.0, 75708.0, 75708.0, 75708.0, 75708.0, 75708.0, 75708.0, 75708.0, 75708.0, 75708.0, 75708.0, 75708.0, 75708.0, 75708.0, 75708.0, 75708.0, 75708.0, 75708.0, 75708.0, 75708.0, 75708.0, 75708.0, 75708.0, 81101.0, 81101.0, 81101.0, 81101.0, 81101.0, 81101.0, 81636.0, 86512.02, 86512.02],