{"decisions": {"1 -> 2": 1.0, "1 -> 7": -0.0, "1 -> 8": -0.0, "1 -> 10": -0.0, "1 -> 6": -0.0, "1 -> 4": -0.0, "1 -> 9": -0.0, "1 -> 3": -0.0, "2 -> 3": 1.0, "2 -> 9": -0.0, "2 -> 7": -0.0, "2 -> 4": -0.0, "2 -> 10": -0.0, "2 -> 5": -0.0, "2 -> 6": -0.0, "2 -> 8": -0.0, "3 -> 4": 0.9999999999999999, "3 -> 1": -0.0, "3 -> 5": -0.0, "3 -> 10": -0.0, "3 -> 7": -0.0, "3 -> 2": -0.0, "3 -> 9": -0.0, "3 -> 8": -0.0, "3 -> 6": -0.0, "4 -> 5": 1.0, "4 -> 7": -0.0, "4 -> 10": -0.0, "4 -> 3": -0.0, "4 -> 6": -0.0, "4 -> 8": -0.0, "4 -> 2": -0.0, "4 -> 9": -0.0, "4 -> 1": -0.0, "5 -> 6": 1.0, "5 -> 4": -0.0, "5 -> 7": -0.0, "5 -> 1": -0.0, "5 -> 8": -0.0, "5 -> 9": -0.0, "5 -> 2": -0.0, "5 -> 3": -0.0, "6 -> 7": 1.0, "6 -> 4": -0.0, "6 -> 2": -0.0, "6 -> 3": -0.0, "6 -> 9": -0.0, "6 -> 1": -0.0, "6 -> 5": 2.220446049250313e-15, "6 -> 8": -0.0, "7 -> 8": 1.0, "7 -> 1": -0.0, "7 -> 5": -0.0, "7 -> 6": -0.0, "7 -> 9": -0.0, "7 -> 3": -0.0, "7 -> 2": -0.0, "7 -> 4": -0.0, "7 -> 10": -0.0, "8 -> 9": 1.0, "8 -> 7": -0.0, "8 -> 2": -0.0, "8 -> 4": -0.0, "8 -> 5": -0.0, "8 -> 10": -0.0, "8 -> 1": -0.0, "9 -> 10": 1.0, "9 -> 6": -0.0, "9 -> 4": -0.0, "9 -> 2": -0.0, "9 -> 3": -0.0, "9 -> 1": -0.0, "9 -> 5": -0.0, "9 -> 7": -0.0, "10 -> 1": 1.0, "10 -> 6": -0.0, "10 -> 5": -0.0, "10 -> 9": -0.0, "10 -> 8": -0.0, "10 -> 3": -0.0, "10 -> 2": -0.0, "10 -> 4": -0.0, "10 -> 7": -0.0}, "decision_costs": {"1 -> 2": 25235.0, "1 -> 7": 11861.0, "1 -> 8": 17665.0, "1 -> 10": 20188.0, "1 -> 6": 12113.0, "1 -> 4": 24730.0, "1 -> 9": 15898.0, "1 -> 3": 20440.0, "2 -> 3": 25235.0, "2 -> 9": 3533.0, "2 -> 7": 21450.0, "2 -> 4": 8328.0, "2 -> 10": 9842.0, "2 -> 5": 19936.0, "2 -> 6": 14132.0, "2 -> 8": 22712.0, "3 -> 4": 25235.0, "3 -> 1": 13122.0, "3 -> 5": 20693.0, "3 -> 10": 19683.0, "3 -> 7": 12618.0, "3 -> 2": 13122.0, "3 -> 9": 23216.0, "3 -> 8": 13375.0, "3 -> 6": 18926.0, "4 -> 5": 25235.0, "4 -> 7": 20188.0, "4 -> 10": 22207.0, "4 -> 3": 12113.0, "4 -> 6": 5300.0, "4 -> 8": 15646.0, "4 -> 2": 23973.0, "4 -> 9": 5047.0, "4 -> 1": 5552.0, "5 -> 6": 25235.0, "5 -> 4": 7319.0, "5 -> 7": 9337.0, "5 -> 1": 13122.0, "5 -> 8": 5047.0, "5 -> 9": 9590.0, "5 -> 2": 9085.0, "5 -> 3": 24478.0, "6 -> 7": 25235.0, "6 -> 4": 5552.0, "6 -> 2": 4038.0, "6 -> 3": 24226.0, "6 -> 9": 21198.0, "6 -> 1": 10851.0, "6 -> 5": 2524.0, "6 -> 8": 20945.0, "7 -> 8": 25235.0, "7 -> 1": 24983.0, "7 -> 5": 13375.0, "7 -> 6": 11104.0, "7 -> 9": 12870.0, "7 -> 3": 4290.0, "7 -> 2": 17412.0, "7 -> 4": 22459.0, "7 -> 10": 23216.0, "8 -> 9": 25235.0, "8 -> 7": 16151.0, "8 -> 2": 10851.0, "8 -> 4": 21955.0, "8 -> 5": 15898.0, "8 -> 10": 13375.0, "8 -> 1": 13375.0, "9 -> 10": 25235.0, "9 -> 6": 11356.0, "9 -> 4": 5804.0, "9 -> 2": 20440.0, "9 -> 3": 4543.0, "9 -> 1": 16403.0, "9 -> 5": 9842.0, "9 -> 7": 6309.0, "10 -> 1": 25235.0, "10 -> 6": 16908.0, "10 -> 5": 13880.0, "10 -> 9": 24983.0, "10 -> 8": 4290.0, "10 -> 3": 23721.0, "10 -> 2": 18674.0, "10 -> 4": 14132.0, "10 -> 7": 14889.0}, "bounds": [-1e+100, -1e+100, -1e+100, -1e+100, 0.0, 22870.0, 22870.0, 22870.0, 22870.0, 22870.0, 22870.0, 22870.0, 22870.0, 23607.0, 25235.0, 29979.0, 29979.0, 29979.0, 33035.0, 33035.0, 33035.0, 33035.0, 33035.0, 35110.0, 35110.0, 35110.0, 35110.0, 35110.0, 35110.0, 35110.0, 35110.0, 42059.0, 42059.0, 42059.0, 42059.0, 42059.0, 42059.0, 42059.0, 49569.0, 49569.0, 49569.0, 49569.0, 49569.0, 49569.0, 49600.0, 49600.0, 49600.0, 49600.0, 50470.0, 56004.0, 56004.0, 56004.0, 56004.0, 56031.0, 56031.0, 56031.0, 56031.0, 56031.0, 56031.0, 56031.0, 56031.0, 56031.0, 56031.0, 56719.0, 56719.0, 56719.0, 58100.0, 58100.0, 58100.0, 58100.0, 58100.0, 58100.0, 58100.0, 58100.0, 58100.0, 58100.0, 58100.0, 58100.0, 58100.0, 58100.0, 58100.0, 58100.0, 58100.0, 58100.0, 58100.0, 58100.0, 58100.0, 58100.0, 58100.0, 58100.0, 58100.0, 58100.0, 58100.0, 58100.0, 58100.0, 58100.0, 58100.0, 58100.0, 58100.0, 58100.0, 58100.0, 58100.0, 58100.0, 58100.0, 58100.0, 58100.0, 58100.0, 58100.0, 58100.0, 58100.0, 58100.0, 58100.0, 58100.0, 58100.0, 58100.0, 58100.0, 58100.0, 58100.0, 58100.0, 58100.0, 58100.0, 58100.0, 58100.0, 58100.0, 58100.0, 58100.0, 58100.0, 58100.0, 58100.0, 58100.0, 58100.0, 58100.0, 58100.0, 58100.0, 58100.0, 58100.0, 58100.0, 58100.0, 58100.0, 58100.0, 58100.0, 58100.0, 58100.0, 58100.0, 58100.0, 58100.0, 58100.0, 58100.0, 58100.0, 58100.0, 58100.0, 61241.04, 61241.04, 61241.04, 61241.04, 61241.04, 61241.04, 61241.04, 61241.04, 61241.04, 61241.04, 61241.04, 61241.04, 61241.04, 61241.04, 61241.04, 61241.04, 61241.04, 61241.04, 61241.04, 61241.04, 61241.04, 61241.04, 61241.04, 61241.04, 61241.04, 61241.04, 61241.04, 61241.04, 61241.04, 61241.04, 61241.04, 61241.04, 61241.04, 61241.04, 61241.04, 61241.04, 61241.04, 61241.04, 61241.04, 61241.04, 61241.04, 61241.04, 61241.04, 61241.04, 61241.04, 61241.04, 61241.04, 61241.04, 61241.04, 61241.04, 61241.04, 61241.04, 61241.04, 61241.04, 61241.04, 61241.04, 64437.0, 64437.0, 64437.0, 64437.0, 79590.0, 79590.0, 79590.0, 79590.0, 79590.0, 79590.0, 81034.0, 81034.0, 81034.0, 81034.0, 81034.0, 81034.0, 83215.0, 83215.0, 83215.0, 83215.0, 83215.0, 83215.0, 83552.01, 84748.0, 84748.0, 84748.0, 84882.0, 84882.0, 84882.0, 93955.0, 94388.0, 94428.0, 94492.0, 106293.0, 106293.0, 107643.05, 107643.05, 107643.05, 107643.05, 107643.05, 116081.0, 116081.0, 116081.0, 118965.0, 118965.0, 118965.0, 118965.0, 118965.0, 118965.0, 118965.0, 118965.0, 118965.0, 118965.0, 118965.0, 118965.0, 118965.0, 118965.0, 118965.0, 118965.0, 119166.0, 119166.0, 119166.0, 119166.0, 119166.0, 119166.0, 119166.0, 119166.0, 119166.0, 119166.0, 119166.0, 119166.0, 119166.0, 119166.0, 119166.0, 119166.0, 119166.0, 119166.0, 119166.0, 119166.0, 119166.0, 119166.0, 119166.0, 119166.0, 119166.0, 119166.0, 119166.0, 119166.0, 119166.0, 119166.0, 119166.0, 119166.0, 119166.0, 119166.0, 119166.0, 119166.0, 119166.0, 119166.0, 119166.0, 119166.0, 119166.0, 119166.0, 119166.0, 119166.0, 119166.0, 119166.0, 119166.0, 119166.0, 119166.0, 119166.0, 119166.0, 119166.0, 119166.0, 119166.0, 119166.0, 119166.0, 119166.0, 119166.0, 119166.0, 119166.0, 119166.0, 119166.0, 119166.0, 119166.0, 119166.0, 119166.0, 119166.0, 119166.0, 119166.0, 119166.0, 119166.0, 119166.0, 119166.0, 119166.0, 119166.0, 119166.0, 119166.0, 119166.0, 119166.0, 119166.0, 119166.0, 119166.0, 119166.0, 119166.0, 119166.0, 119166.0, 119166.0, 119166.0, 119166.0, 119166.0, 119166.0, 119166.0, 119166.0, 119166.0, 119166.0, 119166.0, 119166.0, 119166.0, 119166.0, 119166.0, 119166.0, 119166.0, 119166.0, 119166.0, 119166.0, 119166.0, 119166.0, 119166.0, 119166.0, 119166.0, 119166.0, 119166.0, 119166.0, 119166.0, 119166.0, 124493.0, 124493.0, 124493.0, 124493.0, 124493.0, 124493.0, 124493.0, 124493.0, 124493.0, 124493.0, 124493.0, 124493.0, 124493.0, 124493.0, 124493.0, 124493.0, 124493.0, 124493.0, 124493.0, 124493.0, 124493.0, 124493.0, 124493.0, 124493.0, 124493.0, 124493.0, 124493.0, 124493.0, 124493.0, 124493.0, 137531.0, 137531.0, 137531.0, 137531.0, 137531.0, 137531.0, 137531.0, 137531.0, 137531.0, 137531.0, 137531.0, 137531.0, 137531.0, 137531.0, 137531.0, 137531.0, 137531.0, 137531.0, 137531.0, 137531.0, 137531.0, 148022.0, 148022.0, 148022.0, 148022.0, 148022.0, 148022.0, 148022.0, 148022.0, 148022.0, 148022.0, 148022.0, 148022.0],