{"decisions": {"1 -> 2": 1.0, "1 -> 19": -0.0, "1 -> 17": -0.0, "1 -> 7": -0.0, "1 -> 18": -0.0, "1 -> 4": -0.0, "1 -> 15": -0.0, "1 -> 20": -0.0, "1 -> 8": -0.0, "1 -> 3": -0.0, "1 -> 11": -0.0, "1 -> 10": -0.0, "2 -> 3": 1.0, "2 -> 10": -0.0, "2 -> 6": -0.0, "2 -> 9": -0.0, "2 -> 7": -0.0, "2 -> 1": -0.0, "2 -> 17": -0.0, "3 -> 4": 0.9999999999999994, "3 -> 9": -0.0, "3 -> 14": -0.0, "3 -> 18": -0.0, "3 -> 11": -0.0, "4 -> 5": 1.0, "4 -> 10": -0.0, "4 -> 2": -0.0, "4 -> 18": -0.0, "4 -> 15": -0.0, "4 -> 11": -0.0, "5 -> 6": 1.0, "5 -> 9": -0.0, "5 -> 13": -2.67841304690819e-15, "5 -> 3": -0.0, "5 -> 16": -1.1657341758564144e-15, "6 -> 7": 1.0, "6 -> 13": -0.0, "6 -> 11": -0.0, "6 -> 8": -0.0, "6 -> 14": -0.0, "6 -> 15": -6.494804694057166e-15, "7 -> 8": 1.0, "7 -> 3": -0.0, "7 -> 13": 0.0, "7 -> 19": -0.0, "7 -> 9": -0.0, "7 -> 18": -0.0, "8 -> 9": 1.0, "8 -> 5": -0.0, "8 -> 7": -0.0, "8 -> 6": -0.0, "8 -> 10": -0.0, "8 -> 17": -0.0, "9 -> 10": 1.0, "9 -> 6": -0.0, "9 -> 4": -0.0, "9 -> 16": -0.0, "9 -> 17": -0.0, "9 -> 8": 0.0, "9 -> 13": -0.0, "10 -> 11": 0.9999999999999999, "10 -> 16": -0.0, "10 -> 12": -0.0, "11 -> 12": 1.0000000000000004, "11 -> 20": -0.0, "11 -> 15": -0.0, "11 -> 7": 0.0, "12 -> 13": 1.0000000000000009, "12 -> 15": -0.0, "12 -> 20": -0.0, "12 -> 18": -0.0, "12 -> 10": -0.0, "12 -> 17": -0.0, "12 -> 3": -0.0, "12 -> 4": -0.0, "13 -> 14": 1.0, "13 -> 19": -0.0, "13 -> 16": -0.0, "13 -> 20": -0.0, "14 -> 15": 1.0, "14 -> 10": -0.0, "14 -> 5": 2.7755575615628914e-16, "14 -> 4": -0.0, "14 -> 20": -0.0, "14 -> 16": -0.0, "14 -> 3": 0.0, "15 -> 16": 1.0000000000000002, "15 -> 17": -0.0, "15 -> 14": -0.0, "15 -> 12": -6.938893903907228e-17, "15 -> 2": -0.0, "15 -> 4": -0.0, "16 -> 17": 1.0, "16 -> 5": -0.0, "16 -> 9": -0.0, "16 -> 6": -0.0, "16 -> 11": -0.0, "16 -> 19": -0.0, "16 -> 1": -0.0, "16 -> 7": -0.0, "16 -> 14": -0.0, "17 -> 18": 1.0, "17 -> 5": -0.0, "17 -> 14": -0.0, "17 -> 12": 0.0, "18 -> 19": 1.0, "18 -> 4": -0.0, "18 -> 7": -0.0, "18 -> 1": -0.0, "18 -> 20": -0.0, "19 -> 20": 0.9999999999999999, "19 -> 12": 3.568326190084292e-15, "19 -> 1": -0.0, "19 -> 16": -0.0, "19 -> 5": -0.0, "20 -> 1": 1.0, "20 -> 19": -0.0, "20 -> 18": -0.0, "20 -> 11": -0.0, "20 -> 6": 0.0}, "decision_costs": {"1 -> 2": 2053.0, "1 -> 19": 862.0, "1 -> 17": 1560.0, "1 -> 7": 1068.0, "1 -> 18": 1806.0, "1 -> 4": 247.0, "1 -> 15": 1847.0, "1 -> 20": 1416.0, "1 -> 8": 1293.0, "1 -> 3": 431.0, "1 -> 11": 944.0, "1 -> 10": 1930.0, "2 -> 3": 2053.0, "2 -> 10": 2032.0, "2 -> 6": 1704.0, "2 -> 9": 1806.0, "2 -> 7": 1950.0, "2 -> 1": 1293.0, "2 -> 17": 1991.0, "3 -> 4": 2053.0, "3 -> 9": 2032.0, "3 -> 14": 924.0, "3 -> 18": 1334.0, "3 -> 11": 370.0, "4 -> 5": 2053.0, "4 -> 10": 1991.0, "4 -> 2": 1642.0, "4 -> 18": 1068.0, "4 -> 15": 1355.0, "4 -> 11": 657.0, "5 -> 6": 2053.0, "5 -> 9": 329.0, "5 -> 13": 1006.0, "5 -> 3": 883.0, "5 -> 16": 247.0, "6 -> 7": 2053.0, "6 -> 13": 678.0, "6 -> 11": 1724.0, "6 -> 8": 637.0, "6 -> 14": 267.0, "6 -> 15": 247.0, "7 -> 8": 2053.0, "7 -> 3": 1683.0, "7 -> 13": 1991.0, "7 -> 19": 1088.0, "7 -> 9": 986.0, "7 -> 18": 596.0, "8 -> 9": 2053.0, "8 -> 5": 1499.0, "8 -> 7": 1416.0, "8 -> 6": 1478.0, "8 -> 10": 1745.0, "8 -> 17": 1847.0, "9 -> 10": 2053.0, "9 -> 6": 1416.0, "9 -> 4": 1355.0, "9 -> 16": 1191.0, "9 -> 17": 349.0, "9 -> 8": 1909.0, "9 -> 13": 1334.0, "10 -> 11": 2053.0, "10 -> 16": 1745.0, "10 -> 12": 1088.0, "11 -> 12": 2053.0, "11 -> 20": 1293.0, "11 -> 15": 1499.0, "11 -> 7": 1150.0, "12 -> 13": 2053.0, "12 -> 15": 267.0, "12 -> 20": 308.0, "12 -> 18": 1581.0, "12 -> 10": 1642.0, "12 -> 17": 1745.0, "12 -> 3": 842.0, "12 -> 4": 329.0, "13 -> 14": 2053.0, "13 -> 19": 1724.0, "13 -> 16": 1930.0, "13 -> 20": 637.0, "14 -> 15": 2053.0, "14 -> 10": 780.0, "14 -> 5": 390.0, "14 -> 4": 1642.0, "14 -> 20": 1478.0, "14 -> 16": 1170.0, "14 -> 3": 370.0, "15 -> 16": 2053.0, "15 -> 17": 596.0, "15 -> 14": 1765.0, "15 -> 12": 329.0, "15 -> 2": 1868.0, "15 -> 4": 1355.0, "16 -> 17": 2053.0, "16 -> 5": 1170.0, "16 -> 9": 1191.0, "16 -> 6": 1170.0, "16 -> 11": 1150.0, "16 -> 19": 1868.0, "16 -> 1": 1088.0, "16 -> 7": 1868.0, "16 -> 14": 1109.0, "17 -> 18": 2053.0, "17 -> 5": 1170.0, "17 -> 14": 1971.0, "17 -> 12": 329.0, "18 -> 19": 2053.0, "18 -> 4": 1252.0, "18 -> 7": 616.0, "18 -> 1": 555.0, "18 -> 20": 1868.0, "19 -> 20": 2053.0, "19 -> 12": 719.0, "19 -> 1": 986.0, "19 -> 16": 1047.0, "19 -> 5": 862.0, "20 -> 1": 2053.0, "20 -> 19": 1601.0, "20 -> 18": 1458.0, "20 -> 11": 1827.0, "20 -> 6": 719.0}, "bounds": [-1e+100, -1e+100, -1e+100, -1e+100, 0.0, 2083.0, 2083.0, 2083.0, 2083.0, 2083.0, 2083.0, 2083.0, 2083.0, 2083.0, 2083.0, 2820.0, 2820.0, 2820.0, 2820.0, 2820.0, 2820.0, 2820.0, 2820.0, 2820.0, 2820.0, 2820.0, 2820.0, 2820.0, 2820.0, 2820.0, 2820.0, 2820.0, 2820.0, 2820.0, 2820.0, 2865.0, 2865.0, 2865.0, 2865.0, 2865.0, 2865.0, 2865.0, 2865.0, 2865.0, 2865.0, 2865.0, 2865.0, 2865.0, 2865.0, 2865.0, 2865.0, 2865.0, 2865.0, 2865.0, 2865.0, 2865.0, 4878.0, 4878.0, 4878.0, 4878.0, 6987.0, 6992.0, 7007.0, 7095.0, 7204.0, 7204.0, 7204.0, 7204.0, 7204.0, 7204.0, 7204.0, 7204.0, 7204.0, 7204.0, 7204.0, 7204.0, 7204.0, 7204.0, 7204.0, 7204.0, 7204.0, 7204.0, 7204.0, 7204.0, 7204.0, 7204.0, 7204.0, 7204.0, 7204.0, 7204.0, 7204.0, 7204.0, 7204.0, 7204.0, 7204.0, 7204.0, 7204.0, 7204.0, 7204.0, 7204.0, 7204.0, 7204.0, 7204.0, 7204.0, 7204.0, 7204.0, 7204.0, 7204.0, 7204.0, 7204.0, 7204.0, 7204.0, 7204.0, 7204.0, 7204.0, 7204.0, 7204.0, 7204.0, 7204.0, 7204.0, 7204.0, 7204.0, 7204.0, 7204.0, 7204.0, 7204.0, 7204.0, 7204.0, 7204.0, 7204.0, 7204.0, 7204.0, 7204.0, 7204.0, 7204.0, 7204.0, 7204.0, 7204.0, 7204.0, 7204.0, 7204.0, 7204.0, 7204.0, 7204.0, 7204.0, 7204.0, 7204.0, 7204.0, 7204.0, 7204.0, 7204.0, 7204.0, 7204.0, 7204.0, 7204.0, 7204.0, 7204.0, 7204.0, 7204.0, 7204.0, 7204.0, 7204.0, 7204.0, 7204.0, 7204.0, 7204.0, 7204.0, 7204.0, 7204.0, 7204.0, 7204.0, 7204.0, 7204.0, 7204.0, 7204.0, 7204.0, 7204.0, 7204.0, 7204.0, 7204.0, 7204.0, 7204.0, 7204.0, 7204.0, 7204.0, 7204.0, 7204.0, 7204.0, 7204.0, 7204.0, 7204.0, 7204.0, 7204.0, 7204.0, 7204.0, 7204.0, 7204.0, 7204.0, 7204.0, 7204.0, 7204.0, 7204.0, 7204.0, 7204.0, 7204.0, 7204.0, 7204.0, 7204.0, 7204.0, 7204.0, 7204.0, 7204.0, 7204.0, 7204.0, 7204.0, 7204.0, 7204.0, 7204.0, 7204.0, 7204.0, 7204.0, 7204.0, 7204.0, 7204.0, 7204.0, 7204.0, 7204.0, 7204.0, 7204.0, 7204.0, 7204.0, 7204.0, 7204.0, 7204.0, 7204.0, 7204.0, 7204.0, 7204.0, 7204.0, 7204.0, 7204.0, 7204.0, 7204.0, 7204.0, 7204.0, 7204.0, 7204.0, 7204.0, 7204.0, 7204.0, 7204.0, 7204.0, 7204.0, 7204.0, 7204.0, 7204.0, 7204.0, 7204.0, 7204.0, 7204.0, 7204.0, 7204.0, 7204.0, 7204.0, 7204.0, 7204.0, 7204.0, 7204.0, 7204.0, 7204.0, 7204.0, 7204.0, 7204.0, 7204.0, 7204.0, 7204.0, 7204.0, 7414.0, 7414.0, 7414.0, 7414.0, 7414.0, 7414.0, 7414.0, 7414.0, 7414.0, 7414.0, 7414.0, 7414.0, 7414.0, 7414.0, 7414.0, 7414.0, 7414.0, 7414.0, 7414.0, 7414.0, 7414.0, 7414.0, 7414.0, 7414.0, 7414.0, 7414.0, 7414.0, 7414.0, 7414.0, 7414.0, 7414.0, 7414.0, 7414.0, 7414.0, 7414.0, 7414.0, 7414.0, 7414.0, 7414.0, 7414.0, 7414.0, 7414.0, 7414.0, 7414.0, 7414.0, 7414.0, 7414.0, 7414.0, 7414.0, 7414.0, 7414.0, 7414.0, 7414.0, 7414.0, 7414.0, 7414.0, 7414.0, 7414.0, 7414.0, 7414.0, 7414.0, 7414.0, 7414.0, 7414.0, 7414.0, 7414.0, 7414.0, 7414.0, 7414.0, 7414.0, 7414.0, 7414.0, 7414.0, 7414.0, 7414.0, 7414.0, 7414.0, 7414.0, 7414.0, 7414.0, 7414.0, 7414.0, 7414.0, 7414.0, 7414.0, 7414.0, 7414.0, 7414.0, 8209.0, 8209.0, 8209.0, 8352.0, 25030.0],